"Symbol: ZQF22",,,,,,"Study: VOL (LikeMain)",
"Date Time","Open","High","Low","Close","Change","Volume","Open Interest"
2019-01-31,97.905,97.905,97.905,97.905,0,,
2019-02-01,97.84,97.84,97.84,97.84,-0.06499999999999773,,
2019-02-04,97.805,97.805,97.805,97.805,-0.03499999999999659,,
2019-02-05,97.815,97.815,97.815,97.815,0.009999999999990905,,
2019-02-06,97.825,97.825,97.825,97.825,0.010000000000005116,,
2019-02-07,97.875,97.875,97.875,97.875,0.04999999999999716,,
2019-02-08,97.9,97.9,97.9,97.9,0.025000000000005684,,
2019-02-11,97.865,97.865,97.865,97.865,-0.0350000000000108,,
2019-02-12,97.845,97.845,97.845,97.845,-0.01999999999999602,,
2019-02-13,97.795,97.795,97.795,97.795,-0.04999999999999716,,
2019-02-14,97.84,97.84,97.84,97.84,0.045000000000001705,,
2019-02-15,97.825,97.825,97.825,97.825,-0.015000000000000568,,
2019-02-19,97.83,97.83,97.83,97.83,0.0049999999999954525,,
2019-02-20,97.83,97.83,97.83,97.83,0,,
2019-02-21,97.81,97.81,97.81,97.81,-0.01999999999999602,,
2019-02-22,97.86,97.86,97.86,97.86,0.04999999999999716,,
2019-02-25,97.85,97.85,97.85,97.85,-0.010000000000005116,,
2019-02-26,97.885,97.885,97.885,97.885,0.0350000000000108,,
2019-02-27,97.86,97.86,97.86,97.86,-0.025000000000005684,,
2019-02-28,97.825,97.825,97.825,97.825,-0.03499999999999659,,
2019-03-01,97.755,97.755,97.755,97.755,-0.07000000000000739,,
2019-03-04,97.77,97.77,97.77,97.77,0.015000000000000568,,
2019-03-05,97.745,97.745,97.745,97.745,-0.024999999999991473,,
2019-03-06,97.775,97.775,97.775,97.775,0.030000000000001137,,
2019-03-07,97.85,97.85,97.85,97.85,0.07499999999998863,,
2019-03-08,97.86,97.86,97.86,97.86,0.010000000000005116,,
2019-03-11,97.845,97.845,97.845,97.845,-0.015000000000000568,,
2019-03-12,97.885,97.885,97.885,97.885,0.04000000000000625,,
2019-03-13,97.89,97.89,97.89,97.89,0.0049999999999954525,,
2019-03-14,97.885,97.885,97.885,97.885,-0.0049999999999954525,,
2019-03-15,97.92,97.92,97.92,97.92,0.03499999999999659,,
2019-03-18,97.91,97.91,97.91,97.91,-0.010000000000005116,,
2019-03-19,97.905,97.905,97.905,97.905,-0.0049999999999954525,,
2019-03-20,98,98,98,98,0.09499999999999886,,
2019-03-21,98.005,98.005,98.005,98.005,0.0049999999999954525,,
2019-03-22,98.135,98.135,98.135,98.135,0.13000000000000966,,
2019-03-25,98.245,98.245,98.245,98.245,0.10999999999999943,,
2019-03-26,98.225,98.225,98.225,98.225,-0.020000000000010232,,
2019-03-27,98.27,98.27,98.27,98.27,0.045000000000001705,,
2019-03-28,98.23,98.23,98.23,98.23,-0.03999999999999204,,
2019-03-29,98.14,98.14,98.14,98.14,-0.09000000000000341,,
2019-04-01,98.065,98.065,98.065,98.065,-0.07500000000000284,,
2019-04-02,98.085,98.085,98.085,98.085,0.01999999999999602,,
2019-04-03,98.06,98.06,98.06,98.06,-0.024999999999991473,,
2019-04-04,98.055,98.055,98.055,98.055,-0.0049999999999954525,,
2019-04-05,98.05,98.05,98.05,98.05,-0.005000000000009663,,
2019-04-08,98.035,98.035,98.035,98.035,-0.015000000000000568,,
2019-04-09,98.06,98.06,98.06,98.06,0.025000000000005684,,
2019-04-10,98.08,98.08,98.08,98.08,0.01999999999999602,,
2019-04-11,98.045,98.045,98.045,98.045,-0.03499999999999659,,
2019-04-12,97.98,97.98,97.98,97.98,-0.06499999999999773,,
2019-04-15,97.975,97.975,97.975,97.975,-0.005000000000009663,,
2019-04-16,97.95,97.95,97.95,97.95,-0.024999999999991473,,
2019-04-17,97.965,97.965,97.965,97.965,0.015000000000000568,,
2019-04-18,97.985,97.985,97.985,97.985,0.01999999999999602,,
2019-04-22,97.985,97.985,97.985,97.985,0,,
2019-04-23,98.01,98.01,98.01,98.01,0.025000000000005684,,
2019-04-24,98.06,98.06,98.06,98.06,0.04999999999999716,,
2019-04-25,98.045,98.045,98.045,98.045,-0.015000000000000568,,
2019-04-26,98.095,98.095,98.095,98.095,0.04999999999999716,,
2019-04-29,98.08,98.08,98.08,98.08,-0.015000000000000568,,
2019-04-30,98.105,98.105,98.105,98.105,0.025000000000005684,,
2019-05-01,98.065,98.065,98.065,98.065,-0.04000000000000625,,
2019-05-02,98,98,98,98,-0.06499999999999773,,
2019-05-03,98.005,98.005,98.005,98.005,0.0049999999999954525,,
2019-05-06,98.045,98.045,98.045,98.045,0.04000000000000625,,
2019-05-07,98.1,98.1,98.1,98.1,0.05499999999999261,,
2019-05-08,98.075,98.075,98.075,98.075,-0.024999999999991473,,
2019-05-09,98.105,98.105,98.105,98.105,0.030000000000001137,,
2019-05-10,98.12,98.12,98.12,98.12,0.015000000000000568,,
2019-05-13,98.2,98.2,98.2,98.2,0.0799999999999983,,
2019-05-14,98.19,98.19,98.19,98.19,-0.010000000000005116,,
2019-05-15,98.245,98.245,98.245,98.245,0.05500000000000682,,
2019-05-16,98.2,98.2,98.2,98.2,-0.045000000000001705,,
2019-05-17,98.205,98.205,98.205,98.205,0.0049999999999954525,,
2019-05-20,98.185,98.185,98.185,98.185,-0.01999999999999602,,
2019-05-21,98.145,98.145,98.145,98.145,-0.04000000000000625,,
2019-05-22,98.18,98.18,98.18,98.18,0.0350000000000108,,
2019-05-23,98.32,98.32,98.32,98.32,0.13999999999998636,,
2019-05-24,98.28,98.28,98.28,98.28,-0.03999999999999204,,
2019-05-28,98.33,98.33,98.33,98.33,0.04999999999999716,,
2019-05-29,98.37,98.37,98.37,98.37,0.04000000000000625,,
2019-05-30,98.39,98.39,98.39,98.39,0.01999999999999602,,
2019-05-31,98.545,98.545,98.545,98.545,0.15500000000000114,,
2019-06-03,98.635,98.635,98.635,98.635,0.09000000000000341,,
2019-06-04,98.57,98.57,98.57,98.57,-0.06500000000001194,,
2019-06-05,98.565,98.565,98.565,98.565,-0.0049999999999954525,,
2019-06-06,98.495,98.495,98.495,98.495,-0.06999999999999318,,
2019-06-07,98.505,98.505,98.505,98.505,0.009999999999990905,,
2019-06-10,98.45,98.45,98.45,98.45,-0.05499999999999261,,
2019-06-11,98.46,98.46,98.46,98.46,0.009999999999990905,,
2019-06-12,98.51,98.51,98.51,98.51,0.05000000000001137,,
2019-06-13,98.585,98.585,98.585,98.585,0.07499999999998863,,
2019-06-14,98.565,98.565,98.565,98.565,-0.01999999999999602,,
2019-06-17,98.56,98.56,98.56,98.56,-0.0049999999999954525,,
2019-06-18,98.555,98.555,98.555,98.555,-0.0049999999999954525,,
2019-06-19,98.66,98.66,98.66,98.66,0.10499999999998977,,
2019-06-20,98.685,98.685,98.685,98.685,0.025000000000005684,,
2019-06-21,98.64,98.64,98.64,98.64,-0.045000000000001705,,
2019-06-24,98.7,98.7,98.7,98.7,0.060000000000002274,,
2019-06-25,98.715,98.715,98.715,98.715,0.015000000000000568,,
2019-06-26,98.64,98.64,98.64,98.64,-0.07500000000000284,,
2019-06-27,98.67,98.67,98.67,98.67,0.030000000000001137,,
2019-06-28,98.65,98.65,98.65,98.65,-0.01999999999999602,,
2019-07-01,98.6,98.6,98.6,98.6,-0.05000000000001137,,
2019-07-02,98.65,98.65,98.65,98.65,0.05000000000001137,,
2019-07-03,98.65,98.65,98.65,98.65,0,,
2019-07-05,98.535,98.535,98.535,98.535,-0.1150000000000091,,
2019-07-08,98.56,98.56,98.56,98.56,0.025000000000005684,,
2019-07-09,98.54,98.54,98.54,98.54,-0.01999999999999602,,
2019-07-10,98.595,98.595,98.595,98.595,0.05499999999999261,,
2019-07-11,98.535,98.535,98.535,98.535,-0.060000000000002274,,
2019-07-12,98.56,98.56,98.56,98.56,0.025000000000005684,,
2019-07-15,98.57,98.57,98.57,98.57,0.009999999999990905,,
2019-07-16,98.54,98.54,98.54,98.54,-0.029999999999986926,,
2019-07-17,98.59,98.59,98.59,98.59,0.04999999999999716,,
2019-07-18,98.675,98.675,98.675,98.675,0.08499999999999375,,
2019-07-19,98.635,98.635,98.635,98.635,-0.03999999999999204,,
2019-07-22,98.65,98.65,98.65,98.65,0.015000000000000568,,
2019-07-23,98.615,98.615,98.615,98.615,-0.0350000000000108,,
2019-07-24,98.625,98.625,98.625,98.625,0.010000000000005116,,
2019-07-25,98.61,98.61,98.61,98.61,-0.015000000000000568,,
2019-07-26,98.585,98.585,98.585,98.585,-0.025000000000005684,,
2019-07-29,98.6,98.6,98.6,98.6,0.015000000000000568,,
2019-07-30,98.595,98.595,98.595,98.595,-0.0049999999999954525,,
2019-07-31,98.545,98.545,98.545,98.545,-0.04999999999999716,,
2019-08-01,98.75,98.75,98.75,98.75,0.2049999999999983,,
2019-08-02,98.76,98.76,98.76,98.76,0.010000000000005116,,
2019-08-05,98.98,98.98,98.98,98.98,0.21999999999999886,,
2019-08-06,98.92,98.92,98.92,98.92,-0.060000000000002274,,
2019-08-07,98.975,98.975,98.975,98.975,0.05499999999999261,,
2019-08-08,98.925,98.925,98.925,98.925,-0.04999999999999716,,
2019-08-09,98.895,98.895,98.895,98.895,-0.030000000000001137,,
2019-08-12,98.97,98.97,98.97,98.97,0.07500000000000284,,
2019-08-13,98.86,98.86,98.86,98.86,-0.10999999999999943,,
2019-08-14,98.95,98.95,98.95,98.95,0.09000000000000341,,
2019-08-15,99.025,99.025,99.025,99.025,0.07500000000000284,,
2019-08-16,99.03,99.03,99.03,99.03,0.0049999999999954525,,
2019-08-19,98.975,98.975,98.975,98.975,-0.05500000000000682,,
2019-08-20,99.02,99.02,99.02,99.02,0.045000000000001705,,
2019-08-21,98.98,98.98,98.98,98.98,-0.03999999999999204,,
2019-08-22,98.93,98.93,98.93,98.93,-0.04999999999999716,,
2019-08-23,99.03,99.03,99.03,99.03,0.09999999999999432,,
2019-08-26,99.01,99.01,99.01,99.01,-0.01999999999999602,,
2019-08-27,99.065,99.065,99.065,99.065,0.05499999999999261,,
2019-08-28,99.1,99.1,99.1,99.1,0.03499999999999659,,
2019-08-29,99.06,99.06,99.06,99.06,-0.03999999999999204,,
2019-08-30,99.095,99.095,99.095,99.095,0.03499999999999659,,
2019-09-03,99.17,99.17,99.17,99.17,0.07500000000000284,,
2019-09-04,99.21,99.21,99.21,99.21,0.03999999999999204,,
2019-09-05,99.08,99.08,99.08,99.08,-0.12999999999999545,,
2019-09-06,99.085,99.085,99.085,99.085,0.0049999999999954525,,
2019-09-09,99.02,99.02,99.02,99.02,-0.06499999999999773,,
2019-09-10,98.91,98.91,98.91,98.91,-0.10999999999999943,,
2019-09-11,98.88,98.88,98.88,98.88,-0.030000000000001137,,
2019-09-12,98.79,98.79,98.79,98.79,-0.0899999999999892,,
2019-09-13,98.715,98.715,98.715,98.715,-0.07500000000000284,,
2019-09-16,98.785,98.785,98.785,98.785,0.06999999999999318,,
2019-09-17,98.805,98.805,98.805,98.805,0.020000000000010232,,
2019-09-18,98.795,98.795,98.795,98.795,-0.010000000000005116,,
2019-09-19,98.83,98.83,98.83,98.83,0.03499999999999659,,
2019-09-20,98.78,98.78,98.78,98.78,-0.04999999999999716,,
2019-09-23,98.84,98.84,98.84,98.84,0.060000000000002274,,
2019-09-24,98.945,98.945,98.945,98.945,0.10499999999998977,,
2019-09-25,98.84,98.84,98.84,98.84,-0.10499999999998977,,
2019-09-26,98.845,98.845,98.845,98.845,0.0049999999999954525,,
2019-09-27,98.86,98.86,98.86,98.86,0.015000000000000568,,
2019-09-30,98.85,98.85,98.85,98.85,-0.010000000000005116,,
2019-10-01,98.92,98.92,98.92,98.92,0.07000000000000739,,
2019-10-02,98.985,98.985,98.985,98.985,0.06499999999999773,,
2019-10-03,99.085,99.085,99.085,99.085,0.09999999999999432,,
2019-10-04,99.065,99.065,99.065,99.065,-0.01999999999999602,,
2019-10-07,98.99,98.99,98.99,98.99,-0.07500000000000284,,
2019-10-08,99.025,99.025,99.025,99.025,0.0350000000000108,,
2019-10-09,98.96,98.96,98.96,98.96,-0.06500000000001194,,
2019-10-10,98.89,98.89,98.89,98.89,-0.06999999999999318,,
2019-10-11,98.765,98.765,98.765,98.765,-0.125,,
2019-10-14,98.785,98.785,98.785,98.785,0.01999999999999602,,
2019-10-15,98.745,98.745,98.745,98.745,-0.03999999999999204,,
2019-10-16,98.795,98.795,98.795,98.795,0.04999999999999716,,
2019-10-17,98.765,98.765,98.765,98.765,-0.030000000000001137,,
2019-10-18,98.79,98.79,98.79,98.79,0.025000000000005684,,
2019-10-21,98.755,98.755,98.755,98.755,-0.0350000000000108,,
2019-10-22,98.78,98.78,98.78,98.78,0.025000000000005684,,
2019-10-23,98.795,98.795,98.795,98.795,0.015000000000000568,,
2019-10-24,98.785,98.785,98.785,98.785,-0.010000000000005116,,
2019-10-25,98.735,98.735,98.735,98.735,-0.04999999999999716,,
2019-10-28,98.7,98.7,98.7,98.7,-0.03499999999999659,,
2019-10-29,98.695,98.695,98.695,98.695,-0.005000000000009663,,
2019-10-30,98.7,98.7,98.7,98.7,0.005000000000009663,,
2019-10-31,98.815,98.815,98.815,98.815,0.11499999999999488,,
2019-11-01,98.755,98.755,98.755,98.755,-0.060000000000002274,,
2019-11-04,98.7,98.7,98.7,98.7,-0.05499999999999261,,
2019-11-05,98.655,98.655,98.655,98.655,-0.045000000000001705,,
2019-11-06,98.685,98.685,98.685,98.685,0.030000000000001137,,
2019-11-07,98.595,98.595,98.595,98.595,-0.09000000000000341,,
2019-11-08,98.6,98.6,98.6,98.6,0.0049999999999954525,,
2019-11-11,98.59,98.59,98.59,98.59,-0.009999999999990905,,
2019-11-12,98.62,98.62,98.62,98.62,0.030000000000001137,,
2019-11-13,98.665,98.665,98.665,98.665,0.045000000000001705,,
2019-11-14,98.71,98.71,98.71,98.71,0.044999999999987494,,
2019-11-15,98.695,98.695,98.695,98.695,-0.015000000000000568,,
2019-11-18,98.725,98.725,98.725,98.725,0.030000000000001137,,
2019-11-19,98.75,98.75,98.75,98.75,0.025000000000005684,,
2019-11-20,98.79,98.79,98.79,98.79,0.04000000000000625,,
2019-11-21,98.77,98.77,98.77,98.77,-0.020000000000010232,,
2019-11-22,98.755,98.755,98.755,98.755,-0.015000000000000568,,
2019-11-25,98.75,98.75,98.75,98.75,-0.0049999999999954525,,
2019-11-26,98.775,98.775,98.775,98.775,0.025000000000005684,,
2019-11-27,98.73,98.73,98.73,98.73,-0.045000000000001705,,
2019-11-29,98.745,98.745,98.745,98.745,0.015000000000000568,,
2019-12-02,98.72,98.72,98.72,98.72,-0.025000000000005684,,
2019-12-03,98.825,98.825,98.825,98.825,0.10500000000000398,,
2019-12-04,98.755,98.755,98.755,98.755,-0.07000000000000739,,
2019-12-05,98.75,98.75,98.75,98.75,-0.0049999999999954525,,
2019-12-06,98.71,98.71,98.71,98.71,-0.04000000000000625,,
2019-12-09,98.695,98.695,98.695,98.695,-0.015000000000000568,,
2019-12-10,98.675,98.675,98.675,98.675,-0.01999999999999602,,
2019-12-11,98.715,98.715,98.715,98.715,0.04000000000000625,,
2019-12-12,98.645,98.645,98.645,98.645,-0.07000000000000739,,
2019-12-13,98.695,98.695,98.695,98.695,0.04999999999999716,,
2019-12-16,98.635,98.635,98.635,98.635,-0.05999999999998806,,
2019-12-17,98.635,98.635,98.635,98.635,0,,
2019-12-18,98.62,98.62,98.62,98.62,-0.015000000000000568,,
2019-12-19,98.635,98.635,98.635,98.635,0.015000000000000568,,
2019-12-20,98.615,98.615,98.615,98.615,-0.020000000000010232,,
2019-12-23,98.59,98.59,98.59,98.59,-0.024999999999991473,,
2019-12-24,98.605,98.605,98.605,98.605,0.015000000000000568,,
2019-12-26,98.605,98.605,98.605,98.605,0,,
2019-12-27,98.635,98.635,98.635,98.635,0.030000000000001137,,
2019-12-30,98.625,98.625,98.625,98.625,-0.010000000000005116,,
2019-12-31,98.62,98.62,98.62,98.62,-0.0049999999999954525,,
2020-01-02,98.63,98.63,98.63,98.63,0.009999999999990905,,
2020-01-03,98.71,98.71,98.71,98.71,0.0799999999999983,,
2020-01-06,98.715,98.715,98.715,98.715,0.005000000000009663,,
2020-01-07,98.71,98.71,98.71,98.71,-0.005000000000009663,,
2020-01-08,98.665,98.665,98.665,98.665,-0.044999999999987494,,
2020-01-09,98.67,98.67,98.67,98.67,0.0049999999999954525,,
2020-01-10,98.675,98.675,98.675,98.675,0.0049999999999954525,,
2020-01-13,98.665,98.665,98.665,98.665,-0.009999999999990905,,
2020-01-14,98.685,98.685,98.685,98.685,0.01999999999999602,,
2020-01-15,98.68,98.68,98.68,98.68,-0.0049999999999954525,,
2020-01-16,98.68,98.68,98.68,98.68,0,,
2020-01-17,98.66,98.66,98.66,98.66,-0.020000000000010232,,
2020-01-21,98.705,98.705,98.705,98.705,0.045000000000001705,,
2020-01-22,98.72,98.72,98.72,98.72,0.015000000000000568,,
2020-01-23,98.74,98.74,98.74,98.74,0.01999999999999602,,
2020-01-24,98.79,98.79,98.79,98.79,0.05000000000001137,,
2020-01-27,98.875,98.875,98.875,98.875,0.08499999999999375,,
2020-01-28,98.84,98.84,98.84,98.84,-0.03499999999999659,,
2020-01-29,98.885,98.885,98.885,98.885,0.045000000000001705,,
2020-01-30,98.93,98.93,98.93,98.93,0.045000000000001705,,
2020-01-31,98.98,98.98,98.98,98.98,0.04999999999999716,,
2020-02-03,98.95,98.95,98.95,98.95,-0.030000000000001137,,
2020-02-04,98.87,98.87,98.87,98.87,-0.0799999999999983,,
2020-02-05,98.83,98.83,98.83,98.83,-0.04000000000000625,,
2020-02-06,98.82,98.82,98.82,98.82,-0.010000000000005116,,
2020-02-07,98.86,98.86,98.86,98.86,0.04000000000000625,,
2020-02-10,98.9,98.9,98.9,98.9,0.04000000000000625,,
2020-02-11,98.865,98.865,98.865,98.865,-0.0350000000000108,,
2020-02-12,98.835,98.835,98.835,98.835,-0.030000000000001137,,
2020-02-13,98.84,98.84,98.84,98.84,0.005000000000009663,,
2020-02-14,98.875,98.875,98.875,98.875,0.03499999999999659,,
2020-02-18,98.895,98.895,98.895,98.895,0.01999999999999602,,
2020-02-19,98.88,98.88,98.88,98.88,-0.015000000000000568,,
2020-02-20,98.93,98.93,98.93,98.93,0.05000000000001137,,
2020-02-21,98.995,98.995,98.995,98.995,0.06499999999999773,,
2020-02-24,99.085,99.085,99.085,99.085,0.0899999999999892,,
2020-02-25,99.145,99.145,99.145,99.145,0.060000000000002274,,
2020-02-26,99.18,99.18,99.18,99.18,0.0350000000000108,,
2020-02-27,99.245,99.245,99.245,99.245,0.06499999999999773,,
2020-02-28,99.44,99.44,99.44,99.44,0.19499999999999318,,
2020-03-02,99.45,99.45,99.45,99.45,0.010000000000005116,,
2020-03-03,99.515,99.515,99.515,99.515,0.06499999999999773,,
2020-03-04,99.585,99.585,99.585,99.585,0.06999999999999318,,
2020-03-05,99.665,99.665,99.665,99.665,0.0800000000000125,,
2020-03-06,99.745,99.745,99.745,99.745,0.0799999999999983,,
2020-03-09,99.825,99.825,99.825,99.825,0.0799999999999983,,
2020-03-10,99.73,99.73,99.73,99.73,-0.09499999999999886,,
2020-03-11,99.765,99.765,99.765,99.765,0.03499999999999659,,
2020-03-12,99.795,99.795,99.795,99.795,0.030000000000001137,,
2020-03-13,99.785,99.785,99.785,99.785,-0.010000000000005116,,
2020-03-16,99.83,99.83,99.8,99.8,0.015000000000000568,28,16
2020-03-17,99.75,99.75,99.75,99.75,-0.04999999999999716,,16
2020-03-18,99.76,99.76,99.76,99.76,0.010000000000005116,,16
2020-03-19,99.79,99.79,99.79,99.79,0.030000000000001137,,16
2020-03-20,99.82,99.82,99.82,99.82,0.029999999999986926,,16
2020-03-23,99.84,99.84,99.84,99.84,0.020000000000010232,,16
2020-03-24,99.81,99.81,99.81,99.81,-0.030000000000001137,,16
2020-03-25,99.84,99.84,99.84,99.84,0.030000000000001137,,16
2020-03-26,99.855,99.855,99.855,99.855,0.015000000000000568,,16
2020-03-27,99.87,99.87,99.87,99.87,0.015000000000000568,,16
2020-03-30,99.875,99.875,99.875,99.875,0.0049999999999954525,,16
2020-03-31,99.885,99.885,99.885,99.885,0.010000000000005116,,16
2020-04-01,99.89,99.89,99.89,99.89,0.0049999999999954525,,16
2020-04-02,99.885,99.885,99.885,99.885,-0.0049999999999954525,,16
2020-04-03,99.89,99.89,99.89,99.89,0.0049999999999954525,,16
2020-04-06,99.87,99.87,99.87,99.87,-0.01999999999999602,,16
2020-04-07,99.84,99.84,99.84,99.84,-0.030000000000001137,,16
2020-04-08,99.845,99.845,99.845,99.845,0.0049999999999954525,,16
2020-04-09,99.87,99.87,99.87,99.87,0.025000000000005684,,16
2020-04-13,99.86,99.86,99.86,99.86,-0.010000000000005116,,16
2020-04-14,99.855,99.855,99.855,99.855,-0.0049999999999954525,,16
2020-04-15,99.885,99.885,99.885,99.885,0.030000000000001137,,16
2020-04-16,99.89,99.89,99.89,99.89,0.0049999999999954525,31,46
2020-04-17,99.89,99.89,99.89,99.89,0,,46
2020-04-20,99.895,99.895,99.895,99.895,0.0049999999999954525,,46
2020-04-21,99.91,99.91,99.905,99.905,0.010000000000005116,7,50
2020-04-22,99.9,99.9,99.9,99.9,-0.0049999999999954525,,50
2020-04-23,99.905,99.905,99.905,99.905,0.0049999999999954525,,50
2020-04-24,99.91,99.91,99.91,99.91,0.0049999999999954525,,50
2020-04-27,99.905,99.905,99.905,99.905,-0.0049999999999954525,,50
2020-04-28,99.905,99.905,99.905,99.905,0,,50
2020-04-29,99.92,99.925,99.92,99.925,0.01999999999999602,77,73
2020-04-30,99.935,99.935,99.935,99.935,0.010000000000005116,1,73
2020-05-01,99.93,99.93,99.925,99.93,-0.0049999999999954525,,73
2020-05-04,99.94,99.94,99.94,99.94,0.009999999999990905,,73
2020-05-05,99.935,99.935,99.93,99.935,-0.0049999999999954525,73,66
2020-05-06,99.95,99.95,99.95,99.95,0.015000000000000568,1,66
2020-05-07,100,100.03,100,100.005,0.05499999999999261,374,421
2020-05-08,100.02,100.07,100,100.005,0,1957,1932
2020-05-11,100.005,100.015,100,100.005,0,376,2296
2020-05-12,100.01,100.025,100.01,100.025,0.020000000000010232,31,2324
2020-05-13,100.025,100.025,100.015,100.02,-0.005000000000009663,1380,2324
2020-05-14,100.03,100.03,100.03,100.03,0.010000000000005116,,2324
2020-05-15,100.025,100.025,100.015,100.025,-0.0049999999999954525,27,2326
2020-05-18,100.01,100.03,100,100.005,-0.020000000000010232,990,2703
2020-05-19,99.995,100.01,99.995,99.995,-0.009999999999990905,2,2704
2020-05-20,100,100.015,100,100.005,0.009999999999990905,624,3303
2020-05-21,100.005,100.01,100.005,100.005,0,54,3266
2020-05-22,100.015,100.015,100.015,100.015,0.010000000000005116,,3266
2020-05-26,100,100.005,100,100.005,-0.010000000000005116,10,3271
2020-05-27,100,100.005,100,100.005,0,10,3276
2020-05-28,99.995,100,99.995,100,-0.0049999999999954525,29,3305
2020-05-29,100.005,100.02,100.005,100.015,0.015000000000000568,22,3305
2020-06-01,100.025,100.025,100.02,100.025,0.010000000000005116,18,3316
2020-06-02,100.025,100.025,100.02,100.02,-0.005000000000009663,4,3318
2020-06-03,100,100.005,99.995,100,-0.01999999999999602,6,3323
2020-06-04,99.99,100.005,99.99,99.995,-0.0049999999999954525,6,3323
2020-06-05,99.975,99.975,99.915,99.95,-0.045000000000001705,460,3463
2020-06-08,99.95,99.96,99.95,99.955,0.0049999999999954525,155,3494
2020-06-09,99.96,99.97,99.96,99.965,0.010000000000005116,164,3553
2020-06-10,99.975,100,99.94,99.985,0.01999999999999602,1319,4265
2020-06-11,100.005,100.01,100,100.005,0.01999999999999602,232,4473
2020-06-12,100,100,99.995,99.995,-0.009999999999990905,75,4492
2020-06-15,100,100.005,100,100,0.0049999999999954525,291,4733
2020-06-16,99.995,100.005,99.995,99.995,-0.0049999999999954525,715,5434
2020-06-17,100.005,100.005,100,100,0.0049999999999954525,346,5576
2020-06-18,100,100.01,100,100,0,17,5577
2020-06-19,99.995,100.005,99.995,100.005,0.0049999999999954525,923,5468
2020-06-22,100,100.02,100,100.01,0.005000000000009663,1516,6710
2020-06-23,100.005,100.01,100,100.005,-0.005000000000009663,285,6710
2020-06-24,100.01,100.01,100,100.005,0,64,6709
2020-06-25,100.01,100.015,100.01,100.01,0.005000000000009663,396,7039
2020-06-26,100.01,100.015,100.01,100.015,0.0049999999999954525,2757,8554
2020-06-29,100.015,100.02,100.015,100.02,0.0049999999999954525,193,8581
2020-06-30,100.02,100.025,100.02,100.02,0,5697,13575
2020-07-01,100.025,100.025,100.015,100.015,-0.0049999999999954525,726,13761
2020-07-02,100.015,100.025,100.005,100.02,0.0049999999999954525,1317,14585
2020-07-06,100.02,100.025,100.015,100.015,-0.0049999999999954525,2025,16486
2020-07-07,100.015,100.025,100.015,100.02,0.0049999999999954525,745,17040
2020-07-08,100.02,100.03,100.02,100.03,0.010000000000005116,480,17128
2020-07-09,100.03,100.045,100.03,100.035,0.0049999999999954525,182,17065
2020-07-10,100.04,100.05,100.035,100.04,0.005000000000009663,483,17053
2020-07-13,100.03,100.035,100.025,100.03,-0.010000000000005116,213,17018
2020-07-14,100.035,100.04,100.03,100.035,0.0049999999999954525,961,16751
2020-07-15,100.03,100.03,100.02,100.025,-0.009999999999990905,193,16678
2020-07-16,100.03,100.03,100.025,100.03,0.0049999999999954525,282,16845
2020-07-17,100.03,100.03,100.025,100.025,-0.0049999999999954525,20,16835
2020-07-20,100.025,100.025,100.025,100.025,0,106,16820
2020-07-21,100.025,100.03,100.015,100.03,0.0049999999999954525,344,16828
2020-07-22,100.03,100.03,100.03,100.03,0,287,16820
2020-07-23,100.03,100.03,100.025,100.03,0,181,16862
2020-07-24,100.025,100.03,100.025,100.025,-0.0049999999999954525,759,16198
2020-07-27,100.03,100.03,100.01,100.02,-0.005000000000009663,159,16193
2020-07-28,100.015,100.025,100.015,100.02,0,190,16171
2020-07-29,100.02,100.03,100.02,100.025,0.005000000000009663,478,16046
2020-07-30,100.03,100.035,100.025,100.035,0.009999999999990905,688,16498
2020-07-31,100.035,100.05,100.03,100.04,0.005000000000009663,292,16490
2020-08-03,100.04,100.045,100.035,100.035,-0.005000000000009663,940,16523
2020-08-04,100.035,100.035,100.03,100.035,0,141,16633
2020-08-05,100.035,100.035,100.025,100.025,-0.009999999999990905,247,16650
2020-08-06,100.025,100.03,100.015,100.025,0,665,16803
2020-08-07,100.02,100.02,100,100.01,-0.015000000000000568,411,16832
2020-08-10,100,100.005,99.995,100,-0.010000000000005116,223,16840
2020-08-11,99.99,99.99,99.975,99.975,-0.025000000000005684,586,16852
2020-08-12,99.98,99.98,99.97,99.975,0,225,16899
2020-08-13,99.975,99.98,99.97,99.975,0,823,16877
2020-08-14,99.975,99.98,99.97,99.97,-0.0049999999999954525,197,16838
2020-08-17,99.98,99.98,99.975,99.975,0.0049999999999954525,122,16794
2020-08-18,99.98,99.985,99.98,99.98,0.005000000000009663,371,16549
2020-08-19,99.99,99.99,99.985,99.99,0.009999999999990905,445,16483
2020-08-20,99.99,99.995,99.985,99.995,0.005000000000009663,1646,15314
2020-08-21,99.985,99.99,99.985,99.99,-0.005000000000009663,146,15306
2020-08-24,99.985,99.99,99.985,99.985,-0.0049999999999954525,131,15327
2020-08-25,99.98,99.98,99.97,99.975,-0.010000000000005116,771,15530
2020-08-26,99.97,99.975,99.965,99.97,-0.0049999999999954525,548,15429
2020-08-27,99.97,99.98,99.955,99.96,-0.010000000000005116,1010,15541
2020-08-28,99.96,99.98,99.955,99.975,0.015000000000000568,1207,16207
2020-08-31,99.98,99.98,99.975,99.975,0,263,16216
2020-09-01,99.97,99.985,99.97,99.98,0.005000000000009663,761,16491
2020-09-02,99.98,99.98,99.975,99.975,-0.005000000000009663,206,16647
2020-09-03,99.98,99.99,99.98,99.985,0.010000000000005116,237,16688
2020-09-04,99.985,99.995,99.965,99.97,-0.015000000000000568,904,16545
2020-09-08,99.975,99.98,99.97,99.975,0.0049999999999954525,428,16586
2020-09-09,99.98,99.98,99.97,99.975,0,1951,16190
2020-09-10,99.975,99.985,99.975,99.98,0.005000000000009663,750,15938
2020-09-11,99.985,99.995,99.985,99.995,0.015000000000000568,820,16060
2020-09-14,99.99,99.995,99.99,99.99,-0.005000000000009663,370,16169
2020-09-15,99.99,99.99,99.98,99.985,-0.0049999999999954525,138,16185
2020-09-16,99.985,99.985,99.975,99.975,-0.010000000000005116,686,16032
2020-09-17,99.98,99.99,99.98,99.98,0.005000000000009663,147,15957
2020-09-18,99.98,99.98,99.97,99.975,-0.005000000000009663,3510,16839
2020-09-21,99.975,99.985,99.975,99.975,0,974,16827
2020-09-22,99.98,99.98,99.98,99.98,0.005000000000009663,782,16860
2020-09-23,99.985,99.985,99.975,99.975,-0.005000000000009663,438,16952
2020-09-24,99.975,99.975,99.975,99.975,0,1372,17712
2020-09-25,99.975,99.98,99.975,99.975,0,447,17792
2020-09-28,99.975,99.975,99.97,99.975,0,304,17882
2020-09-29,99.975,99.975,99.97,99.975,0,1441,17640
2020-09-30,99.975,99.98,99.97,99.975,0,2062,17781
2020-10-01,99.975,99.975,99.965,99.97,-0.0049999999999954525,846,17588
2020-10-02,99.97,99.98,99.965,99.97,0,3603,17627
2020-10-05,99.97,99.97,99.955,99.96,-0.010000000000005116,3309,17953
2020-10-06,99.96,99.96,99.955,99.96,0,1249,17972
2020-10-07,99.96,99.96,99.95,99.955,-0.0049999999999954525,4008,19931
2020-10-08,99.955,99.955,99.945,99.95,-0.0049999999999954525,1267,20235
2020-10-09,99.95,99.95,99.945,99.95,0,1044,20700
2020-10-12,99.95,99.95,99.95,99.95,0,,20700
2020-10-13,99.95,99.96,99.95,99.955,0.0049999999999954525,620,20679
2020-10-14,99.96,99.96,99.955,99.96,0.0049999999999954525,431,20677
2020-10-15,99.96,99.96,99.96,99.96,0,931,20291
2020-10-16,99.955,99.96,99.95,99.96,0,729,20335
2020-10-19,99.95,99.955,99.95,99.955,-0.0049999999999954525,884,20514
2020-10-20,99.955,99.96,99.955,99.955,0,214,20476
2020-10-21,99.955,99.955,99.95,99.95,-0.0049999999999954525,39,20484
2020-10-22,99.955,99.955,99.945,99.945,-0.005000000000009663,1209,20893
2020-10-23,99.945,99.95,99.945,99.945,0,481,20958
2020-10-26,99.95,99.955,99.95,99.955,0.010000000000005116,1561,21348
2020-10-27,99.955,99.955,99.955,99.955,0,574,21709
2020-10-28,99.955,99.96,99.955,99.955,0,577,21898
2020-10-29,99.955,99.96,99.955,99.96,0.0049999999999954525,5686,25576
2020-10-30,99.955,99.96,99.95,99.955,-0.0049999999999954525,994,25715
2020-11-02,99.955,99.955,99.955,99.955,0,1973,26564
2020-11-03,99.955,99.955,99.945,99.95,-0.0049999999999954525,3287,27768
2020-11-04,99.95,99.965,99.945,99.96,0.009999999999990905,3225,26860
2020-11-05,99.965,99.965,99.955,99.955,-0.0049999999999954525,3022,27814
2020-11-06,99.96,99.96,99.945,99.945,-0.010000000000005116,758,28119
2020-11-09,99.95,99.955,99.915,99.92,-0.024999999999991473,12220,28260
2020-11-10,99.93,99.93,99.92,99.925,0.0049999999999954525,2450,28431
2020-11-11,99.925,99.93,99.925,99.925,0,820,28406
2020-11-12,99.93,99.935,99.93,99.93,0.005000000000009663,875,28125
2020-11-13,99.93,99.93,99.93,99.93,0,2556,27259
2020-11-16,99.93,99.93,99.925,99.93,0,2929,26707
2020-11-17,99.925,99.93,99.925,99.93,0,143,26721
2020-11-18,99.935,99.935,99.925,99.93,0,3301,28233
2020-11-19,99.93,99.935,99.93,99.93,0,2259,26849
2020-11-20,99.93,99.935,99.93,99.93,0,137,26811
2020-11-23,99.935,99.935,99.925,99.925,-0.005000000000009663,1968,27572
2020-11-24,99.93,99.93,99.925,99.925,0,1074,27172
2020-11-25,99.93,99.93,99.925,99.925,0,176,27100
2020-11-27,99.93,99.93,99.925,99.925,0,604,27222
2020-11-30,99.93,99.935,99.925,99.925,0,5940,29016
2020-12-01,99.925,99.935,99.915,99.92,-0.0049999999999954525,6736,28859
2020-12-02,99.92,99.92,99.915,99.915,-0.0049999999999954525,3494,28771
2020-12-03,99.92,99.92,99.915,99.92,0.0049999999999954525,392,28778
2020-12-04,99.92,99.92,99.91,99.91,-0.010000000000005116,2614,29747
2020-12-07,99.91,99.915,99.91,99.915,0.005000000000009663,1263,29312
2020-12-08,99.915,99.915,99.905,99.91,-0.005000000000009663,1889,28945
2020-12-09,99.905,99.91,99.9,99.905,-0.0049999999999954525,5010,28754
2020-12-10,99.905,99.905,99.905,99.905,0,1569,28189
2020-12-11,99.905,99.915,99.905,99.91,0.0049999999999954525,5398,29535
2020-12-14,99.91,99.915,99.91,99.915,0.005000000000009663,1922,29061
2020-12-15,99.915,99.915,99.915,99.915,0,1426,28958
2020-12-16,99.915,99.915,99.91,99.915,0,528,29094
2020-12-17,99.915,99.915,99.915,99.915,0,258,29038
2020-12-18,99.915,99.92,99.915,99.92,0.0049999999999954525,44,29042
2020-12-21,99.92,99.92,99.92,99.92,0,1986,28450
2020-12-22,99.92,99.92,99.92,99.92,0,213,28385
2020-12-23,99.92,99.92,99.92,99.92,0,735,27958
2020-12-24,99.92,99.92,99.92,99.92,0,214,27965
2020-12-28,99.915,99.915,99.91,99.915,-0.0049999999999954525,48,27934
2020-12-29,99.915,99.915,99.915,99.915,0,180,27935
2020-12-30,99.91,99.915,99.91,99.915,0,89,27949
2020-12-31,99.915,99.92,99.915,99.92,0.0049999999999954525,931,27520
2021-01-04,99.92,99.93,99.92,99.925,0.0049999999999954525,3344,27361
2021-01-05,99.93,99.935,99.93,99.93,0.005000000000009663,2707,27105
2021-01-06,99.925,99.925,99.92,99.92,-0.010000000000005116,4181,26084
2021-01-07,99.92,99.92,99.915,99.915,-0.0049999999999954525,2386,27164
2021-01-08,99.92,99.925,99.915,99.92,0.0049999999999954525,1349,27129
2021-01-11,99.925,99.925,99.915,99.92,0,321,26999
2021-01-12,99.915,99.92,99.915,99.915,-0.0049999999999954525,4765,29292
2021-01-13,99.915,99.92,99.915,99.92,0.0049999999999954525,2694,29318
2021-01-14,99.915,99.925,99.915,99.925,0.0049999999999954525,3022,28247
2021-01-15,99.925,99.93,99.925,99.93,0.005000000000009663,3495,27278
2021-01-19,99.93,99.93,99.93,99.93,0,559,27305
2021-01-20,99.93,99.93,99.93,99.93,0,2296,27320
2021-01-21,99.935,99.935,99.93,99.93,0,2146,27817
2021-01-22,99.935,99.935,99.93,99.93,0,471,27663
2021-01-25,99.93,99.935,99.93,99.93,0,488,27470
2021-01-26,99.935,99.935,99.925,99.925,-0.005000000000009663,1312,27083
2021-01-27,99.93,99.93,99.925,99.925,0,2247,28024
2021-01-28,99.93,99.93,99.915,99.92,-0.0049999999999954525,3688,28523
2021-01-29,99.925,99.925,99.92,99.92,0,3352,28285
2021-02-01,99.925,99.925,99.92,99.92,0,1717,29129
2021-02-02,99.92,99.925,99.92,99.92,0,493,29182
2021-02-03,99.92,99.925,99.92,99.925,0.0049999999999954525,2385,28624
2021-02-04,99.925,99.925,99.92,99.925,0,848,28405
2021-02-05,99.925,99.925,99.92,99.92,-0.0049999999999954525,3490,29283
2021-02-08,99.92,99.92,99.915,99.915,-0.0049999999999954525,1614,29930
2021-02-09,99.92,99.92,99.915,99.915,0,1528,29955
2021-02-10,99.92,99.925,99.92,99.92,0.0049999999999954525,747,30099
2021-02-11,99.92,99.92,99.915,99.915,-0.0049999999999954525,1941,30299
2021-02-12,99.92,99.92,99.92,99.92,0.0049999999999954525,2964,32394
2021-02-16,99.92,99.92,99.91,99.91,-0.010000000000005116,1842,32874
2021-02-17,99.915,99.915,99.91,99.91,0,3696,33128
2021-02-18,99.915,99.915,99.905,99.905,-0.0049999999999954525,5456,32809
2021-02-19,99.91,99.91,99.9,99.905,0,947,32288
2021-02-22,99.905,99.91,99.905,99.905,0,4886,31428
2021-02-23,99.91,99.91,99.905,99.905,0,688,31372
2021-02-24,99.91,99.915,99.905,99.905,0,4534,32782
2021-02-25,99.91,99.91,99.895,99.905,0,9913,31861
2021-02-26,99.91,99.915,99.905,99.905,0,8208,31952
2021-03-01,99.91,99.91,99.905,99.91,0.0049999999999954525,1437,31891
2021-03-02,99.91,99.915,99.91,99.91,0,3465,33615
2021-03-03,99.915,99.915,99.91,99.915,0.005000000000009663,1661,33972
2021-03-04,99.915,99.915,99.91,99.91,-0.005000000000009663,4137,33396
2021-03-05,99.915,99.92,99.905,99.915,0.005000000000009663,16469,37912
2021-03-08,99.915,99.92,99.915,99.915,0,7847,35905
2021-03-09,99.915,99.92,99.91,99.91,-0.005000000000009663,4540,38182
2021-03-10,99.915,99.915,99.91,99.91,0,1854,38409
2021-03-11,99.91,99.915,99.91,99.915,0.005000000000009663,2118,39058
2021-03-12,99.915,99.915,99.91,99.915,0,8869,43152
2021-03-15,99.92,99.92,99.915,99.915,0,1701,43212
2021-03-16,99.92,99.92,99.91,99.915,0,4989,41049
2021-03-17,99.915,99.925,99.905,99.92,0.0049999999999954525,18186,48818
2021-03-18,99.925,99.925,99.91,99.915,-0.0049999999999954525,3985,48401
2021-03-19,99.915,99.92,99.915,99.915,0,8386,49660
2021-03-22,99.92,99.92,99.915,99.915,0,1734,50086
2021-03-23,99.915,99.92,99.915,99.915,0,10689,50616
2021-03-24,99.915,99.92,99.915,99.92,0.0049999999999954525,2893,50742
2021-03-25,99.915,99.92,99.915,99.92,0,2498,51545
2021-03-26,99.92,99.92,99.92,99.92,0,2695,49663
2021-03-29,99.92,99.92,99.915,99.915,-0.0049999999999954525,570,49577
2021-03-30,99.915,99.915,99.91,99.91,-0.005000000000009663,1834,49266
2021-03-31,99.915,99.915,99.91,99.91,0,2764,48313
2021-04-01,99.91,99.915,99.91,99.91,0,662,44873
2021-04-05,99.905,99.91,99.905,99.91,0,1461,45357
2021-04-06,99.915,99.915,99.915,99.915,0.005000000000009663,1831,45815
2021-04-07,99.92,99.92,99.91,99.91,-0.005000000000009663,1992,45916
2021-04-08,99.91,99.915,99.91,99.91,0,2547,46583
2021-04-09,99.915,99.915,99.91,99.91,0,1869,46935
2021-04-12,99.915,99.915,99.91,99.91,0,5384,49761
2021-04-13,99.915,99.915,99.915,99.915,0.005000000000009663,8734,52140
2021-04-14,99.915,99.915,99.915,99.915,0,2515,51671
2021-04-15,99.915,99.915,99.9,99.905,-0.010000000000005116,27440,62559
2021-04-16,99.91,99.91,99.9,99.9,-0.0049999999999954525,2028,63199
2021-04-19,99.905,99.91,99.905,99.905,0.0049999999999954525,2060,63957
2021-04-20,99.905,99.905,99.905,99.905,0,1337,64113
2021-04-21,99.905,99.905,99.905,99.905,0,112,64068
2021-04-22,99.91,99.91,99.905,99.905,0,1304,63229
2021-04-23,99.91,99.91,99.905,99.905,0,485,63409
2021-04-26,99.91,99.91,99.905,99.905,0,1243,63417
2021-04-27,99.905,99.905,99.9,99.9,-0.0049999999999954525,2764,63506
2021-04-28,99.905,99.91,99.9,99.905,0.0049999999999954525,3871,61620
2021-04-29,99.91,99.91,99.9,99.9,-0.0049999999999954525,1696,62410
2021-04-30,99.905,99.91,99.9,99.9,0,1663,61693
2021-05-03,99.91,99.91,99.895,99.9,0,4096,61234
2021-05-04,99.905,99.915,99.905,99.91,0.009999999999990905,4038,60096
2021-05-05,99.91,99.915,99.905,99.91,0,3055,60029
2021-05-06,99.915,99.915,99.91,99.91,0,719,59942
2021-05-07,99.915,99.92,99.91,99.915,0.005000000000009663,9141,60207
2021-05-10,99.915,99.92,99.915,99.915,0,612,60191
2021-05-11,99.92,99.92,99.915,99.915,0,429,59900
2021-05-12,99.915,99.92,99.915,99.915,0,2813,59329
2021-05-13,99.92,99.92,99.915,99.915,0,4643,60587
2021-05-14,99.92,99.925,99.92,99.92,0.0049999999999954525,2899,61489
2021-05-17,99.92,99.925,99.92,99.92,0,4328,63111
2021-05-18,99.925,99.925,99.92,99.92,0,540,62923
2021-05-19,99.925,99.925,99.915,99.915,-0.0049999999999954525,6497,63136
2021-05-20,99.915,99.925,99.915,99.92,0.0049999999999954525,3839,65155
2021-05-21,99.92,99.92,99.92,99.92,0,3599,64863
2021-05-24,99.92,99.925,99.92,99.92,0,4319,64910
2021-05-25,99.92,99.92,99.92,99.92,0,4829,66024
2021-05-26,99.92,99.925,99.92,99.92,0,3552,65983
2021-05-27,99.92,99.92,99.915,99.915,-0.0049999999999954525,13737,76328
2021-05-28,99.915,99.92,99.91,99.92,0.0049999999999954525,5845,75911
2021-06-01,99.915,99.92,99.915,99.915,-0.0049999999999954525,1615,76301
2021-06-02,99.92,99.92,99.915,99.915,0,3966,77227
2021-06-03,99.92,99.92,99.915,99.915,0,4231,76378
2021-06-04,99.915,99.925,99.915,99.92,0.0049999999999954525,5388,75236
2021-06-07,99.92,99.92,99.92,99.92,0,1802,75077
2021-06-08,99.92,99.92,99.92,99.92,0,4264,74679
2021-06-09,99.92,99.925,99.92,99.92,0,2855,74638
2021-06-10,99.92,99.925,99.92,99.92,0,680,74984
2021-06-11,99.925,99.925,99.92,99.92,0,969,75144
2021-06-14,99.92,99.925,99.915,99.915,-0.0049999999999954525,1148,74956
2021-06-15,99.915,99.92,99.91,99.91,-0.005000000000009663,3614,77209
2021-06-16,99.915,99.92,99.9,99.905,-0.0049999999999954525,20068,78901
2021-06-17,99.905,99.905,99.9,99.9,-0.0049999999999954525,13839,78830
2021-06-18,99.9,99.9,99.895,99.895,-0.005000000000009663,16110,79798
2021-06-21,99.895,99.9,99.895,99.895,0,1506,79338
2021-06-22,99.9,99.905,99.9,99.905,0.010000000000005116,6993,76742
2021-06-23,99.91,99.91,99.905,99.905,0,2963,75133
2021-06-24,99.905,99.91,99.905,99.905,0,2123,75254
2021-06-25,99.905,99.91,99.905,99.905,0,1362,74990
2021-06-28,99.905,99.905,99.905,99.905,0,642,74674
2021-06-29,99.905,99.91,99.905,99.905,0,98,74671
2021-06-30,99.91,99.91,99.905,99.905,0,45,74672
2021-07-01,99.905,99.905,99.905,99.905,0,763,74621
2021-07-02,99.905,99.91,99.905,99.905,0,5417,77642
2021-07-06,99.905,99.91,99.905,99.91,0.0049999999999954525,3562,76655
2021-07-07,99.91,99.91,99.91,99.91,0,457,76862
2021-07-08,99.91,99.915,99.91,99.91,0,6482,75149
2021-07-09,99.91,99.915,99.91,99.91,0,157,75074
2021-07-12,99.91,99.915,99.91,99.91,0,1023,74552
2021-07-13,99.91,99.915,99.91,99.91,0,1536,74161
2021-07-14,99.915,99.915,99.91,99.91,0,1825,73636
2021-07-15,99.91,99.915,99.91,99.91,0,421,73654
2021-07-16,99.91,99.91,99.91,99.91,0,167,73720
2021-07-19,99.915,99.915,99.91,99.91,0,4483,75196
2021-07-20,99.91,99.915,99.91,99.91,0,1888,75659
2021-07-21,99.91,99.915,99.91,99.91,0,4542,76487
2021-07-22,99.91,99.915,99.91,99.91,0,22712,76999
2021-07-23,99.915,99.915,99.91,99.91,0,10587,75015
2021-07-26,99.915,99.915,99.91,99.91,0,1881,75576
2021-07-27,99.915,99.92,99.915,99.915,0.005000000000009663,211,75523
2021-07-28,99.915,99.92,99.915,99.915,0,864,75383
2021-07-29,99.915,99.92,99.915,99.915,0,16545,70305
2021-07-30,99.92,99.92,99.915,99.915,0,5000,72475
2021-08-02,99.92,99.92,99.915,99.915,0,3642,72594
2021-08-03,99.92,99.92,99.915,99.92,0.0049999999999954525,17286,77845
2021-08-04,99.92,99.92,99.92,99.92,0,8269,75666
2021-08-05,99.92,99.92,99.915,99.915,-0.0049999999999954525,5792,77586
2021-08-06,99.92,99.92,99.915,99.915,0,275,77612
2021-08-09,99.915,99.915,99.915,99.915,0,1532,77757
2021-08-10,99.915,99.915,99.915,99.915,0,4400,78706
2021-08-11,99.915,99.915,99.915,99.915,0,3559,78099
2021-08-12,99.915,99.915,99.915,99.915,0,2284,78360
2021-08-13,99.915,99.915,99.915,99.915,0,2116,77478
2021-08-16,99.915,99.915,99.91,99.91,-0.005000000000009663,1461,78566
2021-08-17,99.915,99.915,99.91,99.915,0.005000000000009663,1900,78443
2021-08-18,99.915,99.915,99.91,99.915,0,1647,78330
2021-08-19,99.915,99.915,99.91,99.915,0,13582,84630
2021-08-20,99.915,99.915,99.915,99.915,0,540,84998
2021-08-23,99.915,99.92,99.915,99.915,0,13959,85323
2021-08-24,99.915,99.915,99.91,99.91,-0.005000000000009663,1484,84297
2021-08-25,99.915,99.915,99.91,99.915,0.005000000000009663,134,84260
2021-08-26,99.915,99.915,99.91,99.915,0,2078,84284
2021-08-27,99.915,99.92,99.915,99.915,0,10480,83473
2021-08-30,99.92,99.92,99.915,99.92,0.0049999999999954525,1311,84228
2021-08-31,99.92,99.925,99.915,99.92,0,11684,86008
2021-09-01,99.92,99.92,99.915,99.92,0,9034,85169
2021-09-02,99.92,99.92,99.92,99.92,0,10274,90820
2021-09-03,99.92,99.925,99.92,99.925,0.0049999999999954525,1949,90362
2021-09-07,99.92,99.925,99.92,99.925,0,3154,90635
2021-09-08,99.92,99.925,99.92,99.925,0,1930,90346
2021-09-09,99.925,99.925,99.92,99.925,0,23631,100860
2021-09-10,99.925,99.925,99.92,99.92,-0.0049999999999954525,410,100125
2021-09-13,99.925,99.925,99.92,99.92,0,784,100512
2021-09-14,99.92,99.92,99.92,99.92,0,17388,102985
2021-09-15,99.92,99.925,99.92,99.925,0.0049999999999954525,991,103025
2021-09-16,99.92,99.925,99.92,99.925,0,1328,103881
2021-09-17,99.92,99.925,99.92,99.925,0,1438,104504
2021-09-20,99.92,99.925,99.92,99.92,-0.0049999999999954525,573,104808
2021-09-21,99.925,99.925,99.92,99.92,0,7617,103420
2021-09-22,99.925,99.925,99.92,99.925,0.0049999999999954525,1541,104209
2021-09-23,99.92,99.925,99.92,99.925,0,734,104753
2021-09-24,99.92,99.925,99.92,99.925,0,5887,108867
2021-09-27,99.92,99.925,99.92,99.925,0,320,108736
2021-09-28,99.925,99.925,99.925,99.925,0,2203,108696
2021-09-29,99.925,99.925,99.925,99.925,0,3304,110567
2021-09-30,99.925,99.925,99.925,99.925,0,171,110694
2021-10-01,99.925,99.925,99.925,99.925,0,3799,111258
2021-10-04,99.925,99.93,99.925,99.93,0.005000000000009663,3961,111426
2021-10-05,99.925,99.93,99.925,99.925,-0.005000000000009663,1165,111541
2021-10-06,99.925,99.925,99.925,99.925,0,3621,110757
2021-10-07,99.925,99.925,99.925,99.925,0,6989,110907
2021-10-08,99.925,99.925,99.92,99.925,0,10115,113611
2021-10-11,99.925,99.925,99.92,99.92,-0.0049999999999954525,921,113369
2021-10-12,99.92,99.925,99.92,99.92,0,4910,111388
2021-10-13,99.925,99.925,99.92,99.92,0,10528,114804
2021-10-14,99.92,99.925,99.92,99.925,0.0049999999999954525,453,114692
2021-10-15,99.925,99.925,99.92,99.925,0,4342,114148
2021-10-18,99.92,99.925,99.92,99.92,-0.0049999999999954525,26683,111926
2021-10-19,99.92,99.925,99.92,99.925,0.0049999999999954525,8869,109869
2021-10-20,99.92,99.93,99.92,99.925,0,9912,110152
2021-10-21,99.925,99.925,99.92,99.925,0,15059,110093
2021-10-22,99.925,99.925,99.92,99.925,0,8194,111845
2021-10-25,99.92,99.925,99.92,99.925,0,3633,112296
2021-10-26,99.925,99.925,99.92,99.925,0,3545,112567
2021-10-27,99.925,99.925,99.92,99.925,0,16149,114186
2021-10-28,99.92,99.925,99.92,99.92,-0.0049999999999954525,11938,114108
2021-10-29,99.925,99.925,99.92,99.92,0,5956,114069
2021-11-01,99.925,99.925,99.92,99.925,0.0049999999999954525,1452,114374
2021-11-02,99.92,99.925,99.92,99.925,0,6414,113365
2021-11-03,99.925,99.925,99.92,99.92,-0.0049999999999954525,7935,114451
2021-11-04,99.925,99.93,99.92,99.925,0.0049999999999954525,9197,113434
2021-11-05,99.925,99.93,99.925,99.925,0,8355,110307
2021-11-08,99.925,99.925,99.92,99.92,-0.0049999999999954525,3700,108878
2021-11-09,99.925,99.925,99.92,99.92,0,979,109450
2021-11-10,99.925,99.925,99.92,99.92,0,16057,107992
2021-11-11,99.92,99.925,99.92,99.92,0,5527,109599
2021-11-12,99.92,99.925,99.92,99.92,0,2968,110554
2021-11-15,99.92,99.925,99.915,99.92,0,12254,114653
2021-11-16,99.92,99.92,99.915,99.92,0,8536,114024
2021-11-17,99.92,99.92,99.915,99.92,0,8625,113493
2021-11-18,99.92,99.925,99.915,99.92,0,3545,114372
2021-11-19,99.92,99.925,99.915,99.92,0,22168,111463
2021-11-22,99.915,99.92,99.915,99.92,0,9928,111210
2021-11-23,99.915,99.92,99.915,99.915,-0.0049999999999954525,7202,113508
2021-11-24,99.92,99.925,99.915,99.92,0.0049999999999954525,18942,115379
2021-11-26,99.92,99.925,99.92,99.925,0.0049999999999954525,12198,116942
2021-11-29,99.925,99.925,99.92,99.925,0,5062,119352
2021-11-30,99.925,99.925,99.92,99.92,-0.0049999999999954525,22008,118220
2021-12-01,99.92,99.925,99.92,99.92,0,20526,115158
2021-12-02,99.92,99.925,99.92,99.92,0,10436,117671
2021-12-03,99.92,99.925,99.92,99.92,0,2797,117123
2021-12-06,99.92,99.925,99.92,99.92,0,3535,117619
2021-12-07,99.92,99.925,99.92,99.925,0.0049999999999954525,7715,119880
2021-12-08,99.925,99.925,99.915,99.915,-0.009999999999990905,5246,119448
2021-12-09,99.915,99.92,99.915,99.92,0.0049999999999954525,11364,122656
2021-12-10,99.915,99.92,99.915,99.915,-0.0049999999999954525,10225,126125
2021-12-13,99.915,99.92,99.91,99.915,0,37510,131629
2021-12-14,99.91,99.915,99.905,99.91,-0.005000000000009663,25424,126985
2021-12-15,99.91,99.915,99.905,99.915,0.005000000000009663,47548,148722
2021-12-16,99.915,99.92,99.915,99.915,0,2270,149484
2021-12-17,99.915,99.92,99.915,99.915,0,6726,151876
2021-12-20,99.915,99.92,99.915,99.915,0,5568,153576
2021-12-21,99.92,99.92,99.915,99.915,0,3005,151519
2021-12-22,99.92,99.92,99.915,99.915,0,3601,150584
2021-12-23,99.92,99.92,99.915,99.92,0.0049999999999954525,2367,148477
2021-12-27,99.92,99.92,99.915,99.92,0,2052,147636
2021-12-28,99.92,99.92,99.915,99.915,-0.0049999999999954525,1783,147192
2021-12-29,99.92,99.92,99.915,99.92,0.0049999999999954525,7114,145210
2021-12-30,99.92,99.92,99.915,99.92,0,9409,141811
2021-12-31,99.92,99.92,99.915,99.92,0,2816,140598
2022-01-03,99.9175,99.9225,99.9175,99.9175,-0.0024999999999977263,10522,137631
2022-01-04,99.92,99.92,99.9175,99.9175,0,1493,137723
2022-01-05,99.92,99.92,99.9175,99.9175,0,11840,140324
2022-01-06,99.92,99.92,99.9175,99.9175,0,6977,139865
2022-01-07,99.9175,99.92,99.9175,99.9175,0,24979,140879
2022-01-10,99.92,99.92,99.915,99.915,-0.0024999999999977263,5674,140673
2022-01-11,99.9175,99.92,99.9175,99.9175,0.0024999999999977263,5549,142220
2022-01-12,99.9175,99.92,99.9175,99.9175,0,976,142311
2022-01-13,99.9175,99.92,99.9175,99.9175,0,1498,142137
2022-01-14,99.92,99.92,99.9175,99.9175,0,2383,142604
2022-01-18,99.9175,99.92,99.9175,99.9175,0,8306,146631
2022-01-19,99.92,99.92,99.9175,99.9175,0,3993,148921
2022-01-20,99.9175,99.92,99.9175,99.9175,0,2858,149055
2022-01-21,99.9175,99.92,99.9175,99.92,0.0024999999999977263,10358,153477
2022-01-24,99.92,99.92,99.9175,99.9175,-0.0024999999999977263,2107,153608
2022-01-25,99.9175,99.9175,99.9175,99.9175,0,778,154145
2022-01-26,99.92,99.9225,99.9175,99.92,0.0024999999999977263,13281,148992
2022-01-27,99.92,99.9225,99.92,99.92,0,2816,149645
2022-01-28,99.9225,99.9225,99.92,99.92,0,4653,146152
2022-01-31,99.92,99.92,99.92,99.92,0,300,145501
2022-02-01,99.921,99.921,99.921,99.921,0.0010000000000047748,,
Downloaded from Barchart.com as of 01-03-2024 10:54am CST