"Symbol: ZQG21",,,,,,"Study: VOL (LikeMain)",
"Date Time","Open","High","Low","Close","Change","Volume","Open Interest"
2018-02-28,97.445,97.445,97.445,97.445,0,,
2018-03-01,97.525,97.525,97.525,97.525,0.0800000000000125,,
2018-03-02,97.45,97.45,97.445,97.45,-0.07500000000000284,,
2018-03-05,97.44,97.49,97.425,97.44,-0.010000000000005116,,
2018-03-06,97.43,97.445,97.41,97.43,-0.009999999999990905,,
2018-03-07,97.445,97.45,97.42,97.425,-0.005000000000009663,2,1
2018-03-08,97.44,97.46,97.42,97.44,0.015000000000000568,,1
2018-03-09,97.415,97.415,97.405,97.415,-0.024999999999991473,,1
2018-03-12,97.435,97.435,97.41,97.435,0.01999999999999602,,1
2018-03-13,97.455,97.46,97.43,97.455,0.01999999999999602,,1
2018-03-14,97.48,97.5,97.445,97.48,0.025000000000005684,,1
2018-03-15,97.455,97.495,97.455,97.455,-0.025000000000005684,,1
2018-03-16,97.435,97.435,97.43,97.435,-0.01999999999999602,,1
2018-03-19,97.42,97.45,97.42,97.42,-0.015000000000000568,,1
2018-03-20,97.375,97.375,97.365,97.375,-0.045000000000001705,,1
2018-03-21,97.305,97.305,97.275,97.305,-0.06999999999999318,,1
2018-03-22,97.385,97.41,97.385,97.385,0.0799999999999983,,1
2018-03-23,97.415,97.42,97.38,97.415,0.030000000000001137,,1
2018-03-26,97.405,97.42,97.39,97.405,-0.010000000000005116,,1
2018-03-27,97.455,97.455,97.455,97.455,0.04999999999999716,,1
2018-03-28,97.47,97.51,97.47,97.47,0.015000000000000568,,1
2018-03-29,97.49,97.49,97.49,97.49,0.01999999999999602,,1
2018-04-02,97.5,97.51,97.455,97.5,0.010000000000005116,,1
2018-04-03,97.465,97.465,97.455,97.465,-0.03499999999999659,,1
2018-04-04,97.46,97.485,97.46,97.46,-0.005000000000009663,,1
2018-04-05,97.425,97.425,97.425,97.425,-0.03499999999999659,,1
2018-04-06,97.49,97.49,97.49,97.49,0.06499999999999773,,1
2018-04-09,97.49,97.49,97.47,97.49,0,,1
2018-04-10,97.48,97.48,97.47,97.48,-0.009999999999990905,,1
2018-04-11,97.485,97.51,97.485,97.485,0.0049999999999954525,,1
2018-04-12,97.435,97.435,97.435,97.435,-0.04999999999999716,,1
2018-04-13,97.435,97.44,97.425,97.435,0,,1
2018-04-16,97.43,97.43,97.415,97.43,-0.0049999999999954525,,1
2018-04-17,97.42,97.42,97.415,97.42,-0.010000000000005116,,1
2018-04-18,97.375,97.375,97.375,97.375,-0.045000000000001705,,1
2018-04-19,97.35,97.35,97.335,97.35,-0.025000000000005684,,1
2018-04-20,97.315,97.315,97.305,97.315,-0.03499999999999659,,1
2018-04-23,97.29,97.29,97.285,97.29,-0.024999999999991473,,1
2018-04-24,97.3,97.3,97.27,97.3,0.009999999999990905,,1
2018-04-25,97.265,97.265,97.26,97.265,-0.03499999999999659,,1
2018-04-26,97.28,97.285,97.28,97.28,0.015000000000000568,,1
2018-04-27,97.3,97.3,97.3,97.3,0.01999999999999602,,1
2018-04-30,97.305,97.31,97.305,97.305,0.005000000000009663,,1
2018-05-01,97.27,97.27,97.27,97.27,-0.0350000000000108,,1
2018-05-02,97.275,97.28,97.255,97.275,0.005000000000009663,,1
2018-05-03,97.31,97.325,97.31,97.31,0.03499999999999659,,1
2018-05-04,97.31,97.355,97.31,97.31,0,,1
2018-05-07,97.3,97.3,97.3,97.3,-0.010000000000005116,,1
2018-05-08,97.28,97.28,97.27,97.28,-0.01999999999999602,,1
2018-05-09,97.255,97.255,97.25,97.255,-0.025000000000005684,,1
2018-05-10,97.255,97.3,97.255,97.255,0,,1
2018-05-11,97.265,97.27,97.265,97.265,0.010000000000005116,,1
2018-05-14,97.255,97.255,97.255,97.255,-0.010000000000005116,,1
2018-05-15,97.19,97.19,97.185,97.19,-0.06499999999999773,,1
2018-05-16,97.17,97.17,97.165,97.17,-0.01999999999999602,,1
2018-05-17,97.17,97.17,97.16,97.17,0,,1
2018-05-18,97.195,97.2,97.195,97.195,0.024999999999991473,,1
2018-05-21,97.185,97.185,97.185,97.185,-0.009999999999990905,,1
2018-05-22,97.19,97.195,97.19,97.19,0.0049999999999954525,,1
2018-05-23,97.26,97.27,97.26,97.26,0.07000000000000739,,1
2018-05-24,97.28,97.31,97.28,97.28,0.01999999999999602,,1
2018-05-25,97.35,97.35,97.35,97.35,0.06999999999999318,,1
2018-05-29,97.595,97.595,97.595,97.595,0.24500000000000455,,1
2018-05-30,97.455,97.455,97.455,97.455,-0.14000000000000057,,1
2018-05-31,97.45,97.45,97.45,97.45,-0.0049999999999954525,,1
2018-06-01,97.375,97.375,97.375,97.375,-0.07500000000000284,,1
2018-06-04,97.325,97.325,97.325,97.325,-0.04999999999999716,,1
2018-06-05,97.37,97.37,97.37,97.37,0.045000000000001705,,1
2018-06-06,97.31,97.31,97.31,97.31,-0.060000000000002274,,1
2018-06-07,97.33,97.33,97.33,97.33,0.01999999999999602,,1
2018-06-08,97.335,97.335,97.335,97.335,0.0049999999999954525,,1
2018-06-11,97.305,97.305,97.305,97.305,-0.029999999999986926,,1
2018-06-12,97.285,97.285,97.285,97.285,-0.020000000000010232,,1
2018-06-13,97.245,97.245,97.245,97.245,-0.03999999999999204,,1
2018-06-14,97.25,97.25,97.24,97.25,0.0049999999999954525,,1
2018-06-15,97.255,97.255,97.255,97.255,0.0049999999999954525,,1
2018-06-18,97.235,97.255,97.235,97.255,0,15,8
2018-06-19,97.295,97.295,97.295,97.295,0.04000000000000625,,8
2018-06-20,97.275,97.275,97.275,97.275,-0.01999999999999602,,8
2018-06-21,97.29,97.29,97.29,97.29,0.015000000000000568,,8
2018-06-22,97.3,97.3,97.3,97.3,0.009999999999990905,,8
2018-06-25,97.33,97.33,97.33,97.33,0.030000000000001137,,8
2018-06-26,97.34,97.34,97.34,97.34,0.010000000000005116,,8
2018-06-27,97.38,97.38,97.38,97.38,0.03999999999999204,,8
2018-06-28,97.37,97.37,97.37,97.37,-0.009999999999990905,,8
2018-06-29,97.355,97.355,97.355,97.355,-0.015000000000000568,,8
2018-07-02,97.355,97.355,97.355,97.355,0,12,12
2018-07-03,97.37,97.37,97.37,97.37,0.015000000000000568,9,21
2018-07-05,97.345,97.345,97.345,97.345,-0.025000000000005684,,21
2018-07-06,97.36,97.36,97.36,97.36,0.015000000000000568,,21
2018-07-09,97.335,97.335,97.335,97.335,-0.025000000000005684,,21
2018-07-10,97.315,97.315,97.315,97.315,-0.01999999999999602,,21
2018-07-11,97.34,97.34,97.34,97.34,0.025000000000005684,,21
2018-07-12,97.33,97.33,97.33,97.33,-0.010000000000005116,,21
2018-07-13,97.355,97.355,97.355,97.355,0.025000000000005684,,21
2018-07-16,97.325,97.325,97.325,97.325,-0.030000000000001137,,21
2018-07-17,97.305,97.305,97.305,97.305,-0.01999999999999602,,21
2018-07-18,97.315,97.315,97.315,97.315,0.009999999999990905,,21
2018-07-19,97.335,97.335,97.335,97.335,0.01999999999999602,,21
2018-07-20,97.32,97.32,97.32,97.32,-0.015000000000000568,,21
2018-07-23,97.27,97.27,97.27,97.27,-0.04999999999999716,,21
2018-07-24,97.26,97.26,97.26,97.26,-0.009999999999990905,,21
2018-07-25,97.255,97.255,97.255,97.255,-0.005000000000009663,,21
2018-07-26,97.23,97.23,97.23,97.23,-0.024999999999991473,,21
2018-07-27,97.23,97.23,97.23,97.23,0,,21
2018-07-30,97.27,97.27,97.27,97.27,0.03999999999999204,,21
2018-07-31,97.28,97.28,97.28,97.28,0.010000000000005116,,21
2018-08-01,97.255,97.255,97.255,97.255,-0.025000000000005684,,21
2018-08-02,97.265,97.265,97.265,97.265,0.010000000000005116,,21
2018-08-03,97.295,97.295,97.295,97.295,0.030000000000001137,,21
2018-08-06,97.305,97.305,97.305,97.305,0.010000000000005116,,21
2018-08-07,97.28,97.28,97.28,97.28,-0.025000000000005684,,21
2018-08-08,97.285,97.285,97.285,97.285,0.0049999999999954525,,21
2018-08-09,97.31,97.31,97.31,97.31,0.025000000000005684,,21
2018-08-10,97.38,97.38,97.38,97.38,0.06999999999999318,,21
2018-08-13,97.38,97.38,97.38,97.38,0,,21
2018-08-14,97.35,97.35,97.35,97.35,-0.030000000000001137,,21
2018-08-15,97.385,97.385,97.385,97.385,0.0350000000000108,,21
2018-08-16,97.37,97.37,97.37,97.37,-0.015000000000000568,,21
2018-08-17,97.36,97.36,97.36,97.36,-0.010000000000005116,,21
2018-08-20,97.395,97.395,97.395,97.395,0.03499999999999659,,21
2018-08-21,97.38,97.38,97.38,97.38,-0.015000000000000568,,21
2018-08-22,97.4,97.4,97.4,97.4,0.020000000000010232,,21
2018-08-23,97.395,97.395,97.395,97.395,-0.005000000000009663,,21
2018-08-24,97.38,97.38,97.38,97.38,-0.015000000000000568,,21
2018-08-27,97.365,97.365,97.365,97.365,-0.015000000000000568,,21
2018-08-28,97.345,97.345,97.345,97.345,-0.01999999999999602,,21
2018-08-29,97.32,97.32,97.32,97.32,-0.025000000000005684,,21
2018-08-30,97.355,97.355,97.355,97.355,0.0350000000000108,,21
2018-08-31,97.38,97.38,97.38,97.38,0.024999999999991473,,21
2018-09-04,97.35,97.35,97.35,97.35,-0.030000000000001137,,21
2018-09-05,97.345,97.345,97.345,97.345,-0.0049999999999954525,,21
2018-09-06,97.37,97.37,97.37,97.37,0.025000000000005684,,21
2018-09-07,97.3,97.3,97.3,97.3,-0.07000000000000739,,21
2018-09-10,97.3,97.3,97.3,97.3,0,,21
2018-09-11,97.245,97.245,97.245,97.245,-0.05499999999999261,4,21
2018-09-12,97.24,97.24,97.24,97.24,-0.005000000000009663,,21
2018-09-13,97.22,97.22,97.22,97.22,-0.01999999999999602,,21
2018-09-14,97.195,97.195,97.195,97.195,-0.025000000000005684,,21
2018-09-17,97.19,97.19,97.19,97.19,-0.0049999999999954525,,21
2018-09-18,97.165,97.165,97.165,97.165,-0.024999999999991473,,21
2018-09-19,97.165,97.165,97.165,97.165,0,,21
2018-09-20,97.17,97.17,97.17,97.17,0.0049999999999954525,,21
2018-09-21,97.185,97.185,97.185,97.185,0.015000000000000568,,21
2018-09-24,97.175,97.175,97.175,97.175,-0.010000000000005116,,21
2018-09-25,97.145,97.145,97.145,97.145,-0.030000000000001137,,21
2018-09-26,97.15,97.15,97.15,97.15,0.005000000000009663,,21
2018-09-27,97.155,97.155,97.155,97.155,0.0049999999999954525,,21
2018-09-28,97.18,97.18,97.18,97.18,0.025000000000005684,,21
2018-10-01,97.17,97.17,97.17,97.17,-0.010000000000005116,,21
2018-10-02,97.18,97.18,97.18,97.18,0.010000000000005116,,21
2018-10-03,97.12,97.12,97.12,97.12,-0.060000000000002274,,21
2018-10-04,97.06,97.06,97.06,97.06,-0.060000000000002274,,21
2018-10-05,97.035,97.035,97.035,97.035,-0.025000000000005684,,21
2018-10-08,97.05,97.05,97.05,97.05,0.015000000000000568,,21
2018-10-09,97.04,97.04,97.04,97.04,-0.009999999999990905,,21
2018-10-10,97.05,97.05,97.05,97.05,0.009999999999990905,,21
2018-10-11,97.12,97.12,97.12,97.12,0.07000000000000739,,21
2018-10-12,97.115,97.115,97.115,97.115,-0.005000000000009663,,21
2018-10-15,97.105,97.105,97.105,97.105,-0.009999999999990905,,21
2018-10-16,97.1,97.1,97.1,97.1,-0.005000000000009663,,21
2018-10-17,97.085,97.085,97.085,97.085,-0.015000000000000568,,21
2018-10-18,97.11,97.11,97.11,97.11,0.025000000000005684,,21
2018-10-19,97.08,97.08,97.08,97.08,-0.030000000000001137,,21
2018-10-22,97.075,97.075,97.075,97.075,-0.0049999999999954525,,21
2018-10-23,97.115,97.115,97.115,97.115,0.03999999999999204,,21
2018-10-24,97.17,97.17,97.17,97.17,0.05500000000000682,,21
2018-10-25,97.16,97.16,97.16,97.16,-0.010000000000005116,,21
2018-10-26,97.215,97.215,97.215,97.215,0.05500000000000682,,21
2018-10-29,97.2,97.2,97.2,97.2,-0.015000000000000568,,21
2018-10-30,97.185,97.185,97.185,97.185,-0.015000000000000568,,21
2018-10-31,97.145,97.145,97.145,97.145,-0.04000000000000625,,21
2018-11-01,97.165,97.165,97.165,97.165,0.020000000000010232,,21
2018-11-02,97.11,97.11,97.11,97.11,-0.05500000000000682,,21
2018-11-05,97.1,97.1,97.1,97.1,-0.010000000000005116,,21
2018-11-06,97.085,97.085,97.085,97.085,-0.015000000000000568,,21
2018-11-07,97.07,97.07,97.07,97.07,-0.015000000000000568,,21
2018-11-08,97.055,97.055,97.055,97.055,-0.014999999999986358,,21
2018-11-09,97.085,97.085,97.085,97.085,0.029999999999986926,,21
2018-11-12,97.115,97.115,97.115,97.115,0.030000000000001137,,21
2018-11-13,97.13,97.13,97.13,97.13,0.015000000000000568,,21
2018-11-14,97.175,97.175,97.175,97.175,0.045000000000001705,,21
2018-11-15,97.19,97.19,97.19,97.19,0.015000000000000568,,21
2018-11-16,97.26,97.26,97.26,97.26,0.07000000000000739,,21
2018-11-19,97.3,97.3,97.3,97.3,0.03999999999999204,,21
2018-11-20,97.285,97.285,97.285,97.285,-0.015000000000000568,,21
2018-11-21,97.27,97.27,97.27,97.27,-0.015000000000000568,,21
2018-11-23,97.285,97.285,97.285,97.285,0.015000000000000568,,21
2018-11-26,97.265,97.265,97.265,97.265,-0.01999999999999602,,21
2018-11-27,97.27,97.27,97.27,97.27,0.0049999999999954525,,21
2018-11-28,97.315,97.315,97.315,97.315,0.045000000000001705,,21
2018-11-29,97.32,97.32,97.32,97.32,0.0049999999999954525,,21
2018-11-30,97.33,97.33,97.33,97.33,0.010000000000005116,,21
2018-12-03,97.31,97.31,97.31,97.31,-0.01999999999999602,,21
2018-12-04,97.345,97.345,97.345,97.345,0.03499999999999659,,21
2018-12-05,97.345,97.345,97.345,97.345,0,,21
2018-12-06,97.44,97.44,97.44,97.44,0.09499999999999886,,21
2018-12-07,97.52,97.52,97.52,97.52,0.0799999999999983,,21
2018-12-10,97.55,97.55,97.55,97.55,0.030000000000001137,,21
2018-12-11,97.495,97.495,97.495,97.495,-0.05499999999999261,,21
2018-12-12,97.465,97.465,97.465,97.465,-0.030000000000001137,,21
2018-12-13,97.475,97.475,97.475,97.475,0.009999999999990905,,21
2018-12-14,97.505,97.505,97.505,97.505,0.030000000000001137,,21
2018-12-17,97.54,97.54,97.54,97.54,0.0350000000000108,,21
2018-12-18,97.6,97.6,97.6,97.6,0.05999999999998806,,21
2018-12-19,97.63,97.63,97.63,97.63,0.030000000000001137,,21
2018-12-20,97.625,97.625,97.625,97.625,-0.0049999999999954525,,21
2018-12-21,97.65,97.65,97.65,97.65,0.025000000000005684,,21
2018-12-24,97.755,97.755,97.755,97.755,0.10499999999998977,,21
2018-12-26,97.75,97.75,97.75,97.75,-0.0049999999999954525,,21
2018-12-27,97.8,97.8,97.8,97.8,0.04999999999999716,,21
2018-12-28,97.815,97.815,97.815,97.815,0.015000000000000568,,21
2018-12-31,97.83,97.83,97.83,97.83,0.015000000000000568,,21
2019-01-02,97.845,97.845,97.845,97.845,0.015000000000000568,,21
2019-01-03,98.035,98.035,98.035,98.035,0.18999999999999773,,21
2019-01-04,97.915,97.915,97.915,97.915,-0.11999999999999034,,21
2019-01-07,97.825,97.825,97.825,97.825,-0.09000000000000341,,21
2019-01-08,97.725,97.725,97.725,97.725,-0.10000000000000853,,21
2019-01-09,97.745,97.745,97.745,97.745,0.020000000000010232,,21
2019-01-10,97.735,97.735,97.735,97.735,-0.010000000000005116,,21
2019-01-11,97.765,97.765,97.765,97.765,0.030000000000001137,,21
2019-01-14,97.77,97.77,97.77,97.77,0.0049999999999954525,,21
2019-01-15,97.765,97.765,97.765,97.765,-0.0049999999999954525,,21
2019-01-16,97.745,97.745,97.745,97.745,-0.01999999999999602,,21
2019-01-17,97.725,97.725,97.725,97.725,-0.020000000000010232,,21
2019-01-18,97.66,97.66,97.66,97.66,-0.06499999999999773,,21
2019-01-22,97.73,97.73,97.73,97.73,0.07000000000000739,,21
2019-01-23,97.71,97.71,97.71,97.71,-0.020000000000010232,,21
2019-01-24,97.75,97.75,97.75,97.75,0.04000000000000625,,21
2019-01-25,97.7,97.7,97.7,97.7,-0.04999999999999716,,21
2019-01-28,97.71,97.71,97.71,97.71,0.009999999999990905,,21
2019-01-29,97.73,97.73,97.73,97.73,0.020000000000010232,,21
2019-01-30,97.785,97.785,97.785,97.785,0.05499999999999261,,21
2019-01-31,97.88,97.88,97.88,97.88,0.09499999999999886,,21
2019-02-01,97.815,97.815,97.815,97.815,-0.06499999999999773,,21
2019-02-04,97.78,97.78,97.78,97.78,-0.03499999999999659,,21
2019-02-05,97.79,97.79,97.79,97.79,0.010000000000005116,,21
2019-02-06,97.8,97.8,97.8,97.8,0.009999999999990905,,21
2019-02-07,97.85,97.85,97.85,97.85,0.04999999999999716,,21
2019-02-08,97.875,97.875,97.875,97.875,0.025000000000005684,,21
2019-02-11,97.84,97.84,97.84,97.84,-0.03499999999999659,,21
2019-02-12,97.82,97.82,97.82,97.82,-0.020000000000010232,,21
2019-02-13,97.77,97.77,97.77,97.77,-0.04999999999999716,,21
2019-02-14,97.815,97.815,97.815,97.815,0.045000000000001705,,21
2019-02-15,97.8,97.8,97.8,97.8,-0.015000000000000568,,21
2019-02-19,97.805,97.805,97.805,97.805,0.005000000000009663,,21
2019-02-20,97.805,97.805,97.805,97.805,0,,21
2019-02-21,97.785,97.785,97.785,97.785,-0.020000000000010232,,21
2019-02-22,97.835,97.835,97.835,97.835,0.04999999999999716,,21
2019-02-25,97.825,97.825,97.825,97.825,-0.009999999999990905,,21
2019-02-26,97.86,97.86,97.86,97.86,0.03499999999999659,,21
2019-02-27,97.835,97.835,97.835,97.835,-0.025000000000005684,,21
2019-02-28,97.8,97.8,97.8,97.8,-0.03499999999999659,,21
2019-03-01,97.73,97.73,97.73,97.73,-0.06999999999999318,,21
2019-03-04,97.745,97.745,97.745,97.745,0.015000000000000568,,21
2019-03-05,97.72,97.72,97.72,97.72,-0.025000000000005684,,21
2019-03-06,97.75,97.75,97.75,97.75,0.030000000000001137,,21
2019-03-07,97.825,97.825,97.825,97.825,0.07500000000000284,,21
2019-03-08,97.835,97.835,97.835,97.835,0.009999999999990905,,21
2019-03-11,97.82,97.82,97.82,97.82,-0.015000000000000568,,21
2019-03-12,97.86,97.86,97.86,97.86,0.04000000000000625,,21
2019-03-13,97.865,97.865,97.865,97.865,0.0049999999999954525,,21
2019-03-14,97.86,97.86,97.86,97.86,-0.0049999999999954525,,21
2019-03-15,97.895,97.895,97.895,97.895,0.03499999999999659,,21
2019-03-18,97.885,97.885,97.885,97.885,-0.009999999999990905,,21
2019-03-19,97.88,97.88,97.88,97.88,-0.005000000000009663,,21
2019-03-20,97.975,97.975,97.975,97.975,0.09499999999999886,,21
2019-03-21,97.98,97.98,97.98,97.98,0.005000000000009663,,21
2019-03-22,98.11,98.11,98.11,98.11,0.12999999999999545,,21
2019-03-25,98.225,98.225,98.225,98.225,0.11499999999999488,,21
2019-03-26,98.205,98.205,98.205,98.205,-0.01999999999999602,,21
2019-03-27,98.255,98.255,98.255,98.255,0.04999999999999716,,21
2019-03-28,98.215,98.215,98.215,98.215,-0.03999999999999204,,21
2019-03-29,98.125,98.125,98.125,98.125,-0.09000000000000341,,21
2019-04-01,98.05,98.05,98.05,98.05,-0.07500000000000284,,21
2019-04-02,98.07,98.07,98.07,98.07,0.01999999999999602,,21
2019-04-03,98.045,98.045,98.045,98.045,-0.024999999999991473,,21
2019-04-04,98.04,98.04,98.04,98.04,-0.0049999999999954525,,21
2019-04-05,98.035,98.035,98.035,98.035,-0.005000000000009663,,21
2019-04-08,98.02,98.02,98.02,98.02,-0.015000000000000568,,21
2019-04-09,98.045,98.045,98.045,98.045,0.025000000000005684,,21
2019-04-10,98.065,98.065,98.065,98.065,0.01999999999999602,,21
2019-04-11,98.03,98.03,98.03,98.03,-0.03499999999999659,,21
2019-04-12,97.965,97.965,97.965,97.965,-0.06499999999999773,,21
2019-04-15,97.965,97.965,97.965,97.965,0,,21
2019-04-16,97.94,97.94,97.94,97.94,-0.025000000000005684,,21
2019-04-17,97.955,97.955,97.955,97.955,0.015000000000000568,,21
2019-04-18,97.975,97.975,97.975,97.975,0.01999999999999602,,21
2019-04-22,97.975,97.975,97.975,97.975,0,,21
2019-04-23,98,98,98,98,0.025000000000005684,,21
2019-04-24,98.05,98.05,98.05,98.05,0.04999999999999716,,21
2019-04-25,98.035,98.035,98.035,98.035,-0.015000000000000568,,21
2019-04-26,98.085,98.085,98.085,98.085,0.04999999999999716,,21
2019-04-29,98.075,98.075,98.075,98.075,-0.009999999999990905,,21
2019-04-30,98.1,98.1,98.1,98.1,0.024999999999991473,,21
2019-05-01,98.06,98.115,98.06,98.06,-0.03999999999999204,,21
2019-05-02,97.995,97.995,97.995,97.995,-0.06499999999999773,,21
2019-05-03,98,98,98,98,0.0049999999999954525,,21
2019-05-06,98.04,98.04,98.04,98.04,0.04000000000000625,,21
2019-05-07,98.095,98.1,98.095,98.095,0.05499999999999261,,21
2019-05-08,98.07,98.07,98.07,98.07,-0.025000000000005684,,21
2019-05-09,98.1,98.1,98.1,98.1,0.030000000000001137,,21
2019-05-10,98.115,98.115,98.115,98.115,0.015000000000000568,,21
2019-05-13,98.195,98.195,98.195,98.195,0.0799999999999983,,21
2019-05-14,98.19,98.19,98.19,98.19,-0.0049999999999954525,,21
2019-05-15,98.245,98.245,98.245,98.245,0.05500000000000682,,21
2019-05-16,98.2,98.2,98.2,98.2,-0.045000000000001705,,21
2019-05-17,98.205,98.205,98.205,98.205,0.0049999999999954525,,21
2019-05-20,98.185,98.185,98.185,98.185,-0.01999999999999602,,21
2019-05-21,98.145,98.145,98.145,98.145,-0.04000000000000625,,21
2019-05-22,98.18,98.18,98.18,98.18,0.0350000000000108,,21
2019-05-23,98.32,98.32,98.32,98.32,0.13999999999998636,,21
2019-05-24,98.29,98.29,98.28,98.28,-0.03999999999999204,30,51
2019-05-28,98.34,98.36,98.34,98.34,0.060000000000002274,,51
2019-05-29,98.38,98.41,98.38,98.38,0.03999999999999204,,51
2019-05-30,98.4,98.4,98.4,98.4,0.020000000000010232,,51
2019-05-31,98.555,98.555,98.555,98.555,0.15500000000000114,,51
2019-06-03,98.675,98.675,98.675,98.675,0.11999999999999034,50,53
2019-06-04,98.615,98.615,98.555,98.615,-0.060000000000002274,,53
2019-06-05,98.635,98.635,98.635,98.635,0.020000000000010232,2,54
2019-06-06,98.565,98.565,98.555,98.565,-0.07000000000000739,,54
2019-06-07,98.575,98.59,98.575,98.575,0.010000000000005116,22,59
2019-06-10,98.52,98.52,98.515,98.52,-0.05500000000000682,,59
2019-06-11,98.53,98.53,98.48,98.53,0.010000000000005116,,59
2019-06-12,98.58,98.58,98.58,98.58,0.04999999999999716,,59
2019-06-13,98.655,98.655,98.655,98.655,0.07500000000000284,,59
2019-06-14,98.635,98.685,98.63,98.635,-0.01999999999999602,21,60
2019-06-17,98.61,98.64,98.59,98.61,-0.025000000000005684,,60
2019-06-18,98.605,98.665,98.585,98.605,-0.0049999999999954525,1,60
2019-06-19,98.565,98.735,98.55,98.71,0.10499999999998977,130,189
2019-06-20,98.77,98.79,98.66,98.735,0.025000000000005684,360,530
2019-06-21,98.69,98.69,98.65,98.69,-0.045000000000001705,50,550
2019-06-24,98.75,98.76,98.75,98.75,0.060000000000002274,,550
2019-06-25,98.765,98.795,98.725,98.765,0.015000000000000568,10,540
2019-06-26,98.69,98.69,98.69,98.69,-0.07500000000000284,,540
2019-06-27,98.72,98.72,98.72,98.72,0.030000000000001137,,540
2019-06-28,98.7,98.7,98.695,98.7,-0.01999999999999602,,540
2019-07-01,98.67,98.675,98.63,98.645,-0.05500000000000682,25,565
2019-07-02,98.66,98.695,98.655,98.69,0.045000000000001705,173,565
2019-07-03,98.7,98.725,98.69,98.69,0,2,565
2019-07-05,98.56,98.71,98.55,98.56,-0.12999999999999545,37,590
2019-07-08,98.57,98.595,98.56,98.57,0.009999999999990905,51,600
2019-07-09,98.545,98.575,98.535,98.55,-0.01999999999999602,3,600
2019-07-10,98.52,98.63,98.52,98.61,0.060000000000002274,56,607
2019-07-11,98.58,98.625,98.54,98.565,-0.045000000000001705,2,607
2019-07-12,98.575,98.59,98.54,98.59,0.025000000000005684,14,600
2019-07-15,98.57,98.605,98.565,98.6,0.009999999999990905,42,600
2019-07-16,98.585,98.585,98.54,98.57,-0.030000000000001137,19,600
2019-07-17,98.58,98.645,98.58,98.62,0.05000000000001137,10,600
2019-07-18,98.645,98.72,98.62,98.705,0.08499999999999375,25,600
2019-07-19,98.69,98.71,98.64,98.665,-0.03999999999999204,24,603
2019-07-22,98.65,98.68,98.635,98.68,0.015000000000000568,8,603
2019-07-23,98.655,98.665,98.645,98.645,-0.0350000000000108,37,603
2019-07-24,98.645,98.685,98.645,98.655,0.010000000000005116,9,603
2019-07-25,98.67,98.695,98.62,98.64,-0.015000000000000568,22,600
2019-07-26,98.64,98.645,98.605,98.615,-0.025000000000005684,2,600
2019-07-29,98.645,98.645,98.625,98.63,0.015000000000000568,9,600
2019-07-30,98.625,98.65,98.62,98.625,-0.0049999999999954525,7,600
2019-07-31,98.63,98.635,98.465,98.56,-0.06499999999999773,299,847
2019-08-01,98.53,98.78,98.525,98.765,0.2049999999999983,392,1132
2019-08-02,98.77,98.82,98.735,98.775,0.010000000000005116,162,1130
2019-08-05,98.905,99,98.905,98.995,0.21999999999999886,73,1142
2019-08-06,98.995,99.05,98.93,98.935,-0.060000000000002274,337,841
2019-08-07,98.97,99.07,98.945,98.985,0.04999999999999716,104,811
2019-08-08,98.94,98.95,98.895,98.935,-0.04999999999999716,24,811
2019-08-09,98.895,98.965,98.895,98.905,-0.030000000000001137,5,811
2019-08-12,98.975,98.985,98.975,98.975,0.06999999999999318,,811
2019-08-13,98.89,98.995,98.855,98.865,-0.10999999999999943,15,821
2019-08-14,98.955,98.97,98.925,98.955,0.09000000000000341,2,821
2019-08-15,98.975,99.065,98.95,99.03,0.07500000000000284,9,820
2019-08-16,99.025,99.04,99,99.035,0.0049999999999954525,18,820
2019-08-19,99.015,99.015,98.98,98.98,-0.05499999999999261,42,820
2019-08-20,99.02,99.035,99.02,99.02,0.03999999999999204,,820
2019-08-21,98.98,99.01,98.965,98.98,-0.03999999999999204,77,820
2019-08-22,98.975,98.975,98.92,98.925,-0.05500000000000682,7,819
2019-08-23,99.025,99.055,98.89,99.025,0.10000000000000853,,819
2019-08-26,99.05,99.055,98.995,98.995,-0.030000000000001137,20,819
2019-08-27,99.05,99.055,99.035,99.04,0.045000000000001705,79,819
2019-08-28,99.075,99.085,99.05,99.07,0.029999999999986926,125,819
2019-08-29,99.04,99.065,99.02,99.03,-0.03999999999999204,90,820
2019-08-30,99.055,99.065,99.02,99.065,0.03499999999999659,13,820
2019-09-03,99.065,99.15,99.05,99.135,0.07000000000000739,96,794
2019-09-04,99.125,99.175,99.125,99.175,0.03999999999999204,1111,1004
2019-09-05,99.1,99.14,99.005,99.045,-0.12999999999999545,61,989
2019-09-06,99.025,99.055,99,99.05,0.0049999999999954525,101,974
2019-09-09,98.955,98.985,98.955,98.985,-0.06499999999999773,26,954
2019-09-10,98.93,98.93,98.825,98.87,-0.11499999999999488,54,1003
2019-09-11,98.855,98.86,98.82,98.84,-0.030000000000001137,93,966
2019-09-12,98.815,98.88,98.745,98.75,-0.09000000000000341,202,885
2019-09-13,98.755,98.755,98.66,98.675,-0.07500000000000284,240,940
2019-09-16,98.725,98.765,98.695,98.75,0.07500000000000284,261,1024
2019-09-17,98.77,98.795,98.725,98.77,0.01999999999999602,896,1209
2019-09-18,98.755,98.81,98.73,98.76,-0.009999999999990905,482,986
2019-09-19,98.76,98.805,98.76,98.795,0.03499999999999659,51,1025
2019-09-20,98.775,98.8,98.725,98.745,-0.04999999999999716,143,931
2019-09-23,98.75,98.845,98.75,98.805,0.060000000000002274,69,949
2019-09-24,98.805,98.925,98.795,98.91,0.10499999999998977,105,1006
2019-09-25,98.89,98.89,98.805,98.81,-0.09999999999999432,28,1000
2019-09-26,98.81,98.84,98.805,98.815,0.0049999999999954525,254,1139
2019-09-27,98.79,98.835,98.775,98.835,0.01999999999999602,5,1136
2019-09-30,98.775,98.83,98.775,98.83,-0.0049999999999954525,36,1145
2019-10-01,98.795,98.91,98.75,98.9,0.07000000000000739,1613,2076
2019-10-02,98.92,98.975,98.885,98.97,0.06999999999999318,398,2176
2019-10-03,98.965,99.075,98.95,99.07,0.09999999999999432,632,2232
2019-10-04,99.06,99.085,99.02,99.05,-0.01999999999999602,358,2165
2019-10-07,99.05,99.05,98.965,98.975,-0.07500000000000284,180,2123
2019-10-08,98.975,99.035,98.94,99.01,0.0350000000000108,341,2156
2019-10-09,99.02,99.02,98.945,98.945,-0.06500000000001194,252,2133
2019-10-10,98.965,99.01,98.86,98.875,-0.06999999999999318,359,2259
2019-10-11,98.87,98.885,98.725,98.755,-0.12000000000000455,2314,2413
2019-10-14,98.79,98.83,98.775,98.775,0.020000000000010232,68,2438
2019-10-15,98.8,98.815,98.73,98.735,-0.04000000000000625,872,2600
2019-10-16,98.8,98.8,98.75,98.79,0.05500000000000682,172,2613
2019-10-17,98.795,98.805,98.72,98.76,-0.030000000000001137,1171,2765
2019-10-18,98.77,98.8,98.745,98.79,0.030000000000001137,483,2984
2019-10-21,98.78,98.8,98.74,98.755,-0.0350000000000108,659,3438
2019-10-22,98.74,98.795,98.74,98.78,0.025000000000005684,1018,3836
2019-10-23,98.8,98.825,98.78,98.8,0.01999999999999602,272,3905
2019-10-24,98.76,98.815,98.76,98.79,-0.009999999999990905,1049,4591
2019-10-25,98.795,98.8,98.725,98.74,-0.05000000000001137,1932,5531
2019-10-28,98.71,98.725,98.705,98.71,-0.030000000000001137,668,5646
2019-10-29,98.705,98.73,98.7,98.705,-0.0049999999999954525,642,5625
2019-10-30,98.7,98.765,98.68,98.73,0.025000000000005684,785,5731
2019-10-31,98.725,98.855,98.725,98.845,0.11499999999999488,779,5742
2019-11-01,98.82,98.84,98.76,98.785,-0.060000000000002274,2328,6238
2019-11-04,98.765,98.765,98.725,98.73,-0.05499999999999261,1293,6672
2019-11-05,98.725,98.735,98.685,98.69,-0.04000000000000625,6965,8483
2019-11-06,98.705,98.735,98.695,98.72,0.030000000000001137,1184,8889
2019-11-07,98.725,98.735,98.605,98.645,-0.07500000000000284,9333,11186
2019-11-08,98.66,98.68,98.62,98.645,0,894,10744
2019-11-11,98.66,98.665,98.63,98.635,-0.009999999999990905,104,10663
2019-11-12,98.635,98.665,98.62,98.665,0.030000000000001137,595,10562
2019-11-13,98.645,98.71,98.645,98.705,0.03999999999999204,1558,10579
2019-11-14,98.705,98.765,98.695,98.75,0.045000000000001705,3462,10657
2019-11-15,98.72,98.745,98.72,98.735,-0.015000000000000568,605,10915
2019-11-18,98.725,98.77,98.715,98.76,0.025000000000005684,1475,11180
2019-11-19,98.74,98.785,98.73,98.785,0.024999999999991473,1301,11449
2019-11-20,98.815,98.83,98.795,98.82,0.03499999999999659,6570,9882
2019-11-21,98.84,98.855,98.785,98.8,-0.01999999999999602,1481,9592
2019-11-22,98.79,98.82,98.77,98.77,-0.030000000000001137,2441,9810
2019-11-25,98.77,98.775,98.745,98.76,-0.009999999999990905,843,9749
2019-11-26,98.755,98.785,98.75,98.775,0.015000000000000568,2047,10136
2019-11-27,98.77,98.775,98.73,98.73,-0.045000000000001705,1306,10043
2019-11-29,98.735,98.745,98.72,98.745,0.015000000000000568,558,10418
2019-12-02,98.725,98.73,98.69,98.72,-0.025000000000005684,2207,10703
2019-12-03,98.705,98.835,98.705,98.82,0.09999999999999432,4859,10735
2019-12-04,98.805,98.83,98.75,98.75,-0.06999999999999318,2380,11254
2019-12-05,98.765,98.775,98.73,98.755,0.0049999999999954525,1439,12047
2019-12-06,98.745,98.75,98.67,98.715,-0.03999999999999204,2961,12436
2019-12-09,98.705,98.73,98.705,98.71,-0.005000000000009663,1434,11983
2019-12-10,98.725,98.735,98.68,98.69,-0.01999999999999602,2051,12407
2019-12-11,98.69,98.735,98.68,98.725,0.03499999999999659,443,12391
2019-12-12,98.72,98.76,98.64,98.66,-0.06499999999999773,4104,11879
2019-12-13,98.62,98.72,98.615,98.705,0.045000000000001705,2906,11707
2019-12-16,98.68,98.685,98.645,98.65,-0.05499999999999261,2232,12664
2019-12-17,98.665,98.67,98.65,98.65,0,675,12748
2019-12-18,98.65,98.66,98.63,98.635,-0.015000000000000568,912,12682
2019-12-19,98.635,98.67,98.615,98.65,0.015000000000000568,615,12994
2019-12-20,98.645,98.645,98.625,98.63,-0.020000000000010232,362,12879
2019-12-23,98.635,98.635,98.61,98.61,-0.01999999999999602,1103,13669
2019-12-24,98.615,98.63,98.6,98.625,0.015000000000000568,587,13912
2019-12-26,98.62,98.635,98.615,98.625,0,379,13774
2019-12-27,98.635,98.655,98.625,98.65,0.025000000000005684,881,14022
2019-12-30,98.65,98.65,98.615,98.64,-0.010000000000005116,458,14013
2019-12-31,98.63,98.64,98.615,98.635,-0.0049999999999954525,2392,15516
2020-01-02,98.625,98.675,98.61,98.645,0.009999999999990905,4245,17662
2020-01-03,98.68,98.73,98.68,98.715,0.07000000000000739,4002,17074
2020-01-06,98.74,98.745,98.705,98.715,0,1637,16742
2020-01-07,98.715,98.74,98.71,98.71,-0.005000000000009663,1922,17650
2020-01-08,98.76,98.815,98.665,98.67,-0.03999999999999204,4733,17751
2020-01-09,98.66,98.68,98.645,98.675,0.0049999999999954525,2567,17426
2020-01-10,98.665,98.69,98.66,98.68,0.005000000000009663,2361,18833
2020-01-13,98.675,98.675,98.665,98.67,-0.010000000000005116,1138,18823
2020-01-14,98.675,98.695,98.66,98.685,0.015000000000000568,7789,23346
2020-01-15,98.69,98.7,98.68,98.68,-0.0049999999999954525,2598,22626
2020-01-16,98.675,98.69,98.66,98.68,0,5175,23098
2020-01-17,98.68,98.685,98.65,98.66,-0.020000000000010232,2699,23350
2020-01-21,98.67,98.705,98.67,98.7,0.04000000000000625,2883,24502
2020-01-22,98.69,98.715,98.685,98.715,0.015000000000000568,4549,25023
2020-01-23,98.725,98.76,98.72,98.73,0.015000000000000568,3853,24377
2020-01-24,98.71,98.775,98.71,98.765,0.03499999999999659,4945,24733
2020-01-27,98.78,98.835,98.78,98.83,0.06499999999999773,6621,26576
2020-01-28,98.825,98.865,98.785,98.795,-0.03499999999999659,9556,28283
2020-01-29,98.795,98.85,98.785,98.84,0.045000000000001705,6225,30603
2020-01-30,98.845,98.905,98.84,98.88,0.03999999999999204,6582,32857
2020-01-31,98.835,98.945,98.835,98.93,0.05000000000001137,9089,32467
2020-02-03,98.92,98.94,98.86,98.9,-0.030000000000001137,5483,34632
2020-02-04,98.88,98.885,98.81,98.82,-0.0800000000000125,8082,36162
2020-02-05,98.815,98.85,98.755,98.785,-0.03499999999999659,12266,43583
2020-02-06,98.78,98.79,98.75,98.775,-0.009999999999990905,3555,43617
2020-02-07,98.775,98.825,98.76,98.82,0.044999999999987494,19206,43345
2020-02-10,98.84,98.86,98.81,98.855,0.0350000000000108,3171,43978
2020-02-11,98.82,98.835,98.805,98.82,-0.0350000000000108,9284,46286
2020-02-12,98.81,98.815,98.785,98.79,-0.029999999999986926,11767,50896
2020-02-13,98.79,98.845,98.79,98.8,0.009999999999990905,11545,51525
2020-02-14,98.81,98.845,98.8,98.835,0.03499999999999659,4802,53476
2020-02-18,98.815,98.87,98.815,98.855,0.020000000000010232,4306,54149
2020-02-19,98.85,98.855,98.83,98.83,-0.025000000000005684,6912,57200
2020-02-20,98.85,98.895,98.825,98.875,0.045000000000001705,5614,56667
2020-02-21,98.88,98.96,98.88,98.94,0.06499999999999773,7117,56863
2020-02-24,99.025,99.06,98.975,99.03,0.09000000000000341,16931,57337
2020-02-25,99,99.105,98.99,99.085,0.05499999999999261,17549,54615
2020-02-26,99.07,99.14,99.045,99.13,0.045000000000001705,18832,57930
2020-02-27,99.135,99.295,99.115,99.2,0.07000000000000739,23440,63363
2020-02-28,99.25,99.425,99.235,99.41,0.20999999999999375,35523,65377
2020-03-02,99.5,99.585,99.335,99.445,0.03499999999999659,32125,66738
2020-03-03,99.41,99.655,99.355,99.555,0.11000000000001364,24451,63068
2020-03-04,99.605,99.67,99.575,99.635,0.0799999999999983,18054,63649
2020-03-05,99.6,99.755,99.585,99.72,0.08499999999999375,29826,63408
2020-03-06,99.7,99.855,99.7,99.8,0.0799999999999983,38458,63022
2020-03-09,99.835,99.93,99.81,99.88,0.0799999999999983,29819,57716
2020-03-10,99.875,99.905,99.75,99.805,-0.07499999999998863,26184,62748
2020-03-11,99.77,99.895,99.77,99.86,0.05499999999999261,23828,65514
2020-03-12,99.875,99.945,99.85,99.88,0.01999999999999602,35302,60787
2020-03-13,99.92,99.925,99.845,99.875,-0.0049999999999954525,16107,59581
2020-03-16,99.875,99.915,99.865,99.885,0.010000000000005116,23271,59490
2020-03-17,99.875,99.895,99.805,99.825,-0.060000000000002274,19014,59365
2020-03-18,99.85,99.885,99.79,99.84,0.015000000000000568,16832,56824
2020-03-19,99.85,99.895,99.835,99.875,0.03499999999999659,14893,56026
2020-03-20,99.875,99.91,99.855,99.895,0.01999999999999602,10151,58065
2020-03-23,99.905,99.93,99.875,99.905,0.010000000000005116,14381,57235
2020-03-24,99.91,99.91,99.88,99.89,-0.015000000000000568,8055,57015
2020-03-25,99.89,99.915,99.885,99.91,0.01999999999999602,7233,57042
2020-03-26,99.9,99.925,99.9,99.92,0.010000000000005116,11534,56420
2020-03-27,99.92,99.935,99.91,99.92,0,8499,54643
2020-03-30,99.93,99.935,99.91,99.915,-0.0049999999999954525,13343,53139
2020-03-31,99.915,99.92,99.905,99.92,0.0049999999999954525,5381,52981
2020-04-01,99.915,99.94,99.905,99.925,0.0049999999999954525,8842,55219
2020-04-02,99.94,99.94,99.915,99.92,-0.0049999999999954525,6899,55484
2020-04-03,99.925,99.93,99.915,99.92,0,11835,52116
2020-04-06,99.915,99.92,99.91,99.915,-0.0049999999999954525,10817,51691
2020-04-07,99.915,99.92,99.9,99.9,-0.015000000000000568,10349,51066
2020-04-08,99.91,99.915,99.9,99.91,0.009999999999990905,5558,51372
2020-04-09,99.91,99.93,99.91,99.925,0.015000000000000568,6911,52574
2020-04-13,99.925,99.925,99.91,99.915,-0.009999999999990905,2818,53926
2020-04-14,99.905,99.915,99.9,99.91,-0.005000000000009663,9981,58042
2020-04-15,99.91,99.925,99.91,99.92,0.010000000000005116,8326,60869
2020-04-16,99.925,99.93,99.92,99.925,0.0049999999999954525,6140,61194
2020-04-17,99.925,99.93,99.915,99.925,0,2966,60773
2020-04-20,99.925,99.93,99.925,99.93,0.005000000000009663,2639,61119
2020-04-21,99.93,99.935,99.93,99.93,0,9543,62426
2020-04-22,99.935,99.935,99.925,99.925,-0.005000000000009663,5255,62091
2020-04-23,99.93,99.935,99.93,99.93,0.005000000000009663,10797,67862
2020-04-24,99.935,99.94,99.935,99.935,0.0049999999999954525,15016,72846
2020-04-27,99.94,99.945,99.93,99.935,0,21351,79272
2020-04-28,99.935,99.94,99.935,99.935,0,8239,82115
2020-04-29,99.94,99.955,99.94,99.95,0.015000000000000568,12959,83397
2020-04-30,99.95,99.965,99.95,99.965,0.015000000000000568,8059,83330
2020-05-01,99.96,99.965,99.96,99.96,-0.005000000000009663,13071,85458
2020-05-04,99.965,99.965,99.96,99.965,0.005000000000009663,5183,85263
2020-05-05,99.96,99.97,99.96,99.965,0,3345,85491
2020-05-06,99.97,99.985,99.965,99.975,0.009999999999990905,14424,88685
2020-05-07,99.98,100.035,99.98,100.02,0.045000000000001705,45389,84047
2020-05-08,100.02,100.045,99.99,100,-0.01999999999999602,33835,87825
2020-05-11,99.99,100,99.99,99.99,-0.010000000000005116,12042,85156
2020-05-12,99.995,100,99.99,99.99,0,10178,85560
2020-05-13,100.005,100.02,99.99,99.995,0.005000000000009663,21110,86441
2020-05-14,100,100,99.995,100,0.0049999999999954525,7446,86865
2020-05-15,100,100,99.995,99.995,-0.0049999999999954525,3028,85974
2020-05-18,100,100,99.97,99.975,-0.020000000000010232,16888,84371
2020-05-19,99.975,99.975,99.96,99.965,-0.009999999999990905,20148,77945
2020-05-20,99.97,99.985,99.965,99.975,0.009999999999990905,10477,75885
2020-05-21,99.975,99.98,99.97,99.975,0,4283,74308
2020-05-22,99.98,99.985,99.975,99.98,0.005000000000009663,2939,73113
2020-05-26,99.98,99.985,99.97,99.97,-0.010000000000005116,11285,71420
2020-05-27,99.97,99.98,99.97,99.975,0.0049999999999954525,8034,69938
2020-05-28,99.975,99.98,99.975,99.975,0,6555,71901
2020-05-29,99.98,99.985,99.975,99.985,0.010000000000005116,6826,71266
2020-06-01,99.99,99.995,99.985,99.99,0.0049999999999954525,2666,71245
2020-06-02,99.99,99.99,99.98,99.985,-0.0049999999999954525,4792,71076
2020-06-03,99.98,99.985,99.97,99.97,-0.015000000000000568,14647,68729
2020-06-04,99.97,99.985,99.965,99.965,-0.0049999999999954525,17463,69754
2020-06-05,99.965,99.965,99.945,99.955,-0.010000000000005116,8561,69618
2020-06-08,99.955,99.96,99.955,99.955,0,2155,69728
2020-06-09,99.96,99.965,99.955,99.96,0.0049999999999954525,4804,70213
2020-06-10,99.965,99.975,99.96,99.97,0.010000000000005116,9880,71495
2020-06-11,99.975,99.985,99.965,99.98,0.010000000000005116,12593,71420
2020-06-12,99.965,99.97,99.96,99.965,-0.015000000000000568,4931,72828
2020-06-15,99.96,99.965,99.96,99.965,0,9529,76020
2020-06-16,99.96,99.96,99.95,99.955,-0.010000000000005116,6873,78227
2020-06-17,99.96,99.965,99.955,99.96,0.0049999999999954525,8446,83059
2020-06-18,99.96,99.96,99.96,99.96,0,3771,81563
2020-06-19,99.96,99.965,99.96,99.96,0,2215,83505
2020-06-22,99.965,99.97,99.96,99.97,0.010000000000005116,3421,82895
2020-06-23,99.965,99.97,99.96,99.965,-0.0049999999999954525,2330,83661
2020-06-24,99.965,99.97,99.96,99.965,0,7400,83222
2020-06-25,99.97,99.97,99.965,99.97,0.0049999999999954525,1813,82984
2020-06-26,99.975,99.98,99.965,99.975,0.0049999999999954525,9810,86982
2020-06-29,99.98,99.985,99.98,99.985,0.010000000000005116,2459,87897
2020-06-30,99.99,99.99,99.98,99.985,0,4834,88576
2020-07-01,99.985,99.99,99.975,99.98,-0.0049999999999954525,2393,88470
2020-07-02,99.975,99.98,99.965,99.975,-0.005000000000009663,3330,87991
2020-07-06,99.975,99.98,99.975,99.975,0,3040,89269
2020-07-07,99.98,99.98,99.975,99.975,0,1838,88688
2020-07-08,99.975,99.98,99.975,99.98,0.005000000000009663,1175,88376
2020-07-09,99.98,99.99,99.98,99.985,0.0049999999999954525,2818,88843
2020-07-10,99.985,99.995,99.985,99.985,0,4957,87443
2020-07-13,99.99,99.99,99.98,99.98,-0.0049999999999954525,1738,87590
2020-07-14,99.985,99.985,99.98,99.98,0,5134,88627
2020-07-15,99.98,99.98,99.975,99.98,0,3349,89319
2020-07-16,99.98,99.985,99.975,99.985,0.0049999999999954525,3753,89431
2020-07-17,99.98,99.98,99.975,99.975,-0.010000000000005116,2072,89944
2020-07-20,99.98,99.98,99.975,99.975,0,4746,92024
2020-07-21,99.975,99.98,99.97,99.975,0,10280,94151
2020-07-22,99.975,99.98,99.975,99.975,0,5401,92143
2020-07-23,99.975,99.975,99.97,99.975,0,2025,91643
2020-07-24,99.975,99.975,99.97,99.97,-0.0049999999999954525,6947,94811
2020-07-27,99.97,99.975,99.965,99.97,0,5487,94373
2020-07-28,99.97,99.97,99.965,99.97,0,8599,98034
2020-07-29,99.97,99.975,99.965,99.97,0,13871,101144
2020-07-30,99.965,99.975,99.965,99.97,0,8996,102167
2020-07-31,99.97,99.975,99.965,99.97,0,8652,105437
2020-08-03,99.975,99.975,99.965,99.965,-0.0049999999999954525,3846,105625
2020-08-04,99.97,99.97,99.96,99.965,0,2365,106280
2020-08-05,99.97,99.975,99.96,99.96,-0.005000000000009663,3592,108176
2020-08-06,99.965,99.965,99.96,99.96,0,3281,106766
2020-08-07,99.96,99.96,99.955,99.955,-0.0049999999999954525,15692,104516
2020-08-10,99.955,99.96,99.95,99.955,0,6156,104552
2020-08-11,99.955,99.96,99.955,99.955,0,34697,97748
2020-08-12,99.955,99.955,99.955,99.955,0,8325,97726
2020-08-13,99.955,99.955,99.95,99.955,0,8321,94561
2020-08-14,99.95,99.95,99.945,99.945,-0.010000000000005116,4245,94088
2020-08-17,99.95,99.95,99.945,99.95,0.005000000000009663,1563,94399
2020-08-18,99.95,99.955,99.95,99.95,0,1071,94200
2020-08-19,99.95,99.955,99.95,99.95,0,6490,95505
2020-08-20,99.95,99.955,99.95,99.95,0,5313,95779
2020-08-21,99.95,99.955,99.95,99.95,0,3189,97640
2020-08-24,99.955,99.955,99.95,99.95,0,2253,98359
2020-08-25,99.95,99.95,99.945,99.945,-0.005000000000009663,5185,98699
2020-08-26,99.945,99.945,99.94,99.945,0,13181,96400
2020-08-27,99.945,99.95,99.94,99.945,0,21448,92338
2020-08-28,99.945,99.955,99.945,99.95,0.005000000000009663,4782,92966
2020-08-31,99.95,99.955,99.95,99.95,0,6178,92508
2020-09-01,99.95,99.955,99.95,99.95,0,5581,92745
2020-09-02,99.955,99.955,99.95,99.95,0,859,92499
2020-09-03,99.95,99.955,99.95,99.955,0.0049999999999954525,11815,96795
2020-09-04,99.955,99.955,99.945,99.945,-0.010000000000005116,12783,95584
2020-09-08,99.95,99.95,99.94,99.945,0,5458,96971
2020-09-09,99.945,99.945,99.945,99.945,0,7957,96966
2020-09-10,99.94,99.945,99.94,99.94,-0.0049999999999954525,1070,97020
2020-09-11,99.945,99.945,99.94,99.945,0.0049999999999954525,9383,98754
2020-09-14,99.945,99.95,99.945,99.945,0,7655,100618
2020-09-15,99.945,99.95,99.945,99.945,0,1507,100250
2020-09-16,99.945,99.95,99.94,99.945,0,15243,98109
2020-09-17,99.945,99.95,99.945,99.945,0,4556,98007
2020-09-18,99.945,99.945,99.94,99.94,-0.0049999999999954525,5884,97360
2020-09-21,99.945,99.945,99.94,99.94,0,3326,97942
2020-09-22,99.945,99.945,99.94,99.94,0,949,98523
2020-09-23,99.945,99.945,99.94,99.94,0,6853,96598
2020-09-24,99.945,99.945,99.94,99.945,0.0049999999999954525,6030,98369
2020-09-25,99.945,99.945,99.94,99.945,0,3130,100728
2020-09-28,99.945,99.945,99.94,99.945,0,2793,101510
2020-09-29,99.945,99.945,99.94,99.945,0,534,101368
2020-09-30,99.945,99.945,99.935,99.935,-0.009999999999990905,7266,101126
2020-10-01,99.94,99.94,99.935,99.935,0,686,101024
2020-10-02,99.94,99.94,99.935,99.935,0,5198,101509
2020-10-05,99.94,99.94,99.935,99.935,0,4072,100505
2020-10-06,99.935,99.94,99.93,99.935,0,14232,99453
2020-10-07,99.935,99.935,99.93,99.935,0,2694,100002
2020-10-08,99.935,99.935,99.93,99.93,-0.0049999999999954525,4766,101319
2020-10-09,99.935,99.935,99.93,99.93,0,6434,101634
2020-10-12,99.935,99.935,99.93,99.93,0,17,101455
2020-10-13,99.935,99.935,99.93,99.93,0,2064,101354
2020-10-14,99.935,99.935,99.93,99.935,0.0049999999999954525,542,101433
2020-10-15,99.935,99.935,99.93,99.93,-0.0049999999999954525,3298,102122
2020-10-16,99.935,99.935,99.93,99.93,0,1923,101619
2020-10-19,99.93,99.93,99.93,99.93,0,248,101640
2020-10-20,99.935,99.935,99.93,99.93,0,676,101958
2020-10-21,99.93,99.93,99.925,99.93,0,10380,106835
2020-10-22,99.925,99.925,99.92,99.925,-0.005000000000009663,17174,100247
2020-10-23,99.925,99.925,99.92,99.92,-0.0049999999999954525,719,100608
2020-10-26,99.92,99.93,99.92,99.925,0.0049999999999954525,6247,101083
2020-10-27,99.93,99.93,99.925,99.925,0,1905,100857
2020-10-28,99.93,99.93,99.925,99.925,0,2604,99506
2020-10-29,99.93,99.93,99.93,99.93,0.005000000000009663,4513,97399
2020-10-30,99.93,99.93,99.925,99.925,-0.005000000000009663,3809,97973
2020-11-02,99.93,99.93,99.925,99.93,0.005000000000009663,4891,96776
2020-11-03,99.93,99.935,99.925,99.93,0,9241,96749
2020-11-04,99.93,99.935,99.925,99.925,-0.005000000000009663,6923,97783
2020-11-05,99.93,99.93,99.925,99.925,0,1481,98043
2020-11-06,99.925,99.925,99.92,99.925,0,5342,99620
2020-11-09,99.925,99.925,99.915,99.92,-0.0049999999999954525,9397,98033
2020-11-10,99.925,99.925,99.915,99.92,0,5010,99134
2020-11-11,99.92,99.92,99.915,99.92,0,27128,112927
2020-11-12,99.92,99.925,99.92,99.925,0.0049999999999954525,2351,112774
2020-11-13,99.92,99.925,99.92,99.92,-0.0049999999999954525,1140,113060
2020-11-16,99.925,99.925,99.92,99.925,0.0049999999999954525,1555,112837
2020-11-17,99.925,99.925,99.92,99.925,0,2203,112539
2020-11-18,99.925,99.925,99.92,99.925,0,2530,112291
2020-11-19,99.925,99.93,99.92,99.93,0.005000000000009663,11495,113352
2020-11-20,99.925,99.93,99.925,99.93,0,20140,110681
2020-11-23,99.93,99.93,99.925,99.925,-0.005000000000009663,4860,110812
2020-11-24,99.925,99.93,99.925,99.93,0.005000000000009663,3410,111733
2020-11-25,99.925,99.93,99.925,99.925,-0.005000000000009663,9504,110445
2020-11-27,99.925,99.925,99.925,99.925,0,4490,111523
2020-11-30,99.925,99.925,99.92,99.925,0,9310,113501
2020-12-01,99.925,99.925,99.92,99.92,-0.0049999999999954525,14003,112903
2020-12-02,99.925,99.925,99.92,99.92,0,11666,118074
2020-12-03,99.925,99.925,99.92,99.92,0,7928,117573
2020-12-04,99.92,99.925,99.92,99.92,0,2902,116727
2020-12-07,99.925,99.925,99.92,99.925,0.0049999999999954525,2080,116980
2020-12-08,99.925,99.925,99.92,99.92,-0.0049999999999954525,8052,119699
2020-12-09,99.925,99.925,99.92,99.92,0,8055,119714
2020-12-10,99.92,99.925,99.92,99.92,0,10293,119446
2020-12-11,99.925,99.93,99.92,99.93,0.010000000000005116,24058,129486
2020-12-14,99.93,99.93,99.92,99.925,-0.005000000000009663,20247,134047
2020-12-15,99.925,99.925,99.92,99.92,-0.0049999999999954525,30046,141484
2020-12-16,99.925,99.925,99.915,99.92,0,21376,141248
2020-12-17,99.92,99.92,99.915,99.915,-0.0049999999999954525,17197,146363
2020-12-18,99.915,99.92,99.915,99.915,0,8140,149155
2020-12-21,99.915,99.92,99.915,99.915,0,3325,149939
2020-12-22,99.92,99.92,99.915,99.915,0,3121,149472
2020-12-23,99.915,99.92,99.915,99.92,0.0049999999999954525,17360,147227
2020-12-24,99.92,99.925,99.92,99.92,0,4239,147437
2020-12-28,99.92,99.925,99.92,99.92,0,2783,148877
2020-12-29,99.925,99.925,99.92,99.92,0,3783,149265
2020-12-30,99.92,99.925,99.92,99.92,0,2304,150287
2020-12-31,99.92,99.92,99.92,99.92,0,6630,151511
2021-01-04,99.925,99.925,99.92,99.92,0,6841,148528
2021-01-05,99.925,99.925,99.92,99.92,0,8079,147509
2021-01-06,99.92,99.925,99.92,99.92,0,18233,152130
2021-01-07,99.92,99.925,99.92,99.92,0,15729,155852
2021-01-08,99.92,99.925,99.92,99.92,0,4306,157838
2021-01-11,99.92,99.925,99.92,99.92,0,3341,156367
2021-01-12,99.92,99.92,99.915,99.915,-0.0049999999999954525,12265,159766
2021-01-13,99.92,99.92,99.915,99.915,0,9049,156399
2021-01-14,99.92,99.92,99.915,99.915,0,923,156634
2021-01-15,99.915,99.92,99.915,99.915,0,11610,157367
2021-01-19,99.915,99.92,99.915,99.915,0,3578,157911
2021-01-20,99.92,99.92,99.915,99.915,0,19251,160271
2021-01-21,99.92,99.925,99.915,99.92,0.0049999999999954525,32318,166731
2021-01-22,99.92,99.925,99.92,99.92,0,4601,165904
2021-01-25,99.925,99.925,99.92,99.92,0,14757,164762
2021-01-26,99.925,99.93,99.92,99.925,0.0049999999999954525,68659,170970
2021-01-27,99.92,99.93,99.92,99.925,0,45460,168650
2021-01-28,99.925,99.93,99.925,99.925,0,11570,168779
2021-01-29,99.925,99.945,99.925,99.94,0.015000000000000568,89286,187261
2021-02-01,99.94,99.94,99.9325,99.9325,-0.007499999999993179,32013,186241
2021-02-02,99.935,99.935,99.9275,99.9325,0,50920,173747
2021-02-03,99.93,99.9325,99.93,99.9325,0,7683,177124
2021-02-04,99.93,99.9375,99.93,99.935,0.0024999999999977263,29719,179504
2021-02-05,99.935,99.9375,99.935,99.935,0,28702,184701
2021-02-08,99.935,99.9375,99.93,99.935,0,39087,188481
2021-02-09,99.9325,99.9325,99.93,99.93,-0.0049999999999954525,42705,216568
2021-02-10,99.9275,99.93,99.9275,99.93,0,21296,197702
2021-02-11,99.9275,99.93,99.925,99.925,-0.005000000000009663,12088,203092
2021-02-12,99.93,99.93,99.9275,99.9275,0.0024999999999977263,6231,203348
2021-02-16,99.9275,99.9275,99.925,99.9275,0,11867,206135
2021-02-17,99.925,99.9275,99.925,99.9275,0,2868,206761
2021-02-18,99.9275,99.9275,99.9225,99.925,-0.0024999999999977263,13928,213753
2021-02-19,99.925,99.9275,99.925,99.9275,0.0024999999999977263,2492,213334
2021-02-22,99.9275,99.9275,99.9225,99.925,-0.0024999999999977263,11844,210403
2021-02-23,99.925,99.925,99.925,99.925,0,676,210580
2021-02-24,99.925,99.925,99.9225,99.925,0,525,210481
2021-02-25,99.925,99.925,99.925,99.925,0,1457,210450
2021-02-26,99.9225,99.925,99.9225,99.9225,-0.0024999999999977263,1621,
Downloaded from Barchart.com as of 01-03-2024 11:24am CST