"Symbol: ZQH14",,,,,,"Study: VOL (LikeMain)",
"Date Time","Open","High","Low","Close","Change","Volume","Open Interest"
2011-03-31,97.17,97.17,97.17,97.17,0,88824,696369
2011-04-01,97.12,97.12,97.12,97.12,-0.04999999999999716,161024,640085
2011-04-04,97.175,97.175,97.175,97.175,0.05499999999999261,64513,646184
2011-04-05,97.11,97.11,97.11,97.11,-0.06499999999999773,102627,638687
2011-04-06,97.06,97.06,97.06,97.06,-0.04999999999999716,61773,644069
2011-04-07,97.105,97.105,97.105,97.105,0.045000000000001705,47638,647045
2011-04-08,97.075,97.075,97.075,97.075,-0.030000000000001137,48801,648285
2011-04-11,97.075,97.075,97.075,97.075,0,38274,647376
2011-04-12,97.195,97.195,97.195,97.195,0.11999999999999034,69278,652385
2011-04-13,97.24,97.24,97.24,97.24,0.045000000000001705,63855,660934
2011-04-14,97.22,97.22,97.22,97.22,-0.01999999999999602,61996,668024
2011-04-15,97.33,97.33,97.33,97.33,0.10999999999999943,46951,668978
2011-04-18,97.38,97.435,97.38,97.435,0.10500000000000398,52092,675587
2011-04-19,97.405,97.41,97.405,97.41,-0.025000000000005684,34532,682782
2011-04-20,97.335,97.335,97.335,97.335,-0.07500000000000284,30045,684967
2011-04-21,97.32,97.32,97.32,97.32,-0.015000000000000568,32122,686325
2011-04-25,97.37,97.37,97.37,97.37,0.05000000000001137,13646,689916
2011-04-26,97.455,97.455,97.455,97.455,0.08499999999999375,39023,695570
2011-04-27,97.46,97.46,97.42,97.42,-0.03499999999999659,67705,703311
2011-04-28,97.535,97.535,97.535,97.535,0.11499999999999488,47089,713340
2011-04-29,97.57,97.57,97.57,97.57,0.03499999999999659,42245,640349
2011-05-02,97.585,97.585,97.585,97.585,0.015000000000000568,42070,647237
2011-05-03,97.58,97.585,97.58,97.585,0,28129,646665
2011-05-04,97.54,97.6,97.54,97.59,0.005000000000009663,67408,651217
2011-05-05,97.65,97.65,97.65,97.65,0.060000000000002274,74524,662492
2011-05-06,97.65,97.7,97.65,97.7,0.04999999999999716,80759,672042
2011-05-09,97.725,97.725,97.725,97.725,0.024999999999991473,40026,673582
2011-05-10,97.64,97.64,97.64,97.64,-0.08499999999999375,48828,681620
2011-05-11,97.71,97.71,97.71,97.71,0.06999999999999318,58612,691851
2011-05-12,97.665,97.665,97.665,97.665,-0.044999999999987494,55975,694694
2011-05-13,97.705,97.705,97.705,97.705,0.03999999999999204,38407,696820
2011-05-16,97.765,97.765,97.765,97.765,0.060000000000002274,23010,697934
2011-05-17,97.805,97.805,97.805,97.805,0.04000000000000625,43523,699377
2011-05-18,97.775,97.775,97.725,97.725,-0.0800000000000125,58248,702467
2011-05-19,97.745,97.745,97.745,97.745,0.020000000000010232,71447,701402
2011-05-20,97.795,97.795,97.795,97.795,0.04999999999999716,34078,710809
2011-05-23,97.86,97.86,97.805,97.805,0.010000000000005116,37678,709171
2011-05-24,97.825,97.825,97.825,97.825,0.01999999999999602,93204,714235
2011-05-25,97.85,97.85,97.85,97.85,0.024999999999991473,67957,716839
2011-05-26,97.95,97.95,97.95,97.95,0.10000000000000853,60728,730241
2011-05-27,97.965,97.965,97.965,97.965,0.015000000000000568,50692,739677
2011-05-31,98.01,98.01,98.01,98.01,0.045000000000001705,38264,751787
2011-06-01,98.11,98.155,98.11,98.135,0.125,63360,685434
2011-06-02,98.1,98.1,98.1,98.1,-0.0350000000000108,64862,689103
2011-06-03,98.14,98.14,98.14,98.14,0.04000000000000625,85265,694440
2011-06-06,98.14,98.14,98.14,98.14,0,16099,694930
2011-06-07,98.155,98.155,98.155,98.155,0.015000000000000568,55067,699273
2011-06-08,98.28,98.28,98.28,98.28,0.125,79085,717412
2011-06-09,98.235,98.235,98.235,98.235,-0.045000000000001705,29066,717109
2011-06-10,98.265,98.265,98.265,98.265,0.030000000000001137,29994,721942
2011-06-13,98.235,98.235,98.235,98.235,-0.030000000000001137,24588,725651
2011-06-14,98.1,98.1,98.1,98.1,-0.13500000000000512,56124,728513
2011-06-15,98.22,98.22,98.22,98.22,0.12000000000000455,88658,746484
2011-06-16,98.285,98.285,98.285,98.285,0.06499999999999773,89972,750527
2011-06-17,98.27,98.27,98.27,98.27,-0.015000000000000568,32718,751915
2011-06-20,98.275,98.275,98.275,98.275,0.005000000000009663,52559,757233
2011-06-21,98.255,98.255,98.255,98.255,-0.020000000000010232,51095,758735
2011-06-22,98.27,98.285,98.26,98.26,0.005000000000009663,82635,763310
2011-06-23,98.39,98.39,98.39,98.39,0.12999999999999545,79959,775558
2011-06-24,98.46,98.46,98.46,98.46,0.06999999999999318,85072,786090
2011-06-27,98.41,98.41,98.41,98.41,-0.04999999999999716,38761,785164
2011-06-28,98.25,98.25,98.25,98.25,-0.1599999999999966,112447,775250
2011-06-29,98.16,98.16,98.16,98.16,-0.09000000000000341,37507,769465
2011-06-30,98.05,98.05,98.05,98.05,-0.10999999999999943,76462,709978
2011-07-01,97.985,97.985,97.985,97.985,-0.06499999999999773,38612,714741
2011-07-05,98.115,98.115,98.115,98.115,0.12999999999999545,28554,718588
2011-07-06,98.195,98.195,98.195,98.195,0.0799999999999983,60265,722562
2011-07-07,98.1,98.1,98.1,98.1,-0.09499999999999886,47643,728246
2011-07-08,98.305,98.305,98.305,98.305,0.2050000000000125,77877,742464
2011-07-11,98.425,98.425,98.425,98.425,0.11999999999999034,81732,764128
2011-07-12,98.42,98.42,98.42,98.42,-0.0049999999999954525,108680,768069
2011-07-13,98.5,98.5,98.5,98.5,0.0799999999999983,85096,776791
2011-07-14,98.475,98.475,98.475,98.475,-0.025000000000005684,108193,800731
2011-07-15,98.51,98.51,98.51,98.51,0.0350000000000108,47650,802639
2011-07-18,98.545,98.545,98.545,98.545,0.03499999999999659,53134,806874
2011-07-19,98.56,98.56,98.56,98.56,0.015000000000000568,105092,823635
2011-07-20,98.515,98.515,98.515,98.515,-0.045000000000001705,70061,827817
2011-07-21,98.455,98.455,98.455,98.455,-0.060000000000002274,72902,827055
2011-07-22,98.505,98.505,98.505,98.505,0.04999999999999716,51495,836076
2011-07-25,98.54,98.54,98.54,98.54,0.0350000000000108,39059,845250
2011-07-26,98.61,98.61,98.61,98.61,0.06999999999999318,58868,864924
2011-07-27,98.595,98.595,98.595,98.595,-0.015000000000000568,101765,881338
2011-07-28,98.625,98.625,98.625,98.625,0.030000000000001137,106671,902995
2011-07-29,98.82,98.82,98.82,98.82,0.19499999999999318,93630,851619
2011-08-01,98.88,98.88,98.88,98.88,0.060000000000002274,127267,860909
2011-08-02,98.96,98.96,98.96,98.96,0.0799999999999983,132097,858944
2011-08-03,98.98,98.98,98.98,98.98,0.020000000000010232,108461,840910
2011-08-04,99.065,99.065,99.065,99.065,0.08499999999999375,156437,824793
2011-08-05,98.94,98.94,98.94,98.94,-0.125,83955,820484
2011-08-08,99.09,99.09,99.09,99.09,0.15000000000000568,124134,825172
2011-08-09,99.305,99.305,99.305,99.305,0.2150000000000034,86558,826278
2011-08-10,99.37,99.37,99.37,99.37,0.06499999999999773,118561,832273
2011-08-11,99.375,99.375,99.375,99.375,0.0049999999999954525,95246,830314
2011-08-12,99.395,99.395,99.395,99.395,0.01999999999999602,44121,829889
2011-08-15,99.4,99.4,99.4,99.4,0.005000000000009663,21119,830622
2011-08-16,99.395,99.395,99.395,99.395,-0.005000000000009663,27303,830056
2011-08-17,99.395,99.41,99.395,99.41,0.015000000000000568,41214,827701
2011-08-18,99.445,99.495,99.43,99.43,0.020000000000010232,104863,821337
2011-08-19,99.415,99.415,99.415,99.415,-0.015000000000000568,32461,818215
2011-08-22,99.41,99.41,99.41,99.41,-0.005000000000009663,30071,816578
2011-08-23,99.395,99.395,99.395,99.395,-0.015000000000000568,48254,809195
2011-08-24,99.345,99.345,99.345,99.345,-0.04999999999999716,35420,807371
2011-08-25,99.365,99.365,99.365,99.365,0.01999999999999602,36721,806743
2011-08-26,99.385,99.385,99.385,99.385,0.020000000000010232,33008,803010
2011-08-29,99.35,99.35,99.35,99.35,-0.0350000000000108,35141,800845
2011-08-30,99.39,99.39,99.39,99.39,0.04000000000000625,43352,799502
2011-08-31,99.39,99.39,99.39,99.39,0,72644,791249
2011-09-01,99.44,99.44,99.44,99.44,0.04999999999999716,38122,712510
2011-09-02,99.47,99.47,99.47,99.47,0.030000000000001137,35731,713042
2011-09-06,99.465,99.465,99.465,99.465,-0.0049999999999954525,31032,711422
2011-09-07,99.435,99.435,99.435,99.435,-0.030000000000001137,28816,709559
2011-09-08,99.455,99.455,99.455,99.455,0.01999999999999602,49086,712594
2011-09-09,99.485,99.485,99.485,99.485,0.030000000000001137,26846,711757
2011-09-12,99.47,99.47,99.47,99.47,-0.015000000000000568,23302,711405
2011-09-13,99.465,99.465,99.465,99.465,-0.0049999999999954525,37525,708104
2011-09-14,99.48,99.48,99.48,99.48,0.015000000000000568,44903,709063
2011-09-15,99.425,99.425,99.425,99.425,-0.05500000000000682,48423,708237
2011-09-16,99.425,99.425,99.425,99.425,0,28965,705097
2011-09-19,99.485,99.485,99.485,99.485,0.060000000000002274,52198,703443
2011-09-20,99.505,99.505,99.48,99.48,-0.0049999999999954525,52246,707947
2011-09-21,99.495,99.495,99.495,99.495,0.015000000000000568,108226,707479
2011-09-22,99.55,99.55,99.55,99.55,0.05499999999999261,46961,702175
2011-09-23,99.505,99.555,99.48,99.505,-0.045000000000001705,38751,697633
2011-09-26,99.445,99.445,99.44,99.445,-0.060000000000002274,10706,694833
2011-09-27,99.39,99.39,99.38,99.38,-0.06499999999999773,26455,688765
2011-09-28,99.37,99.37,99.37,99.37,-0.009999999999990905,23212,688004
2011-09-29,99.375,99.375,99.375,99.375,0.0049999999999954525,42730,686361
2011-09-30,99.37,99.37,99.365,99.365,-0.010000000000005116,34363,633245
2011-10-03,99.43,99.43,99.43,99.43,0.06500000000001194,42205,623317
2011-10-04,99.41,99.41,99.405,99.405,-0.025000000000005684,36015,623049
2011-10-05,99.38,99.38,99.38,99.38,-0.025000000000005684,31000,622009
2011-10-06,99.365,99.365,99.365,99.365,-0.015000000000000568,23801,620725
2011-10-07,99.35,99.35,99.35,99.35,-0.015000000000000568,18989,620652
2011-10-10,99.415,99.425,99.335,99.335,-0.015000000000000568,3621,620383
2011-10-11,99.27,99.27,99.235,99.235,-0.09999999999999432,23618,617999
2011-10-12,99.235,99.235,99.235,99.235,0,19882,617260
2011-10-13,99.3,99.3,99.3,99.3,0.06499999999999773,35125,618493
2011-10-14,99.285,99.285,99.285,99.285,-0.015000000000000568,12840,616408
2011-10-17,99.33,99.33,99.33,99.33,0.045000000000001705,15598,622108
2011-10-18,99.365,99.365,99.365,99.365,0.03499999999999659,30187,621992
2011-10-19,99.37,99.37,99.37,99.37,0.005000000000009663,29194,629499
2011-10-20,99.37,99.37,99.37,99.37,0,18903,632629
2011-10-21,99.37,99.37,99.37,99.37,0,15058,637894
2011-10-24,99.37,99.37,99.37,99.37,0,11663,640614
2011-10-25,99.41,99.43,99.41,99.43,0.060000000000002274,16470,641904
2011-10-26,99.435,99.435,99.415,99.415,-0.015000000000000568,18874,643000
2011-10-27,99.35,99.35,99.3,99.325,-0.09000000000000341,33785,648590
2011-10-28,99.36,99.4,99.36,99.37,0.045000000000001705,39094,655520
2011-10-31,99.47,99.47,99.47,99.47,0.09999999999999432,23769,654059
2011-11-01,99.495,99.565,99.495,99.55,0.0799999999999983,31607,596589
2011-11-02,99.58,99.585,99.58,99.585,0.03499999999999659,37067,596645
2011-11-03,99.58,99.58,99.58,99.58,-0.0049999999999954525,25291,593932
2011-11-04,99.585,99.585,99.585,99.585,0.0049999999999954525,13017,590022
2011-11-07,99.595,99.595,99.595,99.595,0.010000000000005116,8913,586102
2011-11-08,99.575,99.575,99.575,99.575,-0.01999999999999602,14613,586944
2011-11-09,99.585,99.615,99.58,99.58,0.0049999999999954525,20062,587724
2011-11-10,99.55,99.555,99.55,99.555,-0.024999999999991473,18624,594076
2011-11-11,99.55,99.55,99.55,99.55,-0.005000000000009663,3291,594169
2011-11-14,99.54,99.54,99.53,99.53,-0.01999999999999602,28238,596469
2011-11-15,99.56,99.56,99.55,99.55,0.01999999999999602,17045,598935
2011-11-16,99.55,99.575,99.55,99.565,0.015000000000000568,31679,601941
2011-11-17,99.58,99.58,99.55,99.55,-0.015000000000000568,41870,598969
2011-11-18,99.55,99.55,99.54,99.54,-0.009999999999990905,38781,597090
2011-11-21,99.535,99.535,99.53,99.53,-0.010000000000005116,15382,595736
2011-11-22,99.53,99.53,99.53,99.53,0,15240,597515
2011-11-23,99.535,99.535,99.535,99.535,0.0049999999999954525,16134,600393
2011-11-25,99.54,99.54,99.525,99.525,-0.009999999999990905,26638,603712
2011-11-28,99.5,99.53,99.5,99.53,0.0049999999999954525,30739,610578
2011-11-29,99.55,99.55,99.55,99.55,0.01999999999999602,29855,616393
2011-11-30,99.535,99.535,99.535,99.535,-0.015000000000000568,37741,620613
2011-12-01,99.53,99.53,99.51,99.51,-0.024999999999991473,32318,557466
2011-12-02,99.53,99.53,99.51,99.51,0,20181,557108
2011-12-05,99.51,99.51,99.51,99.51,0,20443,560612
2011-12-06,99.51,99.51,99.51,99.51,0,28695,559953
2011-12-07,99.525,99.525,99.525,99.525,0.015000000000000568,35228,568024
2011-12-08,99.545,99.545,99.545,99.545,0.01999999999999602,24346,566028
2011-12-09,99.555,99.555,99.555,99.555,0.010000000000005116,18793,567758
2011-12-12,99.555,99.555,99.55,99.55,-0.005000000000009663,10517,570935
2011-12-13,99.55,99.55,99.55,99.55,0,14354,573418
2011-12-14,99.545,99.545,99.545,99.545,-0.0049999999999954525,18525,572291
2011-12-15,99.545,99.545,99.545,99.545,0,13228,571008
2011-12-16,99.545,99.545,99.545,99.545,0,21573,570459
2011-12-19,99.565,99.645,99.565,99.635,0.09000000000000341,14600,569653
2011-12-20,99.61,99.61,99.59,99.6,-0.0350000000000108,33973,565916
2011-12-21,99.605,99.605,99.605,99.605,0.005000000000009663,19755,565582
2011-12-22,99.605,99.605,99.585,99.585,-0.020000000000010232,23928,569227
2011-12-23,99.545,99.55,99.545,99.55,-0.03499999999999659,16015,574020
2011-12-27,99.54,99.54,99.54,99.54,-0.009999999999990905,8492,575653
2011-12-28,99.555,99.555,99.555,99.555,0.015000000000000568,12981,573315
2011-12-29,99.58,99.58,99.58,99.58,0.024999999999991473,16407,571587
2011-12-30,99.62,99.62,99.62,99.62,0.04000000000000625,33799,506840
2012-01-03,99.615,99.615,99.615,99.615,-0.005000000000009663,31206,513191
2012-01-04,99.605,99.605,99.605,99.605,-0.009999999999990905,28017,514235
2012-01-05,99.61,99.61,99.61,99.61,0.0049999999999954525,21280,514754
2012-01-06,99.63,99.63,99.63,99.63,0.01999999999999602,18026,516545
2012-01-09,99.65,99.65,99.65,99.65,0.020000000000010232,12477,517134
2012-01-10,99.65,99.65,99.65,99.65,0,12560,516316
2012-01-11,99.67,99.67,99.67,99.67,0.01999999999999602,16725,514334
2012-01-12,99.68,99.68,99.675,99.675,0.0049999999999954525,20216,515069
2012-01-13,99.705,99.705,99.705,99.705,0.030000000000001137,18537,518356
2012-01-17,99.71,99.71,99.71,99.71,0.0049999999999954525,14264,520680
2012-01-18,99.7,99.7,99.7,99.7,-0.009999999999990905,17364,522230
2012-01-19,99.68,99.68,99.68,99.68,-0.01999999999999602,20792,524868
2012-01-20,99.68,99.69,99.645,99.645,-0.0350000000000108,39853,528218
2012-01-23,99.645,99.645,99.645,99.645,0,25489,531223
2012-01-24,99.655,99.655,99.655,99.655,0.010000000000005116,10513,530229
2012-01-25,99.745,99.745,99.71,99.71,0.05499999999999261,29395,531814
2012-01-26,99.745,99.75,99.74,99.74,0.030000000000001137,20795,534482
2012-01-27,99.765,99.77,99.735,99.74,0,12849,536716
2012-01-30,99.75,99.75,99.74,99.745,0.005000000000009663,20152,538906
2012-01-31,99.745,99.755,99.745,99.745,0,19822,548721
2012-02-01,99.755,99.755,99.735,99.735,-0.010000000000005116,53325,493070
2012-02-02,99.735,99.735,99.735,99.735,0,57629,485872
2012-02-03,99.69,99.7,99.685,99.685,-0.04999999999999716,67939,489352
2012-02-06,99.69,99.695,99.69,99.695,0.009999999999990905,57024,493222
2012-02-07,99.675,99.675,99.66,99.66,-0.03499999999999659,77293,510111
2012-02-08,99.65,99.65,99.65,99.65,-0.009999999999990905,35953,507245
2012-02-09,99.625,99.63,99.62,99.625,-0.025000000000005684,51963,514609
2012-02-10,99.66,99.665,99.64,99.64,0.015000000000000568,46163,518051
2012-02-13,99.635,99.635,99.635,99.635,-0.0049999999999954525,27315,521550
2012-02-14,99.635,99.635,99.63,99.63,-0.005000000000009663,31815,526334
2012-02-15,99.655,99.655,99.645,99.645,0.015000000000000568,41344,528445
2012-02-16,99.615,99.625,99.605,99.625,-0.01999999999999602,43014,532059
2012-02-17,99.6,99.62,99.595,99.62,-0.0049999999999954525,27444,537682
2012-02-21,99.615,99.615,99.595,99.6,-0.020000000000010232,40653,546520
2012-02-22,99.59,99.615,99.59,99.615,0.015000000000000568,23331,551628
2012-02-23,99.61,99.61,99.61,99.61,-0.0049999999999954525,38809,559461
2012-02-24,99.605,99.605,99.605,99.605,-0.0049999999999954525,20386,562031
2012-02-27,99.62,99.63,99.62,99.62,0.015000000000000568,23615,567217
2012-02-28,99.635,99.66,99.635,99.64,0.01999999999999602,15121,566181
2012-02-29,99.655,99.655,99.625,99.625,-0.015000000000000568,18642,570847
2012-03-01,99.61,99.62,99.585,99.615,-0.010000000000005116,12777,505802
2012-03-02,99.63,99.63,99.62,99.62,0.005000000000009663,28624,506949
2012-03-05,99.595,99.595,99.595,99.595,-0.025000000000005684,28465,511274
2012-03-06,99.62,99.62,99.62,99.62,0.025000000000005684,16458,512829
2012-03-07,99.605,99.605,99.605,99.605,-0.015000000000000568,41388,518117
2012-03-08,99.6,99.605,99.575,99.59,-0.015000000000000568,36787,518659
2012-03-09,99.59,99.59,99.56,99.57,-0.020000000000010232,31079,521176
2012-03-12,99.565,99.575,99.565,99.575,0.005000000000009663,18217,524456
2012-03-13,99.545,99.555,99.535,99.545,-0.030000000000001137,37664,530754
2012-03-14,99.49,99.49,99.395,99.43,-0.11499999999999488,57597,535741
2012-03-15,99.4,99.435,99.4,99.435,0.0049999999999954525,45017,542341
2012-03-16,99.4,99.44,99.395,99.44,0.0049999999999954525,33622,548139
2012-03-19,99.395,99.395,99.375,99.375,-0.06499999999999773,26492,547765
2012-03-20,99.37,99.375,99.33,99.35,-0.025000000000005684,29008,553560
2012-03-21,99.37,99.395,99.37,99.39,0.04000000000000625,29117,559570
2012-03-22,99.425,99.425,99.41,99.41,0.01999999999999602,29495,563860
2012-03-23,99.44,99.44,99.435,99.44,0.030000000000001137,29024,563609
2012-03-26,99.425,99.465,99.42,99.465,0.025000000000005684,30086,570211
2012-03-27,99.475,99.53,99.475,99.52,0.05499999999999261,26016,571439
2012-03-28,99.52,99.525,99.51,99.52,0,37572,574009
2012-03-29,99.535,99.535,99.535,99.535,0.015000000000000568,19023,575684
2012-03-30,99.525,99.525,99.525,99.525,-0.009999999999990905,25750,520235
2012-04-02,99.535,99.535,99.525,99.525,0,21981,519960
2012-04-03,99.54,99.54,99.46,99.475,-0.05000000000001137,39657,519960
2012-04-04,99.505,99.515,99.49,99.49,0.015000000000000568,21217,522378
2012-04-05,99.51,99.51,99.51,99.51,0.020000000000010232,23852,525819
2012-04-06,99.5,99.595,99.5,99.59,0.0799999999999983,28281,525463
2012-04-09,99.615,99.615,99.61,99.61,0.01999999999999602,19517,525973
2012-04-10,99.61,99.66,99.6,99.64,0.030000000000001137,53748,520321
2012-04-11,99.62,99.65,99.62,99.645,0.0049999999999954525,18314,522929
2012-04-12,99.665,99.665,99.64,99.655,0.010000000000005116,56491,520025
2012-04-13,99.67,99.67,99.66,99.66,0.0049999999999954525,50991,523205
2012-04-16,99.68,99.7,99.655,99.655,-0.0049999999999954525,21016,523489
2012-04-17,99.65,99.67,99.65,99.67,0.015000000000000568,36262,518082
2012-04-18,99.675,99.685,99.675,99.675,0.0049999999999954525,27158,521593
2012-04-19,99.68,99.685,99.68,99.685,0.010000000000005116,21714,521755
2012-04-20,99.675,99.685,99.67,99.685,0,21904,518408
2012-04-23,99.695,99.695,99.69,99.695,0.009999999999990905,45204,525420
2012-04-24,99.685,99.69,99.68,99.69,-0.0049999999999954525,40506,523564
2012-04-25,99.675,99.69,99.665,99.69,0,30353,523197
2012-04-26,99.7,99.7,99.695,99.695,0.0049999999999954525,20269,526618
2012-04-27,99.69,99.695,99.69,99.695,0,12325,528259
2012-04-30,99.7,99.72,99.7,99.715,0.020000000000010232,14657,488003
2012-05-01,99.71,99.725,99.705,99.71,-0.005000000000009663,24043,490074
2012-05-02,99.715,99.725,99.71,99.71,0,18078,491311
2012-05-03,99.715,99.715,99.71,99.71,0,23037,491396
2012-05-04,99.72,99.72,99.715,99.715,0.005000000000009663,29726,497121
2012-05-07,99.73,99.74,99.715,99.72,0.0049999999999954525,14977,498854
2012-05-08,99.73,99.74,99.725,99.735,0.015000000000000568,26001,499715
2012-05-09,99.735,99.745,99.735,99.74,0.0049999999999954525,39484,506064
2012-05-10,99.725,99.73,99.725,99.73,-0.009999999999990905,16299,512295
2012-05-11,99.735,99.74,99.725,99.73,0,25867,516734
2012-05-14,99.74,99.74,99.73,99.73,0,21321,519663
2012-05-15,99.715,99.73,99.715,99.725,-0.005000000000009663,28152,528528
2012-05-16,99.72,99.72,99.705,99.72,-0.0049999999999954525,27641,531646
2012-05-17,99.715,99.725,99.71,99.71,-0.010000000000005116,24695,531688
2012-05-18,99.7,99.705,99.7,99.705,-0.0049999999999954525,9635,532908
2012-05-21,99.705,99.705,99.705,99.705,0,10824,535674
2012-05-22,99.705,99.71,99.7,99.71,0.0049999999999954525,40115,539386
2012-05-23,99.705,99.72,99.705,99.715,0.005000000000009663,27280,536798
2012-05-24,99.715,99.715,99.71,99.715,0,26811,536664
2012-05-25,99.715,99.72,99.715,99.715,0,22180,539551
2012-05-29,99.715,99.72,99.715,99.72,0.0049999999999954525,20317,539857
2012-05-30,99.72,99.745,99.715,99.74,0.01999999999999602,31969,538081
2012-05-31,99.74,99.775,99.74,99.745,0.005000000000009663,49974,497693
2012-06-01,99.77,99.78,99.77,99.775,0.030000000000001137,43388,495981
2012-06-04,99.775,99.775,99.765,99.77,-0.005000000000009663,16853,495193
2012-06-05,99.765,99.775,99.76,99.775,0.005000000000009663,18890,494175
2012-06-06,99.765,99.765,99.75,99.765,-0.010000000000005116,12860,495242
2012-06-07,99.765,99.77,99.76,99.765,0,16971,496980
2012-06-08,99.765,99.77,99.765,99.765,0,7981,498071
2012-06-11,99.75,99.77,99.75,99.765,0,15146,497711
2012-06-12,99.765,99.765,99.75,99.75,-0.015000000000000568,59834,497662
2012-06-13,99.75,99.75,99.75,99.75,0,33157,503927
2012-06-14,99.75,99.75,99.74,99.75,0,29041,511829
2012-06-15,99.755,99.78,99.75,99.77,0.01999999999999602,41162,521411
2012-06-18,99.76,99.79,99.76,99.79,0.020000000000010232,37737,518779
2012-06-19,99.785,99.785,99.77,99.77,-0.020000000000010232,42603,515363
2012-06-20,99.765,99.765,99.745,99.755,-0.015000000000000568,56500,516903
2012-06-21,99.75,99.76,99.74,99.755,0,29147,521551
2012-06-22,99.745,99.75,99.735,99.74,-0.015000000000000568,31774,530220
2012-06-25,99.74,99.745,99.74,99.745,0.005000000000009663,16797,527190
2012-06-26,99.745,99.745,99.74,99.74,-0.005000000000009663,12113,526590
2012-06-27,99.74,99.74,99.74,99.74,0,18465,525987
2012-06-28,99.745,99.755,99.745,99.75,0.010000000000005116,17741,529215
2012-06-29,99.735,99.735,99.735,99.735,-0.015000000000000568,20372,484359
2012-07-02,99.75,99.76,99.75,99.755,0.01999999999999602,13405,486600
2012-07-03,99.765,99.765,99.75,99.755,0,33054,485982
2012-07-05,99.755,99.765,99.755,99.765,0.010000000000005116,17086,484467
2012-07-06,99.77,99.785,99.765,99.785,0.01999999999999602,31114,488305
2012-07-09,99.79,99.79,99.79,99.79,0.005000000000009663,18587,488497
2012-07-10,99.8,99.8,99.795,99.795,0.0049999999999954525,23221,487622
2012-07-11,99.795,99.795,99.79,99.795,0,30408,486457
2012-07-12,99.805,99.81,99.8,99.81,0.015000000000000568,26955,485194
2012-07-13,99.805,99.83,99.8,99.815,0.0049999999999954525,46810,492021
2012-07-16,99.83,99.835,99.825,99.835,0.01999999999999602,39726,488086
2012-07-17,99.825,99.835,99.82,99.835,0,51734,486461
2012-07-18,99.83,99.84,99.83,99.84,0.005000000000009663,24721,482151
2012-07-19,99.85,99.85,99.835,99.845,0.0049999999999954525,41275,482959
2012-07-20,99.84,99.845,99.84,99.845,0,32193,489187
2012-07-23,99.85,99.85,99.835,99.845,0,12495,488965
2012-07-24,99.84,99.845,99.835,99.845,0,28027,493089
2012-07-25,99.84,99.845,99.84,99.845,0,16304,493999
2012-07-26,99.84,99.84,99.84,99.84,-0.0049999999999954525,23149,499807
2012-07-27,99.835,99.835,99.81,99.81,-0.030000000000001137,27067,500115
2012-07-30,99.83,99.835,99.825,99.83,0.01999999999999602,47261,508295
2012-07-31,99.835,99.84,99.83,99.83,0,35508,429987
2012-08-01,99.84,99.845,99.815,99.82,-0.010000000000005116,43984,514675
2012-08-02,99.825,99.825,99.82,99.825,0.005000000000009663,24506,427446
2012-08-03,99.82,99.82,99.805,99.81,-0.015000000000000568,19447,429552
2012-08-06,99.81,99.82,99.805,99.82,0.009999999999990905,4522,428734
2012-08-07,99.805,99.805,99.79,99.795,-0.024999999999991473,39365,435302
2012-08-08,99.795,99.795,99.76,99.765,-0.030000000000001137,36036,432750
2012-08-09,99.755,99.765,99.74,99.76,-0.0049999999999954525,24813,433938
2012-08-10,99.765,99.78,99.765,99.775,0.015000000000000568,14802,440666
2012-08-13,99.78,99.78,99.775,99.775,0,10151,439962
2012-08-14,99.78,99.78,99.76,99.765,-0.010000000000005116,20991,444832
2012-08-15,99.76,99.76,99.75,99.75,-0.015000000000000568,21601,450902
2012-08-16,99.745,99.755,99.735,99.745,-0.0049999999999954525,18579,449155
2012-08-17,99.745,99.745,99.745,99.745,0,11295,450769
2012-08-20,99.74,99.745,99.725,99.745,0,10964,449228
2012-08-21,99.745,99.745,99.735,99.74,-0.005000000000009663,25022,457649
2012-08-22,99.75,99.785,99.75,99.775,0.0350000000000108,23542,462019
2012-08-23,99.785,99.8,99.785,99.795,0.01999999999999602,32300,467646
2012-08-24,99.805,99.805,99.795,99.8,0.0049999999999954525,15632,469507
2012-08-27,99.805,99.805,99.795,99.795,-0.0049999999999954525,11049,474249
2012-08-28,99.8,99.8,99.795,99.795,0,17579,483138
2012-08-29,99.79,99.795,99.775,99.785,-0.010000000000005116,19343,492843
2012-08-30,99.775,99.81,99.775,99.805,0.020000000000010232,20761,496225
2012-08-31,99.805,99.845,99.79,99.835,0.029999999999986926,62115,411561
2012-09-04,99.85,99.85,99.84,99.84,0.005000000000009663,18299,413277
2012-09-05,99.845,99.845,99.835,99.835,-0.005000000000009663,20504,416029
2012-09-06,99.82,99.82,99.81,99.815,-0.01999999999999602,43384,421080
2012-09-07,99.795,99.835,99.78,99.825,0.010000000000005116,32790,424170
2012-09-10,99.83,99.835,99.815,99.83,0.0049999999999954525,13234,425347
2012-09-11,99.83,99.83,99.81,99.825,-0.0049999999999954525,16024,424978
2012-09-12,99.815,99.825,99.81,99.815,-0.010000000000005116,23750,427121
2012-09-13,99.81,99.835,99.81,99.835,0.01999999999999602,47186,428530
2012-09-14,99.83,99.84,99.815,99.82,-0.015000000000000568,25412,430021
2012-09-17,99.82,99.82,99.815,99.82,0,7525,430931
2012-09-18,99.82,99.825,99.82,99.82,0,15878,429972
2012-09-19,99.82,99.82,99.815,99.815,-0.0049999999999954525,22218,430366
2012-09-20,99.815,99.825,99.815,99.82,0.0049999999999954525,14511,431516
2012-09-21,99.815,99.82,99.815,99.82,0,11410,434492
2012-09-24,99.82,99.82,99.82,99.82,0,9346,436246
2012-09-25,99.815,99.82,99.8,99.81,-0.009999999999990905,14815,437583
2012-09-26,99.81,99.83,99.81,99.82,0.009999999999990905,23567,449948
2012-09-27,99.82,99.835,99.82,99.825,0.005000000000009663,11298,448323
2012-09-28,99.835,99.845,99.835,99.84,0.015000000000000568,21498,369040
2012-10-01,99.845,99.845,99.84,99.84,0,9294,370932
2012-10-02,99.85,99.855,99.85,99.85,0.009999999999990905,10381,369890
2012-10-03,99.85,99.855,99.845,99.855,0.005000000000009663,15990,375109
2012-10-04,99.86,99.86,99.845,99.86,0.0049999999999954525,24408,372994
2012-10-05,99.85,99.85,99.83,99.83,-0.030000000000001137,23110,375046
2012-10-08,99.83,99.83,99.83,99.83,0,994,374817
2012-10-09,99.835,99.835,99.83,99.835,0.0049999999999954525,9100,374293
2012-10-10,99.825,99.83,99.82,99.82,-0.015000000000000568,12866,373227
2012-10-11,99.82,99.82,99.815,99.82,0,23117,374620
2012-10-12,99.825,99.83,99.825,99.825,0.005000000000009663,9835,374016
2012-10-15,99.825,99.83,99.825,99.825,0,11973,374575
2012-10-16,99.83,99.835,99.825,99.825,0,26852,379837
2012-10-17,99.82,99.82,99.795,99.8,-0.025000000000005684,36486,382982
2012-10-18,99.79,99.8,99.79,99.795,-0.0049999999999954525,22992,383717
2012-10-19,99.79,99.79,99.785,99.79,-0.0049999999999954525,18906,383111
2012-10-22,99.785,99.785,99.77,99.78,-0.010000000000005116,17113,385307
2012-10-23,99.78,99.79,99.775,99.785,0.0049999999999954525,12324,387775
2012-10-24,99.79,99.805,99.78,99.795,0.010000000000005116,39291,397232
2012-10-25,99.785,99.785,99.77,99.775,-0.01999999999999602,63220,421302
2012-10-26,99.79,99.8,99.785,99.79,0.015000000000000568,20904,418131
2012-10-29,99.795,99.8,99.795,99.8,0.009999999999990905,9575,417423
2012-10-30,99.795,99.795,99.79,99.795,-0.0049999999999954525,7178,418586
2012-10-31,99.795,99.81,99.795,99.8,0.0049999999999954525,11560,339702
2012-11-01,99.8,99.81,99.8,99.805,0.005000000000009663,28209,352874
2012-11-02,99.805,99.82,99.8,99.805,0,19528,355110
2012-11-05,99.81,99.825,99.81,99.82,0.014999999999986358,12882,356432
2012-11-06,99.825,99.825,99.805,99.815,-0.0049999999999954525,23932,360034
2012-11-07,99.815,99.835,99.815,99.83,0.015000000000000568,20129,365446
2012-11-08,99.83,99.835,99.825,99.825,-0.0049999999999954525,11818,368556
2012-11-09,99.835,99.84,99.83,99.83,0.0049999999999954525,11059,369923
2012-11-12,99.835,99.835,99.835,99.835,0.0049999999999954525,1593,369951
2012-11-13,99.835,99.84,99.835,99.835,0,8708,372098
2012-11-14,99.84,99.85,99.84,99.85,0.015000000000000568,20977,373897
2012-11-15,99.85,99.855,99.85,99.85,0,22259,382901
2012-11-16,99.85,99.855,99.85,99.85,0,14521,379308
2012-11-19,99.85,99.855,99.85,99.85,0,6627,380079
2012-11-20,99.85,99.85,99.84,99.845,-0.0049999999999954525,12854,381820
2012-11-21,99.845,99.845,99.825,99.83,-0.015000000000000568,19550,383889
2012-11-23,99.825,99.83,99.825,99.825,-0.0049999999999954525,4506,383377
2012-11-26,99.825,99.825,99.82,99.82,-0.005000000000009663,32242,389092
2012-11-27,99.82,99.825,99.82,99.825,0.005000000000009663,16287,392895
2012-11-28,99.825,99.835,99.825,99.83,0.0049999999999954525,13402,394546
2012-11-29,99.835,99.84,99.835,99.835,0.0049999999999954525,14589,394105
2012-11-30,99.835,99.845,99.835,99.84,0.005000000000009663,14923,326861
2012-12-03,99.84,99.845,99.84,99.84,0,8348,327951
2012-12-04,99.84,99.85,99.84,99.85,0.009999999999990905,17461,330886
2012-12-05,99.85,99.86,99.85,99.855,0.005000000000009663,20676,337265
2012-12-06,99.86,99.86,99.855,99.855,0,14054,340786
2012-12-07,99.85,99.855,99.85,99.855,0,5983,341621
2012-12-10,99.86,99.86,99.855,99.855,0,8408,341770
2012-12-11,99.86,99.86,99.855,99.855,0,10496,344013
2012-12-12,99.86,99.86,99.855,99.855,0,14620,345878
2012-12-13,99.86,99.86,99.855,99.855,0,26174,355693
2012-12-14,99.855,99.86,99.855,99.86,0.0049999999999954525,12832,359942
2012-12-17,99.86,99.86,99.845,99.855,-0.0049999999999954525,34827,371228
2012-12-18,99.845,99.845,99.835,99.84,-0.015000000000000568,116261,432669
2012-12-19,99.835,99.835,99.83,99.835,-0.005000000000009663,34792,438587
2012-12-20,99.83,99.83,99.825,99.83,-0.0049999999999954525,29403,439111
2012-12-21,99.83,99.835,99.825,99.83,0,20331,438255
2012-12-24,99.83,99.83,99.815,99.82,-0.010000000000005116,8143,439297
2012-12-26,99.825,99.825,99.815,99.815,-0.0049999999999954525,5682,440018
2012-12-27,99.815,99.825,99.81,99.82,0.0049999999999954525,19611,445125
2012-12-28,99.83,99.84,99.83,99.835,0.015000000000000568,31076,446648
2012-12-31,99.845,99.85,99.84,99.845,0.010000000000005116,19514,352542
2013-01-02,99.85,99.85,99.835,99.84,-0.0049999999999954525,27947,353106
2013-01-03,99.84,99.84,99.83,99.835,-0.005000000000009663,24785,353990
2013-01-04,99.83,99.83,99.815,99.825,-0.009999999999990905,29132,356013
2013-01-07,99.825,99.83,99.825,99.83,0.0049999999999954525,3690,355561
2013-01-08,99.835,99.84,99.835,99.835,0.0049999999999954525,13858,357487
2013-01-09,99.835,99.845,99.835,99.84,0.005000000000009663,21994,358868
2013-01-10,99.85,99.85,99.84,99.84,0,21539,360164
2013-01-11,99.84,99.84,99.835,99.84,0,15231,361314
2013-01-14,99.845,99.845,99.84,99.84,0,15980,363344
2013-01-15,99.84,99.845,99.84,99.845,0.0049999999999954525,49470,372623
2013-01-16,99.845,99.85,99.845,99.845,0,25072,374309
2013-01-17,99.84,99.84,99.83,99.835,-0.010000000000005116,25176,376227
2013-01-18,99.83,99.84,99.83,99.84,0.005000000000009663,51868,374831
2013-01-22,99.84,99.84,99.835,99.84,0,22082,373267
2013-01-23,99.845,99.845,99.84,99.84,0,11418,374089
2013-01-24,99.84,99.845,99.84,99.84,0,24790,372110
2013-01-25,99.84,99.84,99.805,99.81,-0.030000000000001137,38045,366486
2013-01-28,99.805,99.805,99.795,99.8,-0.010000000000005116,41383,367922
2013-01-29,99.805,99.81,99.8,99.8,0,15727,365782
2013-01-30,99.8,99.805,99.795,99.8,0,32781,367101
2013-01-31,99.805,99.815,99.805,99.81,0.010000000000005116,25551,315648
2013-02-01,99.805,99.83,99.805,99.82,0.009999999999990905,23029,318616
2013-02-04,99.825,99.83,99.82,99.825,0.005000000000009663,26699,322522
2013-02-05,99.83,99.83,99.825,99.825,0,8123,321671
2013-02-06,99.83,99.845,99.83,99.84,0.015000000000000568,18417,320301
2013-02-07,99.835,99.84,99.83,99.84,0,24812,320237
2013-02-08,99.835,99.84,99.835,99.835,-0.005000000000009663,12297,320957
2013-02-11,99.83,99.835,99.83,99.835,0,16687,325700
2013-02-12,99.825,99.825,99.82,99.82,-0.015000000000000568,10696,327622
2013-02-13,99.815,99.815,99.815,99.815,-0.0049999999999954525,9577,328225
2013-02-14,99.815,99.82,99.815,99.82,0.0049999999999954525,11596,331958
2013-02-15,99.82,99.82,99.82,99.82,0,7532,334253
2013-02-19,99.815,99.82,99.815,99.82,0,4440,335283
2013-02-20,99.82,99.82,99.815,99.82,0,6599,336608
2013-02-21,99.825,99.83,99.825,99.83,0.010000000000005116,16018,340657
2013-02-22,99.84,99.84,99.835,99.835,0.0049999999999954525,15721,340692
2013-02-25,99.84,99.845,99.84,99.84,0.005000000000009663,20172,344222
2013-02-26,99.845,99.85,99.84,99.845,0.0049999999999954525,15147,344739
2013-02-27,99.845,99.85,99.845,99.845,0,12089,347572
2013-02-28,99.845,99.845,99.845,99.845,0,12663,307878
2013-03-01,99.84,99.85,99.84,99.85,0.0049999999999954525,36537,321625
2013-03-04,99.855,99.855,99.85,99.85,0,5984,322789
2013-03-05,99.85,99.85,99.85,99.85,0,15473,326795
2013-03-06,99.85,99.85,99.845,99.845,-0.0049999999999954525,10351,329706
2013-03-07,99.845,99.845,99.845,99.845,0,18196,328755
2013-03-08,99.845,99.845,99.835,99.84,-0.0049999999999954525,13155,328234
2013-03-11,99.835,99.84,99.835,99.84,0,6561,329099
2013-03-12,99.84,99.84,99.84,99.84,0,15444,329344
2013-03-13,99.84,99.84,99.84,99.84,0,6397,329083
2013-03-14,99.835,99.84,99.83,99.84,0,15936,331465
2013-03-15,99.84,99.84,99.835,99.84,0,9301,332057
2013-03-18,99.845,99.845,99.84,99.84,0,29269,342699
2013-03-19,99.84,99.845,99.83,99.84,0,47709,350306
2013-03-20,99.835,99.84,99.83,99.84,0,19610,355832
2013-03-21,99.835,99.835,99.825,99.835,-0.005000000000009663,18775,361578
2013-03-22,99.825,99.825,99.825,99.825,-0.009999999999990905,9243,365036
2013-03-25,99.825,99.825,99.825,99.825,0,27175,372288
2013-03-26,99.825,99.825,99.825,99.825,0,9464,374071
2013-03-27,99.825,99.835,99.825,99.83,0.0049999999999954525,19720,377888
2013-03-28,99.835,99.835,99.83,99.83,0,7320,319223
2013-04-01,99.835,99.84,99.835,99.84,0.010000000000005116,9203,320924
2013-04-02,99.84,99.845,99.84,99.84,0,22757,330504
2013-04-03,99.84,99.845,99.84,99.845,0.0049999999999954525,11811,335111
2013-04-04,99.85,99.85,99.845,99.845,0,16397,337557
2013-04-05,99.85,99.855,99.85,99.85,0.0049999999999954525,8016,339199
2013-04-08,99.85,99.85,99.85,99.85,0,3704,339391
2013-04-09,99.85,99.85,99.85,99.85,0,4149,338550
2013-04-10,99.85,99.85,99.85,99.85,0,10551,343217
2013-04-11,99.855,99.86,99.855,99.855,0.005000000000009663,14033,346584
2013-04-12,99.855,99.855,99.855,99.855,0,11211,345871
2013-04-15,99.855,99.86,99.855,99.855,0,10097,348297
2013-04-16,99.855,99.855,99.855,99.855,0,8295,348654
2013-04-17,99.855,99.855,99.855,99.855,0,5933,349488
2013-04-18,99.855,99.86,99.855,99.855,0,4819,349807
2013-04-19,99.855,99.855,99.85,99.855,0,13567,351049
2013-04-22,99.85,99.86,99.85,99.855,0,13862,354223
2013-04-23,99.855,99.855,99.85,99.855,0,28861,361957
2013-04-24,99.855,99.86,99.855,99.855,0,5611,363208
2013-04-25,99.855,99.855,99.855,99.855,0,14083,367345
2013-04-26,99.86,99.86,99.86,99.86,0.0049999999999954525,9964,369215
2013-04-29,99.865,99.87,99.865,99.865,0.0049999999999954525,18846,370295
2013-04-30,99.87,99.87,99.865,99.865,0,14064,320221
2013-05-01,99.87,99.875,99.87,99.87,0.005000000000009663,13385,323614
2013-05-02,99.87,99.88,99.87,99.875,0.0049999999999954525,16588,324229
2013-05-03,99.875,99.875,99.865,99.865,-0.010000000000005116,18364,325805
2013-05-06,99.87,99.87,99.865,99.865,0,13662,325918
2013-05-07,99.87,99.875,99.865,99.865,0,6794,325584
2013-05-08,99.87,99.87,99.865,99.865,0,9853,324903
2013-05-09,99.865,99.865,99.865,99.865,0,9617,325007
2013-05-10,99.86,99.865,99.86,99.865,0,24141,326804
2013-05-13,99.86,99.86,99.86,99.86,-0.0049999999999954525,16303,324695
2013-05-14,99.86,99.86,99.855,99.86,0,10432,327909
2013-05-15,99.85,99.86,99.85,99.86,0,28307,338166
2013-05-16,99.86,99.86,99.855,99.86,0,18953,342196
2013-05-17,99.86,99.86,99.855,99.855,-0.0049999999999954525,19805,341171
2013-05-20,99.855,99.855,99.85,99.855,0,19345,341916
2013-05-21,99.855,99.855,99.855,99.855,0,19053,343016
2013-05-22,99.86,99.865,99.855,99.855,0,23975,345509
2013-05-23,99.855,99.855,99.85,99.85,-0.005000000000009663,12390,346977
2013-05-24,99.85,99.85,99.845,99.85,0,11347,347508
2013-05-28,99.85,99.85,99.82,99.835,-0.015000000000000568,59145,365000
2013-05-29,99.82,99.83,99.81,99.825,-0.009999999999990905,29877,365130
2013-05-30,99.825,99.835,99.82,99.83,0.0049999999999954525,17418,365278
2013-05-31,99.835,99.835,99.82,99.82,-0.010000000000005116,41410,310207
2013-06-03,99.815,99.83,99.81,99.825,0.005000000000009663,26180,309566
2013-06-04,99.83,99.835,99.825,99.835,0.009999999999990905,15538,312601
2013-06-05,99.835,99.84,99.835,99.835,0,12462,313230
2013-06-06,99.835,99.84,99.83,99.835,0,15065,315684
2013-06-07,99.84,99.845,99.83,99.835,0,17263,318299
2013-06-10,99.83,99.84,99.825,99.83,-0.0049999999999954525,24717,320759
2013-06-11,99.84,99.84,99.83,99.835,0.0049999999999954525,30507,324031
2013-06-12,99.835,99.835,99.83,99.835,0,13387,325167
2013-06-13,99.835,99.855,99.835,99.845,0.010000000000005116,18838,325494
2013-06-14,99.85,99.865,99.85,99.855,0.010000000000005116,24897,330243
2013-06-17,99.86,99.87,99.86,99.865,0.009999999999990905,24489,331878
2013-06-18,99.86,99.865,99.855,99.865,0,15519,336265
2013-06-19,99.865,99.865,99.845,99.845,-0.01999999999999602,34292,341452
2013-06-20,99.845,99.845,99.83,99.84,-0.0049999999999954525,29045,342490
2013-06-21,99.835,99.835,99.815,99.82,-0.020000000000010232,38126,339919
2013-06-24,99.815,99.82,99.785,99.795,-0.024999999999991473,74802,336407
2013-06-25,99.795,99.8,99.785,99.79,-0.0049999999999954525,50842,340141
2013-06-26,99.79,99.81,99.79,99.805,0.015000000000000568,42194,342804
2013-06-27,99.81,99.825,99.81,99.82,0.014999999999986358,19476,344051
2013-06-28,99.825,99.83,99.815,99.82,0,16627,299032
2013-07-01,99.82,99.825,99.815,99.825,0.005000000000009663,15289,301278
2013-07-02,99.83,99.835,99.825,99.825,0,18858,302643
2013-07-03,99.825,99.83,99.815,99.82,-0.005000000000009663,33466,303112
2013-07-05,99.82,99.83,99.81,99.81,-0.009999999999990905,25014,305857
2013-07-08,99.81,99.82,99.81,99.82,0.009999999999990905,17363,303198
2013-07-09,99.82,99.825,99.82,99.82,0,11801,301799
2013-07-10,99.82,99.83,99.82,99.82,0,28766,299601
2013-07-11,99.83,99.835,99.83,99.83,0.010000000000005116,17283,300042
2013-07-12,99.835,99.84,99.83,99.83,0,16312,304028
2013-07-15,99.83,99.835,99.83,99.835,0.0049999999999954525,7019,304177
2013-07-16,99.835,99.845,99.835,99.845,0.010000000000005116,9869,305992
2013-07-17,99.845,99.855,99.84,99.85,0.0049999999999954525,24642,307206
2013-07-18,99.85,99.855,99.85,99.85,0,11587,307908
2013-07-19,99.85,99.85,99.85,99.85,0,9232,306976
2013-07-22,99.85,99.85,99.845,99.85,0,7925,308321
2013-07-23,99.845,99.845,99.845,99.845,-0.0049999999999954525,6612,308582
2013-07-24,99.845,99.845,99.845,99.845,0,9746,306989
2013-07-25,99.845,99.85,99.845,99.845,0,7155,308063
2013-07-26,99.85,99.855,99.85,99.85,0.0049999999999954525,9585,309535
2013-07-29,99.85,99.855,99.85,99.85,0,3924,310746
2013-07-30,99.85,99.855,99.85,99.85,0,5488,310357
2013-07-31,99.85,99.855,99.845,99.855,0.005000000000009663,13144,269643
2013-08-01,99.855,99.855,99.85,99.855,0,11671,268117
2013-08-02,99.855,99.865,99.85,99.865,0.009999999999990905,25201,272104
2013-08-05,99.865,99.865,99.86,99.865,0,9331,272254
2013-08-06,99.865,99.865,99.865,99.865,0,4593,272741
2013-08-07,99.865,99.865,99.865,99.865,0,5792,273207
2013-08-08,99.87,99.87,99.865,99.865,0,7990,274959
2013-08-09,99.865,99.865,99.865,99.865,0,2667,275703
2013-08-12,99.865,99.865,99.865,99.865,0,9511,277926
2013-08-13,99.865,99.865,99.86,99.865,0,17776,283056
2013-08-14,99.865,99.865,99.865,99.865,0,9710,280408
2013-08-15,99.865,99.865,99.86,99.86,-0.0049999999999954525,23560,284850
2013-08-16,99.86,99.86,99.855,99.86,0,4756,285519
2013-08-19,99.86,99.86,99.855,99.86,0,6856,286938
2013-08-20,99.865,99.87,99.865,99.865,0.0049999999999954525,22255,290747
2013-08-21,99.865,99.865,99.845,99.85,-0.015000000000000568,44310,302671
2013-08-22,99.845,99.845,99.835,99.84,-0.009999999999990905,29860,299625
2013-08-23,99.835,99.855,99.835,99.85,0.009999999999990905,25008,301999
2013-08-26,99.85,99.855,99.85,99.85,0,13394,302367
2013-08-27,99.85,99.855,99.85,99.855,0.005000000000009663,12137,303473
2013-08-28,99.855,99.855,99.85,99.855,0,23349,307044
2013-08-29,99.85,99.855,99.85,99.855,0,17330,307318
2013-08-30,99.855,99.855,99.85,99.855,0,15828,268965
2013-09-03,99.85,99.855,99.85,99.855,0,23293,271512
2013-09-04,99.855,99.855,99.85,99.855,0,26912,274518
2013-09-05,99.85,99.85,99.84,99.85,-0.005000000000009663,54248,278980
2013-09-06,99.845,99.86,99.845,99.855,0.005000000000009663,31274,277287
2013-09-09,99.86,99.865,99.86,99.865,0.009999999999990905,19686,280918
2013-09-10,99.86,99.865,99.855,99.865,0,12735,282651
2013-09-11,99.86,99.87,99.86,99.865,0,19703,287486
2013-09-12,99.87,99.875,99.865,99.865,0,22579,290204
2013-09-13,99.865,99.87,99.865,99.865,0,10517,291787
2013-09-16,99.87,99.88,99.87,99.87,0.005000000000009663,33573,293578
2013-09-17,99.87,99.88,99.87,99.875,0.0049999999999954525,22685,297019
2013-09-18,99.88,99.89,99.87,99.88,0.0049999999999954525,44264,302972
2013-09-19,99.885,99.885,99.88,99.88,0,14502,302955
2013-09-20,99.88,99.885,99.875,99.88,0,31869,307194
2013-09-23,99.875,99.88,99.875,99.88,0,13237,308337
2013-09-24,99.875,99.88,99.875,99.88,0,18787,307188
2013-09-25,99.875,99.885,99.875,99.88,0,28209,313230
2013-09-26,99.885,99.885,99.87,99.88,0,29207,317141
2013-09-27,99.88,99.88,99.875,99.88,0,19818,317250
2013-09-30,99.875,99.88,99.87,99.88,0,19033,281547
2013-10-01,99.88,99.88,99.875,99.88,0,9933,281321
2013-10-02,99.88,99.885,99.88,99.88,0,19061,286651
2013-10-03,99.88,99.885,99.88,99.88,0,28464,291210
2013-10-04,99.885,99.885,99.88,99.88,0,22447,297979
2013-10-07,99.88,99.885,99.88,99.88,0,19871,300401
2013-10-08,99.88,99.885,99.87,99.88,0,49294,302800
2013-10-09,99.88,99.88,99.875,99.88,0,17723,305897
2013-10-10,99.885,99.885,99.88,99.88,0,42822,301471
2013-10-11,99.89,99.89,99.88,99.88,0,13688,303569
2013-10-14,99.88,99.88,99.875,99.88,0,3437,302923
2013-10-15,99.88,99.885,99.88,99.88,0,22157,303228
2013-10-16,99.875,99.885,99.87,99.88,0,27028,300924
2013-10-17,99.885,99.89,99.885,99.885,0.005000000000009663,18998,304369
2013-10-18,99.885,99.89,99.885,99.885,0,12195,306461
2013-10-21,99.89,99.89,99.89,99.89,0.0049999999999954525,11780,303512
2013-10-22,99.895,99.9,99.89,99.895,0.0049999999999954525,14183,302330
2013-10-23,99.895,99.9,99.895,99.895,0,14088,303159
2013-10-24,99.9,99.9,99.895,99.895,0,4707,304044
2013-10-25,99.9,99.9,99.895,99.895,0,9966,305119
2013-10-28,99.9,99.9,99.895,99.895,0,3550,305398
2013-10-29,99.9,99.9,99.895,99.895,0,7051,305405
2013-10-30,99.895,99.9,99.895,99.895,0,20072,307085
2013-10-31,99.9,99.9,99.895,99.895,0,23198,274459
2013-11-01,99.9,99.9,99.895,99.895,0,10902,276625
2013-11-04,99.9,99.9,99.895,99.895,0,6813,278137
2013-11-05,99.9,99.9,99.895,99.895,0,5902,277789
2013-11-06,99.9,99.905,99.9,99.9,0.005000000000009663,18435,278996
2013-11-07,99.905,99.905,99.9,99.9,0,27055,282524
2013-11-08,99.905,99.905,99.9,99.9,0,19824,285493
2013-11-11,99.9,99.9,99.9,99.9,0,6109,285412
2013-11-12,99.9,99.9,99.9,99.9,0,16854,283950
2013-11-13,99.9,99.9,99.9,99.9,0,8918,285869
2013-11-14,99.9,99.905,99.9,99.905,0.0049999999999954525,26189,289583
2013-11-15,99.905,99.91,99.905,99.905,0,10555,288826
2013-11-18,99.91,99.91,99.905,99.905,0,9823,289204
2013-11-19,99.905,99.905,99.9,99.905,0,8887,292242
2013-11-20,99.905,99.915,99.9,99.915,0.010000000000005116,29546,290087
2013-11-21,99.915,99.915,99.91,99.915,0,17040,286992
2013-11-22,99.915,99.915,99.915,99.915,0,5278,286375
2013-11-25,99.91,99.915,99.91,99.915,0,4854,287299
2013-11-26,99.91,99.91,99.905,99.91,-0.005000000000009663,5689,288493
2013-11-27,99.91,99.91,99.905,99.91,0,12406,288345
2013-11-29,99.905,99.915,99.905,99.91,0,4853,256547
2013-12-02,99.91,99.91,99.905,99.91,0,28270,263541
2013-12-03,99.905,99.905,99.905,99.905,-0.0049999999999954525,14839,264394
2013-12-04,99.9,99.91,99.9,99.905,0,28814,271038
2013-12-05,99.91,99.91,99.905,99.905,0,17673,271076
2013-12-06,99.91,99.91,99.905,99.905,0,17166,274081
2013-12-09,99.91,99.91,99.91,99.91,0.0049999999999954525,7861,273650
2013-12-10,99.91,99.91,99.91,99.91,0,5974,274535
2013-12-11,99.91,99.91,99.905,99.91,0,10095,274634
2013-12-12,99.91,99.91,99.9,99.91,0,34659,281666
2013-12-13,99.91,99.91,99.905,99.91,0,9097,282930
2013-12-16,99.905,99.905,99.905,99.905,-0.0049999999999954525,7942,283789
2013-12-17,99.905,99.905,99.9,99.905,0,28533,290761
2013-12-18,99.9,99.905,99.9,99.9,-0.0049999999999954525,40235,297283
2013-12-19,99.9,99.9,99.89,99.895,-0.005000000000009663,36824,298253
2013-12-20,99.89,99.895,99.885,99.895,0,44682,304647
2013-12-23,99.895,99.895,99.895,99.895,0,7546,305941
2013-12-24,99.895,99.9,99.895,99.895,0,11081,306920
2013-12-26,99.895,99.895,99.89,99.895,0,11758,306895
2013-12-27,99.895,99.9,99.895,99.895,0,11117,306708
2013-12-30,99.9,99.9,99.895,99.895,0,5547,306689
2013-12-31,99.9,99.905,99.9,99.9,0.005000000000009663,11073,275330
2014-01-02,99.9,99.905,99.9,99.9,0,4482,275314
2014-01-03,99.9,99.905,99.9,99.9,0,14106,276163
2014-01-06,99.9,99.905,99.9,99.9,0,13862,277395
2014-01-07,99.905,99.905,99.9,99.9,0,11873,278090
2014-01-08,99.9,99.905,99.9,99.9,0,25667,276879
2014-01-09,99.9,99.905,99.9,99.9,0,17461,277156
2014-01-10,99.905,99.91,99.905,99.905,0.0049999999999954525,25089,276794
2014-01-13,99.91,99.915,99.905,99.905,0,18703,279717
2014-01-14,99.905,99.91,99.905,99.905,0,10927,278861
2014-01-15,99.91,99.91,99.905,99.905,0,17707,279004
2014-01-16,99.91,99.91,99.905,99.905,0,9782,279055
2014-01-17,99.91,99.91,99.91,99.91,0.0049999999999954525,15651,280228
2014-01-21,99.915,99.915,99.91,99.91,0,11207,279760
2014-01-22,99.915,99.915,99.91,99.91,0,12819,280250
2014-01-23,99.915,99.915,99.915,99.915,0.005000000000009663,23710,282291
2014-01-24,99.915,99.915,99.91,99.915,0,34437,284096
2014-01-27,99.91,99.91,99.905,99.91,-0.005000000000009663,14641,287626
2014-01-28,99.91,99.91,99.905,99.91,0,16141,291494
2014-01-29,99.915,99.915,99.91,99.91,0,37015,298209
2014-01-30,99.915,99.915,99.91,99.91,0,16069,298517
2014-01-31,99.915,99.92,99.91,99.915,0.005000000000009663,23269,263581
2014-02-03,99.915,99.915,99.915,99.915,0,42831,269337
2014-02-04,99.915,99.915,99.915,99.915,0,16764,273109
2014-02-05,99.915,99.915,99.91,99.915,0,26976,278632
2014-02-06,99.915,99.915,99.91,99.915,0,21252,283703
2014-02-07,99.91,99.915,99.91,99.915,0,25892,289795
2014-02-10,99.915,99.92,99.915,99.915,0,16771,291291
2014-02-11,99.92,99.92,99.915,99.92,0.0049999999999954525,11480,293954
2014-02-12,99.92,99.925,99.92,99.92,0,22299,295907
2014-02-13,99.925,99.925,99.92,99.92,0,14970,298841
2014-02-14,99.925,99.925,99.92,99.92,0,18439,305816
2014-02-18,99.925,99.925,99.92,99.925,0.0049999999999954525,15968,314854
2014-02-19,99.925,99.925,99.925,99.925,0,10453,317554
2014-02-20,99.925,99.93,99.925,99.925,0,19278,321494
2014-02-21,99.925,99.93,99.925,99.925,0,9379,322928
2014-02-24,99.925,99.93,99.925,99.925,0,3833,321874
2014-02-25,99.925,99.925,99.92,99.925,0,14629,326188
2014-02-26,99.925,99.925,99.925,99.925,0,16307,329214
2014-02-27,99.925,99.925,99.925,99.925,0,10886,331924
2014-02-28,99.925,99.925,99.925,99.925,0,22959,288465
2014-03-03,99.9275,99.9275,99.925,99.925,0,17673,292474
2014-03-04,99.9275,99.9275,99.925,99.925,0,21094,295231
2014-03-05,99.9275,99.9275,99.925,99.925,0,9668,295803
2014-03-06,99.925,99.925,99.9225,99.925,0,19925,297442
2014-03-07,99.9225,99.925,99.9225,99.925,0,28604,296978
2014-03-10,99.9225,99.925,99.9225,99.925,0,15571,296089
2014-03-11,99.925,99.925,99.9225,99.925,0,15849,298102
2014-03-12,99.9225,99.925,99.92,99.9225,-0.0024999999999977263,18813,298693
2014-03-13,99.9225,99.9225,99.9225,99.9225,0,26027,303696
2014-03-14,99.92,99.9225,99.92,99.9225,0,20491,308574
2014-03-17,99.9225,99.9225,99.92,99.9225,0,17023,314277
2014-03-18,99.92,99.9225,99.92,99.9225,0,19349,318024
2014-03-19,99.92,99.9225,99.92,99.9225,0,55378,323347
2014-03-20,99.9225,99.9225,99.9225,99.9225,0,38504,331031
2014-03-21,99.92,99.9225,99.92,99.9225,0,15299,333838
2014-03-24,99.9225,99.9225,99.92,99.9225,0,27664,334544
2014-03-25,99.92,99.9225,99.92,99.9225,0,23869,335742
2014-03-26,99.92,99.92,99.9175,99.92,-0.0024999999999977263,27903,336570
2014-03-27,99.92,99.9225,99.92,99.92,0,18177,337799
2014-03-28,99.92,99.92,99.92,99.92,0,12911,339682
2014-03-31,99.9225,99.9225,99.92,99.92,0,20726,290022
Downloaded from Barchart.com as of 01-13-2024 02:00pm CST