"Symbol: ZQJ16",,,,,,"Study: VOL (LikeMain)",
"Date Time","Open","High","Low","Close","Change","Volume","Open Interest"
2013-04-30,99.41,99.41,99.41,99.41,0,14064,320221
2013-05-01,99.43,99.43,99.43,99.43,0.020000000000010232,13385,323614
2013-05-02,99.45,99.45,99.45,99.45,0.01999999999999602,16588,324229
2013-05-03,99.435,99.435,99.435,99.435,-0.015000000000000568,18364,325805
2013-05-06,99.345,99.345,99.345,99.345,-0.09000000000000341,13662,325918
2013-05-07,99.33,99.33,99.33,99.33,-0.015000000000000568,6794,325584
2013-05-08,99.335,99.335,99.335,99.335,0.0049999999999954525,9853,324903
2013-05-09,99.32,99.32,99.32,99.32,-0.015000000000000568,9617,325007
2013-05-10,99.255,99.255,99.255,99.255,-0.06499999999999773,24141,326804
2013-05-13,99.235,99.235,99.235,99.235,-0.01999999999999602,16303,324695
2013-05-14,99.22,99.22,99.22,99.22,-0.015000000000000568,10432,327909
2013-05-15,99.23,99.23,99.23,99.23,0.010000000000005116,28307,338166
2013-05-16,99.295,99.295,99.295,99.295,0.06499999999999773,18953,342196
2013-05-17,99.255,99.255,99.255,99.255,-0.04000000000000625,19805,341171
2013-05-20,99.235,99.235,99.235,99.235,-0.01999999999999602,19345,341916
2013-05-21,99.235,99.235,99.235,99.235,0,19053,343016
2013-05-22,99.175,99.175,99.175,99.175,-0.060000000000002274,23975,345509
2013-05-23,99.17,99.17,99.17,99.17,-0.0049999999999954525,12390,346977
2013-05-24,99.16,99.16,99.16,99.16,-0.010000000000005116,11347,347508
2013-05-28,98.995,98.995,98.995,98.995,-0.16499999999999204,59145,365000
2013-05-29,98.975,98.975,98.975,98.975,-0.020000000000010232,29877,365130
2013-05-30,98.99,98.99,98.99,98.99,0.015000000000000568,17418,365278
2013-05-31,98.955,98.955,98.955,98.955,-0.03499999999999659,41410,310207
2013-06-03,98.97,98.97,98.97,98.97,0.015000000000000568,26180,309566
2013-06-04,98.96,98.96,98.96,98.96,-0.010000000000005116,15538,312601
2013-06-05,98.985,98.985,98.985,98.985,0.025000000000005684,12462,313230
2013-06-06,99,99,99,99,0.015000000000000568,15065,315684
2013-06-07,98.91,98.91,98.91,98.91,-0.09000000000000341,17263,318299
2013-06-10,98.84,98.84,98.84,98.84,-0.06999999999999318,24717,320759
2013-06-11,98.825,98.85,98.825,98.85,0.009999999999990905,30507,324031
2013-06-12,98.845,98.845,98.845,98.845,-0.0049999999999954525,13387,325167
2013-06-13,98.89,98.89,98.89,98.89,0.045000000000001705,18838,325494
2013-06-14,98.98,98.98,98.98,98.98,0.09000000000000341,24897,330243
2013-06-17,98.975,98.975,98.975,98.975,-0.005000000000009663,24489,331878
2013-06-18,98.975,98.975,98.975,98.975,0,15519,336265
2013-06-19,98.745,98.745,98.745,98.745,-0.22999999999998977,34292,341452
2013-06-20,98.59,98.64,98.59,98.64,-0.10500000000000398,29045,342490
2013-06-21,98.54,98.54,98.54,98.54,-0.09999999999999432,38126,339919
2013-06-24,98.555,98.555,98.555,98.555,0.015000000000000568,74802,336407
2013-06-25,98.525,98.525,98.525,98.525,-0.030000000000001137,50842,340141
2013-06-26,98.555,98.555,98.555,98.555,0.030000000000001137,42194,342804
2013-06-27,98.625,98.625,98.625,98.625,0.06999999999999318,19476,344051
2013-06-28,98.63,98.63,98.63,98.63,0.0049999999999954525,16627,299032
2013-07-01,98.625,98.625,98.625,98.625,-0.0049999999999954525,15289,301278
2013-07-02,98.63,98.63,98.63,98.63,0.0049999999999954525,18858,302643
2013-07-03,98.605,98.605,98.605,98.605,-0.024999999999991473,33466,303112
2013-07-05,98.4,98.4,98.4,98.4,-0.2049999999999983,25014,305857
2013-07-08,98.505,98.505,98.505,98.505,0.10499999999998977,17363,303198
2013-07-09,98.525,98.525,98.525,98.525,0.020000000000010232,11801,301799
2013-07-10,98.505,98.505,98.505,98.505,-0.020000000000010232,28766,299601
2013-07-11,98.62,98.62,98.62,98.62,0.1150000000000091,17283,300042
2013-07-12,98.605,98.605,98.605,98.605,-0.015000000000000568,16312,304028
2013-07-15,98.63,98.63,98.63,98.63,0.024999999999991473,7019,304177
2013-07-16,98.67,98.67,98.67,98.67,0.04000000000000625,9869,305992
2013-07-17,98.74,98.74,98.74,98.74,0.06999999999999318,24642,307206
2013-07-18,98.74,98.74,98.74,98.74,0,11587,307908
2013-07-19,98.765,98.765,98.765,98.765,0.025000000000005684,9232,306976
2013-07-22,98.775,98.775,98.775,98.775,0.010000000000005116,7925,308321
2013-07-23,98.775,98.775,98.775,98.775,0,6612,308582
2013-07-24,98.705,98.705,98.705,98.705,-0.07000000000000739,9746,306989
2013-07-25,98.67,98.67,98.67,98.67,-0.03499999999999659,7155,308063
2013-07-26,98.74,98.74,98.74,98.74,0.06999999999999318,9585,309535
2013-07-29,98.74,98.74,98.74,98.74,0,3924,310746
2013-07-30,98.74,98.74,98.74,98.74,0,5488,310357
2013-07-31,98.725,98.725,98.725,98.725,-0.015000000000000568,13144,269643
2013-08-01,98.615,98.615,98.615,98.615,-0.10999999999999943,11671,268117
2013-08-02,98.765,98.765,98.765,98.765,0.15000000000000568,25201,272104
2013-08-05,98.745,98.745,98.745,98.745,-0.01999999999999602,9331,272254
2013-08-06,98.74,98.74,98.74,98.74,-0.005000000000009663,4593,272741
2013-08-07,98.745,98.745,98.745,98.745,0.005000000000009663,5792,273207
2013-08-08,98.76,98.76,98.76,98.76,0.015000000000000568,7990,274959
2013-08-09,98.76,98.76,98.76,98.76,0,2667,275703
2013-08-12,98.76,98.76,98.76,98.76,0,9511,277926
2013-08-13,98.65,98.65,98.65,98.65,-0.10999999999999943,17776,283056
2013-08-14,98.635,98.635,98.635,98.635,-0.015000000000000568,9710,280408
2013-08-15,98.57,98.57,98.57,98.57,-0.06500000000001194,23560,284850
2013-08-16,98.525,98.525,98.525,98.525,-0.044999999999987494,4756,285519
2013-08-19,98.445,98.445,98.445,98.445,-0.0800000000000125,6856,286938
2013-08-20,98.525,98.525,98.525,98.525,0.0800000000000125,22255,290747
2013-08-21,98.48,98.48,98.48,98.48,-0.045000000000001705,44310,302671
2013-08-22,98.355,98.355,98.355,98.355,-0.125,29860,299625
2013-08-23,98.37,98.37,98.37,98.37,0.015000000000000568,25008,301999
2013-08-26,98.43,98.43,98.43,98.43,0.060000000000002274,13394,302367
2013-08-27,98.495,98.495,98.495,98.495,0.06499999999999773,12137,303473
2013-08-28,98.45,98.45,98.45,98.45,-0.045000000000001705,23349,307044
2013-08-29,98.45,98.45,98.45,98.45,0,17330,307318
2013-08-30,98.445,98.445,98.445,98.445,-0.005000000000009663,15828,268965
2013-09-03,98.39,98.39,98.39,98.39,-0.05499999999999261,23293,271512
2013-09-04,98.375,98.375,98.305,98.305,-0.08499999999999375,26912,274518
2013-09-05,98.18,98.18,98.15,98.17,-0.13500000000000512,54248,278980
2013-09-06,98.235,98.235,98.235,98.235,0.06499999999999773,31274,277287
2013-09-09,98.35,98.35,98.35,98.35,0.11499999999999488,19686,280918
2013-09-10,98.295,98.295,98.295,98.295,-0.05499999999999261,12735,282651
2013-09-11,98.35,98.35,98.35,98.35,0.05499999999999261,19703,287486
2013-09-12,98.37,98.37,98.37,98.37,0.020000000000010232,22579,290204
2013-09-13,98.355,98.355,98.355,98.355,-0.015000000000000568,10517,291787
2013-09-16,98.46,98.46,98.46,98.46,0.10499999999998977,33573,293578
2013-09-17,98.515,98.515,98.515,98.515,0.05500000000000682,22685,297019
2013-09-18,98.71,98.71,98.71,98.71,0.19499999999999318,44264,302972
2013-09-19,98.705,98.705,98.705,98.705,-0.0049999999999954525,14502,302955
2013-09-20,98.665,98.71,98.665,98.71,0.0049999999999954525,31869,307194
2013-09-23,98.735,98.735,98.735,98.735,0.025000000000005684,13237,308337
2013-09-24,98.785,98.785,98.785,98.785,0.04999999999999716,18787,307188
2013-09-25,98.84,98.84,98.84,98.84,0.05500000000000682,28209,313230
2013-09-26,98.805,98.82,98.805,98.82,-0.020000000000010232,29207,317141
2013-09-27,98.86,98.86,98.86,98.86,0.04000000000000625,19818,317250
2013-09-30,98.89,98.89,98.89,98.89,0.030000000000001137,19033,281547
2013-10-01,98.86,98.86,98.86,98.86,-0.030000000000001137,9933,281321
2013-10-02,98.915,98.915,98.915,98.915,0.05500000000000682,19061,286651
2013-10-03,98.925,98.925,98.925,98.925,0.009999999999990905,28464,291210
2013-10-04,98.905,98.905,98.905,98.905,-0.01999999999999602,22447,297979
2013-10-07,98.89,98.89,98.89,98.89,-0.015000000000000568,19871,300401
2013-10-08,98.89,98.89,98.89,98.89,0,49294,302800
2013-10-09,98.92,98.92,98.92,98.92,0.030000000000001137,17723,305897
2013-10-10,98.91,98.91,98.91,98.91,-0.010000000000005116,42822,301471
2013-10-11,98.955,98.955,98.955,98.955,0.045000000000001705,13688,303569
2013-10-14,98.95,98.95,98.95,98.95,-0.0049999999999954525,3437,302923
2013-10-15,98.94,98.94,98.94,98.94,-0.010000000000005116,22157,303228
2013-10-16,98.955,98.955,98.955,98.955,0.015000000000000568,27028,300924
2013-10-17,99.025,99.025,99.025,99.025,0.07000000000000739,18998,304369
2013-10-18,99.025,99.025,99.025,99.025,0,12195,306461
2013-10-21,98.99,98.99,98.99,98.99,-0.0350000000000108,11780,303512
2013-10-22,99.055,99.055,99.055,99.055,0.06500000000001194,14183,302330
2013-10-23,99.075,99.075,99.075,99.075,0.01999999999999602,14088,303159
2013-10-24,99.06,99.06,99.06,99.06,-0.015000000000000568,4707,304044
2013-10-25,99.085,99.085,99.085,99.085,0.024999999999991473,9966,305119
2013-10-28,99.095,99.095,99.095,99.095,0.010000000000005116,3550,305398
2013-10-29,99.1,99.1,99.1,99.1,0.0049999999999954525,7051,305405
2013-10-30,99.1,99.1,99.1,99.1,0,20072,307085
2013-10-31,99.09,99.13,99.09,99.13,0.030000000000001137,23198,274459
2013-11-01,99.07,99.07,99.07,99.07,-0.060000000000002274,10902,276625
2013-11-04,99.075,99.075,99.075,99.075,0.005000000000009663,6813,278137
2013-11-05,99.075,99.075,99.075,99.075,0,5902,277789
2013-11-06,99.16,99.16,99.16,99.16,0.08499999999999375,18435,278996
2013-11-07,99.195,99.195,99.195,99.195,0.03499999999999659,27055,282524
2013-11-08,99.105,99.105,99.105,99.105,-0.0899999999999892,19824,285493
2013-11-11,99.105,99.105,99.105,99.105,0,6109,285412
2013-11-12,99.065,99.065,99.065,99.065,-0.04000000000000625,16854,283950
2013-11-13,99.125,99.125,99.125,99.125,0.060000000000002274,8918,285869
2013-11-14,99.195,99.195,99.195,99.195,0.06999999999999318,26189,289583
2013-11-15,99.2,99.2,99.2,99.2,0.005000000000009663,10555,288826
2013-11-18,99.225,99.225,99.225,99.225,0.024999999999991473,9823,289204
2013-11-19,99.21,99.21,99.21,99.21,-0.015000000000000568,8887,292242
2013-11-20,99.225,99.225,99.225,99.225,0.015000000000000568,29546,290087
2013-11-21,99.245,99.245,99.245,99.245,0.020000000000010232,17040,286992
2013-11-22,99.225,99.225,99.225,99.225,-0.020000000000010232,5278,286375
2013-11-25,99.22,99.22,99.22,99.22,-0.0049999999999954525,4854,287299
2013-11-26,99.235,99.235,99.235,99.235,0.015000000000000568,5689,288493
2013-11-27,99.21,99.21,99.21,99.21,-0.025000000000005684,12406,288345
2013-11-29,99.21,99.21,99.21,99.21,0,4853,256547
2013-12-02,99.18,99.18,99.18,99.18,-0.029999999999986926,28270,263541
2013-12-03,99.18,99.18,99.18,99.18,0,14839,264394
2013-12-04,99.145,99.145,99.145,99.145,-0.0350000000000108,28814,271038
2013-12-05,99.125,99.125,99.125,99.125,-0.01999999999999602,17673,271076
2013-12-06,99.115,99.115,99.115,99.115,-0.010000000000005116,17166,274081
2013-12-09,99.115,99.115,99.115,99.115,0,7861,273650
2013-12-10,99.115,99.115,99.115,99.115,0,5974,274535
2013-12-11,99.105,99.105,99.105,99.105,-0.009999999999990905,10095,274634
2013-12-12,99.065,99.065,99.065,99.065,-0.04000000000000625,34659,281666
2013-12-13,99.06,99.06,99.06,99.06,-0.0049999999999954525,9097,282930
2013-12-16,99.065,99.075,99.065,99.075,0.015000000000000568,7942,283789
2013-12-17,99.095,99.125,99.095,99.125,0.04999999999999716,28533,290761
2013-12-18,99.15,99.15,99.15,99.15,0.025000000000005684,40235,297283
2013-12-19,99.04,99.04,99.04,99.04,-0.10999999999999943,36824,298253
2013-12-20,98.99,98.99,98.99,98.99,-0.05000000000001137,44682,304647
2013-12-23,98.955,98.955,98.92,98.92,-0.06999999999999318,7546,305941
2013-12-24,98.87,98.87,98.87,98.87,-0.04999999999999716,11081,306920
2013-12-26,98.86,98.86,98.86,98.86,-0.010000000000005116,11758,306895
2013-12-27,98.88,98.88,98.88,98.88,0.01999999999999602,11117,306708
2013-12-30,98.91,98.91,98.91,98.91,0.030000000000001137,5547,306689
2013-12-31,98.9,98.9,98.9,98.9,-0.009999999999990905,11073,275330
2014-01-02,98.905,98.905,98.905,98.905,0.0049999999999954525,4482,275314
2014-01-03,98.87,98.87,98.87,98.87,-0.03499999999999659,14106,276163
2014-01-06,98.91,98.91,98.91,98.91,0.03999999999999204,13862,277395
2014-01-07,98.925,98.925,98.925,98.925,0.015000000000000568,11873,278090
2014-01-08,98.815,98.815,98.815,98.815,-0.10999999999999943,25667,276879
2014-01-09,98.81,98.81,98.81,98.81,-0.0049999999999954525,17461,277156
2014-01-10,98.895,98.925,98.895,98.92,0.10999999999999943,25089,276794
2014-01-13,98.985,98.99,98.985,98.99,0.06999999999999318,18703,279717
2014-01-14,98.925,98.925,98.925,98.925,-0.06499999999999773,10927,278861
2014-01-15,98.87,98.87,98.87,98.87,-0.05499999999999261,17707,279004
2014-01-16,98.875,98.875,98.875,98.875,0.0049999999999954525,9782,279055
2014-01-17,98.875,98.875,98.875,98.875,0,15651,280228
2014-01-21,98.88,98.88,98.88,98.88,0.0049999999999954525,11207,279760
2014-01-22,98.815,98.815,98.815,98.815,-0.06499999999999773,12819,280250
2014-01-23,98.935,98.935,98.935,98.935,0.12000000000000455,23710,282291
2014-01-24,98.985,98.985,98.985,98.985,0.04999999999999716,34437,284096
2014-01-27,98.955,98.955,98.955,98.955,-0.030000000000001137,14641,287626
2014-01-28,98.98,98.98,98.98,98.98,0.025000000000005684,16141,291494
2014-01-29,99.04,99.04,99.04,99.04,0.060000000000002274,37015,298209
2014-01-30,99.035,99.035,99.035,99.035,-0.005000000000009663,16069,298517
2014-01-31,99.05,99.05,99.05,99.05,0.015000000000000568,23269,263581
2014-02-03,99.085,99.15,99.085,99.15,0.10000000000000853,42831,269337
2014-02-04,99.13,99.135,99.13,99.135,-0.015000000000000568,16764,273109
2014-02-05,99.13,99.13,99.13,99.13,-0.005000000000009663,26976,278632
2014-02-06,99.105,99.105,99.105,99.105,-0.024999999999991473,21252,283703
2014-02-07,99.17,99.17,99.17,99.17,0.06499999999999773,25892,289795
2014-02-10,99.17,99.17,99.17,99.17,0,16771,291291
2014-02-11,99.135,99.135,99.11,99.115,-0.05500000000000682,11480,293954
2014-02-12,99.055,99.075,99.055,99.075,-0.03999999999999204,22299,295907
2014-02-13,99.11,99.11,99.08,99.105,0.030000000000001137,14970,298841
2014-02-14,99.09,99.09,99.09,99.09,-0.015000000000000568,18439,305816
2014-02-18,99.135,99.135,99.135,99.135,0.045000000000001705,15968,314854
2014-02-19,99.11,99.11,99.11,99.11,-0.025000000000005684,10453,317554
2014-02-20,99.1,99.1,99.1,99.1,-0.010000000000005116,19278,321494
2014-02-21,99.105,99.105,99.105,99.105,0.005000000000009663,9379,322928
2014-02-24,99.09,99.09,99.09,99.09,-0.015000000000000568,3833,321874
2014-02-25,99.1,99.1,99.1,99.1,0.009999999999990905,14629,326188
2014-02-26,99.12,99.13,99.12,99.13,0.030000000000001137,16307,329214
2014-02-27,99.14,99.14,99.135,99.135,0.005000000000009663,10886,331924
2014-02-28,99.115,99.115,99.115,99.115,-0.020000000000010232,22959,288465
2014-03-03,99.145,99.145,99.145,99.145,0.030000000000001137,17673,292474
2014-03-04,99.105,99.105,99.105,99.105,-0.03999999999999204,21094,295231
2014-03-05,99.09,99.09,99.09,99.09,-0.015000000000000568,9668,295803
2014-03-06,99.065,99.065,99.065,99.065,-0.025000000000005684,19925,297442
2014-03-07,98.97,99.005,98.97,99.005,-0.060000000000002274,28604,296978
2014-03-10,99.01,99.01,99.01,99.01,0.005000000000009663,15571,296089
2014-03-11,99.015,99.015,99.015,99.015,0.0049999999999954525,15849,298102
2014-03-12,99.02,99.02,99.02,99.02,0.0049999999999954525,18813,298693
2014-03-13,99.08,99.08,99.08,99.08,0.060000000000002274,26027,303696
2014-03-14,99.1,99.1,99.1,99.1,0.01999999999999602,20491,308574
2014-03-17,99.06,99.06,99.06,99.06,-0.03999999999999204,17023,314277
2014-03-18,99.075,99.075,99.075,99.075,0.015000000000000568,19349,318024
2014-03-19,99.06,99.06,98.83,98.895,-0.18000000000000682,55378,323347
2014-03-20,98.83,98.855,98.83,98.855,-0.03999999999999204,38504,331031
2014-03-21,98.835,98.845,98.825,98.845,-0.010000000000005116,15299,333838
2014-03-24,98.785,98.81,98.785,98.81,-0.03499999999999659,27664,334544
2014-03-25,98.79,98.82,98.79,98.82,0.009999999999990905,23869,335742
2014-03-26,98.82,98.86,98.82,98.85,0.030000000000001137,27903,336570
2014-03-27,98.82,98.84,98.81,98.84,-0.009999999999990905,18177,337799
2014-03-28,98.815,98.815,98.805,98.805,-0.03499999999999659,12911,339682
2014-03-31,98.785,98.835,98.785,98.835,0.029999999999986926,20726,290022
2014-04-01,98.83,98.835,98.83,98.835,0,12260,291999
2014-04-02,98.78,98.785,98.77,98.785,-0.04999999999999716,15742,291680
2014-04-03,98.78,98.79,98.78,98.785,0,17603,297726
2014-04-04,98.79,98.86,98.79,98.86,0.07500000000000284,34681,300806
2014-04-07,98.885,98.915,98.885,98.905,0.045000000000001705,23179,306485
2014-04-08,98.89,98.9,98.89,98.9,-0.0049999999999954525,21078,310870
2014-04-09,98.875,98.955,98.86,98.955,0.05499999999999261,40604,311908
2014-04-10,99.005,99.015,99,99.015,0.060000000000002274,36068,313977
2014-04-11,99.01,99.01,99.01,99.01,-0.0049999999999954525,10790,316438
2014-04-14,98.98,98.985,98.965,98.985,-0.025000000000005684,10236,319061
2014-04-15,98.94,98.955,98.94,98.955,-0.030000000000001137,17331,324094
2014-04-16,98.92,98.92,98.915,98.92,-0.03499999999999659,17137,329975
2014-04-17,98.88,98.88,98.87,98.87,-0.04999999999999716,17706,330608
2014-04-21,98.875,98.875,98.875,98.875,0.0049999999999954525,15244,339032
2014-04-22,98.845,98.845,98.835,98.84,-0.03499999999999659,19715,340477
2014-04-23,98.865,98.88,98.865,98.88,0.03999999999999204,24470,345552
2014-04-24,98.85,98.875,98.85,98.875,-0.0049999999999954525,29458,351569
2014-04-25,98.865,98.89,98.865,98.885,0.010000000000005116,16956,354632
2014-04-28,98.875,98.895,98.86,98.895,0.009999999999990905,11060,359874
2014-04-29,98.86,98.87,98.86,98.865,-0.030000000000001137,18807,358404
2014-04-30,98.905,98.92,98.905,98.92,0.05500000000000682,40757,315133
2014-05-01,98.915,98.95,98.91,98.94,0.01999999999999602,12958,318288
2014-05-02,98.94,98.94,98.865,98.89,-0.04999999999999716,38294,321181
2014-05-05,98.89,98.89,98.89,98.89,0,5205,321994
2014-05-06,98.87,98.89,98.87,98.89,0,5314,324337
2014-05-07,98.9,98.93,98.9,98.915,0.025000000000005684,40574,328511
2014-05-08,98.92,98.96,98.91,98.96,0.044999999999987494,19190,328883
2014-05-09,98.935,98.97,98.935,98.97,0.010000000000005116,18680,335568
2014-05-12,98.96,98.96,98.955,98.955,-0.015000000000000568,8429,336606
2014-05-13,98.945,98.985,98.94,98.97,0.015000000000000568,15751,339695
2014-05-14,99.02,99.06,99.02,99.035,0.06499999999999773,27476,344021
2014-05-15,99.045,99.075,99.02,99.06,0.025000000000005684,22869,350069
2014-05-16,99.055,99.055,99.055,99.055,-0.0049999999999954525,14336,353175
2014-05-19,99.05,99.08,99.05,99.08,0.024999999999991473,19804,359268
2014-05-20,99.08,99.125,99.08,99.12,0.04000000000000625,21425,361265
2014-05-21,99.095,99.115,99.07,99.115,-0.005000000000009663,26906,363449
2014-05-22,99.095,99.095,99.085,99.09,-0.024999999999991473,13435,365529
2014-05-23,99.105,99.115,99.095,99.095,0.0049999999999954525,9374,365627
2014-05-27,99.085,99.09,99.08,99.09,-0.0049999999999954525,9449,367374
2014-05-28,99.1,99.15,99.1,99.15,0.060000000000002274,21784,369372
2014-05-29,99.17,99.17,99.12,99.135,-0.015000000000000568,20686,371789
2014-05-30,99.1,99.12,99.09,99.12,-0.015000000000000568,16470,344068
2014-06-02,99.075,99.09,99.07,99.08,-0.04000000000000625,17534,345669
2014-06-03,99.07,99.07,99.045,99.05,-0.030000000000001137,14721,345693
2014-06-04,99.04,99.07,99.04,99.04,-0.009999999999990905,38457,355161
2014-06-05,99.07,99.08,99.065,99.065,0.024999999999991473,37156,362135
2014-06-06,99.09,99.09,99.025,99.035,-0.030000000000001137,36315,367963
2014-06-09,99.005,99.005,98.97,98.99,-0.045000000000001705,21298,370215
2014-06-10,98.975,98.975,98.95,98.96,-0.030000000000001137,25204,372779
2014-06-11,98.97,98.97,98.96,98.96,0,17224,375207
2014-06-12,98.95,99.015,98.95,98.99,0.030000000000001137,46564,385517
2014-06-13,98.945,98.965,98.915,98.955,-0.03499999999999659,39439,391316
2014-06-16,98.94,98.945,98.93,98.945,-0.010000000000005116,25175,396991
2014-06-17,98.94,98.94,98.895,98.91,-0.03499999999999659,40685,403606
2014-06-18,98.9,98.95,98.88,98.91,0,49849,407343
2014-06-19,98.955,98.975,98.935,98.935,0.025000000000005684,30370,409219
2014-06-20,98.935,98.935,98.915,98.935,0,17083,409600
2014-06-23,98.93,98.945,98.93,98.93,-0.0049999999999954525,15707,413498
2014-06-24,98.925,98.94,98.925,98.935,0.0049999999999954525,18531,417521
2014-06-25,98.935,98.98,98.935,98.96,0.024999999999991473,20051,418926
2014-06-26,98.95,99.01,98.95,99,0.04000000000000625,29037,427520
2014-06-27,99.01,99.03,99.01,99.01,0.010000000000005116,19969,432428
2014-06-30,99.02,99.035,99.01,99.03,0.01999999999999602,14516,405024
2014-07-01,99,99.005,98.99,99.005,-0.025000000000005684,28852,411799
2014-07-02,98.985,98.985,98.93,98.945,-0.060000000000002274,32156,416102
2014-07-03,98.945,98.945,98.87,98.895,-0.04999999999999716,33417,416272
2014-07-07,98.875,98.88,98.865,98.88,-0.015000000000000568,25980,415049
2014-07-08,98.89,98.915,98.89,98.9,0.020000000000010232,20936,415535
2014-07-09,98.89,98.98,98.875,98.94,0.03999999999999204,81747,428902
2014-07-10,98.97,99.015,98.96,98.99,0.04999999999999716,103751,435669
2014-07-11,99,99.03,99,99,0.010000000000005116,60085,438493
2014-07-14,98.985,98.985,98.975,98.985,-0.015000000000000568,16054,442196
2014-07-15,98.985,98.995,98.93,98.935,-0.04999999999999716,34874,444459
2014-07-16,98.935,98.935,98.905,98.91,-0.025000000000005684,19589,445921
2014-07-17,98.935,98.975,98.93,98.94,0.030000000000001137,25526,444121
2014-07-18,98.94,98.94,98.915,98.92,-0.01999999999999602,23639,448564
2014-07-21,98.9,98.905,98.89,98.895,-0.025000000000005684,10748,448898
2014-07-22,98.89,98.925,98.885,98.905,0.010000000000005116,22153,451694
2014-07-23,98.935,98.935,98.935,98.935,0.030000000000001137,12442,452139
2014-07-24,98.915,98.915,98.885,98.905,-0.030000000000001137,21109,453908
2014-07-25,98.905,98.92,98.905,98.92,0.015000000000000568,14571,456558
2014-07-28,98.88,98.88,98.875,98.88,-0.04000000000000625,15299,457383
2014-07-29,98.88,98.89,98.875,98.88,0,27345,464212
2014-07-30,98.855,98.855,98.82,98.85,-0.030000000000001137,66008,470252
2014-07-31,98.85,98.865,98.84,98.855,0.005000000000009663,49831,432613
2014-08-01,98.885,98.95,98.885,98.95,0.09499999999999886,63224,443237
2014-08-04,98.97,98.99,98.965,98.965,0.015000000000000568,31049,451985
2014-08-05,98.95,98.97,98.94,98.96,-0.005000000000009663,34239,459492
2014-08-06,98.965,98.99,98.965,98.965,0.005000000000009663,38879,469973
2014-08-07,98.985,99.01,98.97,99.01,0.045000000000001705,34886,475104
2014-08-08,99.01,99.03,99,99,-0.010000000000005116,35815,479266
2014-08-11,98.985,98.995,98.985,98.995,-0.0049999999999954525,12983,482791
2014-08-12,98.995,99.01,98.995,99.01,0.015000000000000568,31051,492083
2014-08-13,98.995,99.055,98.995,99.055,0.045000000000001705,46480,501909
2014-08-14,99.06,99.065,99.055,99.055,0,73626,524355
2014-08-15,99.065,99.1,99.055,99.08,0.024999999999991473,39391,526408
2014-08-18,99.06,99.06,99.05,99.05,-0.030000000000001137,19087,528427
2014-08-19,99.06,99.06,99.04,99.04,-0.009999999999990905,14666,528137
2014-08-20,99.025,99.025,98.985,98.99,-0.05000000000001137,26687,533078
2014-08-21,98.98,99.005,98.98,99.005,0.015000000000000568,31524,536036
2014-08-22,98.995,99.01,98.97,98.98,-0.024999999999991473,55536,547509
2014-08-25,98.97,98.97,98.96,98.965,-0.015000000000000568,37495,551033
2014-08-26,98.975,98.975,98.95,98.97,0.0049999999999954525,72737,541629
2014-08-27,98.97,98.985,98.97,98.98,0.010000000000005116,46944,541631
2014-08-28,98.99,99.005,98.975,98.99,0.009999999999990905,18613,541701
2014-08-29,98.985,99.005,98.98,99,0.010000000000005116,18826,512295
2014-09-02,98.995,98.995,98.96,98.97,-0.030000000000001137,29755,511290
2014-09-03,98.955,98.97,98.945,98.97,0,37948,515010
2014-09-04,98.99,98.995,98.945,98.96,-0.010000000000005116,32844,519811
2014-09-05,98.945,99.015,98.94,98.995,0.0350000000000108,43843,522682
2014-09-08,99,99.005,98.94,98.955,-0.04000000000000625,38553,529383
2014-09-09,98.935,98.94,98.91,98.92,-0.03499999999999659,30634,523266
2014-09-10,98.9,98.91,98.89,98.905,-0.015000000000000568,33816,524461
2014-09-11,98.915,98.915,98.895,98.895,-0.010000000000005116,38612,527486
2014-09-12,98.885,98.89,98.88,98.89,-0.0049999999999954525,37527,535158
2014-09-15,98.885,98.91,98.885,98.905,0.015000000000000568,52042,546608
2014-09-16,98.92,98.945,98.92,98.935,0.030000000000001137,57896,557935
2014-09-17,98.94,98.94,98.875,98.9,-0.03499999999999659,83082,570836
2014-09-18,98.87,98.875,98.835,98.875,-0.025000000000005684,43441,572371
2014-09-19,98.85,98.88,98.85,98.875,0,37100,579913
2014-09-22,98.88,98.905,98.88,98.905,0.030000000000001137,33829,582403
2014-09-23,98.905,98.92,98.905,98.915,0.010000000000005116,23422,583182
2014-09-24,98.915,98.915,98.9,98.9,-0.015000000000000568,31193,588632
2014-09-25,98.915,98.93,98.915,98.93,0.030000000000001137,78274,593343
2014-09-26,98.9,98.915,98.87,98.88,-0.05000000000001137,40996,596178
2014-09-29,98.88,98.9,98.87,98.875,-0.0049999999999954525,22866,593987
2014-09-30,98.87,98.875,98.86,98.865,-0.010000000000005116,35080,561259
2014-10-01,98.885,98.96,98.885,98.93,0.06500000000001194,70023,569262
2014-10-02,98.94,98.965,98.915,98.925,-0.005000000000009663,49484,571680
2014-10-03,98.915,98.93,98.87,98.89,-0.03499999999999659,55756,576552
2014-10-06,98.885,98.925,98.885,98.92,0.030000000000001137,35009,583923
2014-10-07,98.935,98.995,98.93,98.98,0.060000000000002274,53176,588877
2014-10-08,99,99.08,98.98,99.07,0.0899999999999892,79402,595125
2014-10-09,99.08,99.13,99.07,99.07,0,82212,611703
2014-10-10,99.085,99.115,99.055,99.095,0.025000000000005684,41957,615551
2014-10-13,99.165,99.21,99.16,99.185,0.09000000000000341,20322,614916
2014-10-14,99.205,99.23,99.175,99.2,0.015000000000000568,55383,618670
2014-10-15,99.22,99.455,99.205,99.355,0.15500000000000114,95546,621230
2014-10-16,99.375,99.43,99.3,99.325,-0.030000000000001137,51103,621861
2014-10-17,99.305,99.325,99.26,99.28,-0.045000000000001705,30020,627112
2014-10-20,99.26,99.315,99.26,99.315,0.03499999999999659,31320,628494
2014-10-21,99.305,99.325,99.28,99.315,0,32094,632860
2014-10-22,99.27,99.31,99.265,99.285,-0.030000000000001137,32273,634314
2014-10-23,99.32,99.32,99.24,99.25,-0.03499999999999659,31227,638300
2014-10-24,99.255,99.275,99.245,99.255,0.0049999999999954525,35481,647113
2014-10-27,99.245,99.28,99.245,99.265,0.010000000000005116,25081,655092
2014-10-28,99.255,99.275,99.255,99.26,-0.0049999999999954525,24913,659176
2014-10-29,99.255,99.255,99.155,99.17,-0.09000000000000341,84787,675861
2014-10-30,99.165,99.19,99.14,99.185,0.015000000000000568,39823,680445
2014-10-31,99.19,99.19,99.145,99.16,-0.025000000000005684,49267,659219
2014-11-03,99.15,99.165,99.12,99.145,-0.015000000000000568,26584,657080
2014-11-04,99.145,99.165,99.13,99.145,0,16330,661079
2014-11-05,99.14,99.14,99.115,99.125,-0.01999999999999602,43780,665809
2014-11-06,99.125,99.125,99.095,99.105,-0.01999999999999602,40396,674628
2014-11-07,99.085,99.16,99.075,99.155,0.04999999999999716,62380,686988
2014-11-10,99.16,99.18,99.11,99.115,-0.04000000000000625,20065,688877
2014-11-11,99.1,99.11,99.1,99.105,-0.009999999999990905,3969,688001
2014-11-12,99.105,99.135,99.1,99.115,0.009999999999990905,83413,695697
2014-11-13,99.105,99.135,99.105,99.135,0.020000000000010232,31752,700431
2014-11-14,99.125,99.15,99.095,99.15,0.015000000000000568,39258,706617
2014-11-17,99.16,99.175,99.15,99.17,0.01999999999999602,37402,710738
2014-11-18,99.175,99.18,99.17,99.175,0.0049999999999954525,26247,712743
2014-11-19,99.18,99.185,99.13,99.155,-0.01999999999999602,66327,714915
2014-11-20,99.155,99.19,99.155,99.175,0.01999999999999602,40731,721354
2014-11-21,99.18,99.185,99.18,99.18,0.005000000000009663,27582,728882
2014-11-24,99.175,99.19,99.165,99.18,0,16397,731009
2014-11-25,99.19,99.195,99.165,99.195,0.014999999999986358,44129,732393
2014-11-26,99.195,99.2,99.195,99.2,0.005000000000009663,21079,735530
2014-11-28,99.2,99.235,99.2,99.23,0.030000000000001137,9886,694178
2014-12-01,99.25,99.295,99.225,99.225,-0.005000000000009663,41353,693725
2014-12-02,99.22,99.22,99.18,99.18,-0.044999999999987494,56898,698240
2014-12-03,99.18,99.18,99.14,99.15,-0.030000000000001137,39522,698254
2014-12-04,99.15,99.165,99.14,99.165,0.015000000000000568,24657,696975
2014-12-05,99.165,99.165,99.015,99.035,-0.13000000000000966,102659,704490
2014-12-08,99.015,99.045,99.015,99.04,0.005000000000009663,35664,708939
2014-12-09,99.035,99.1,99.03,99.055,0.015000000000000568,77947,711164
2014-12-10,99.08,99.125,99.055,99.115,0.05999999999998806,35629,718083
2014-12-11,99.14,99.14,99.075,99.095,-0.01999999999999602,52718,723954
2014-12-12,99.105,99.195,99.105,99.165,0.07000000000000739,67151,731673
2014-12-15,99.165,99.165,99.12,99.13,-0.0350000000000108,27397,732453
2014-12-16,99.14,99.26,99.14,99.18,0.05000000000001137,79790,745558
2014-12-17,99.195,99.25,99.11,99.115,-0.06500000000001194,148029,742745
2014-12-18,99.095,99.125,99.07,99.09,-0.024999999999991473,95922,739499
2014-12-19,99.09,99.095,99.055,99.065,-0.025000000000005684,53253,737589
2014-12-22,99.055,99.055,99.035,99.045,-0.01999999999999602,52659,739765
2014-12-23,99.035,99.04,98.99,99.005,-0.04000000000000625,38991,740845
2014-12-24,98.99,99,98.99,99,-0.0049999999999954525,10520,740027
2014-12-26,99.005,99.005,98.985,98.995,-0.0049999999999954525,8620,740344
2014-12-29,98.99,99.045,98.99,99.03,0.03499999999999659,40733,748542
2014-12-30,99.03,99.055,99.03,99.045,0.015000000000000568,17634,749504
2014-12-31,99.04,99.065,99.04,99.06,0.015000000000000568,19943,685109
2015-01-02,99.035,99.08,99.02,99.07,0.009999999999990905,36883,687740
2015-01-05,99.08,99.08,99.06,99.07,0,37362,684788
2015-01-06,99.09,99.17,99.08,99.11,0.04000000000000625,68469,683792
2015-01-07,99.12,99.145,99.1,99.13,0.01999999999999602,59313,690939
2015-01-08,99.115,99.145,99.1,99.14,0.010000000000005116,64948,701711
2015-01-09,99.155,99.22,99.14,99.19,0.04999999999999716,105334,710736
2015-01-12,99.225,99.235,99.2,99.23,0.04000000000000625,38380,716459
2015-01-13,99.24,99.265,99.23,99.265,0.03499999999999659,58681,726402
2015-01-14,99.255,99.385,99.255,99.32,0.05499999999999261,83506,728572
2015-01-15,99.3,99.415,99.275,99.375,0.05500000000000682,76271,731075
2015-01-16,99.405,99.42,99.325,99.335,-0.04000000000000625,71272,730182
2015-01-20,99.33,99.36,99.305,99.325,-0.009999999999990905,66563,732631
2015-01-21,99.305,99.33,99.29,99.31,-0.015000000000000568,59363,739565
2015-01-22,99.295,99.33,99.27,99.28,-0.030000000000001137,37433,729654
2015-01-23,99.28,99.335,99.28,99.295,0.015000000000000568,39796,732434
2015-01-26,99.31,99.325,99.265,99.275,-0.01999999999999602,42620,733993
2015-01-27,99.28,99.32,99.275,99.29,0.015000000000000568,45354,735711
2015-01-28,99.295,99.345,99.285,99.33,0.03999999999999204,57133,740352
2015-01-29,99.34,99.34,99.305,99.325,-0.0049999999999954525,34220,737591
2015-01-30,99.32,99.39,99.32,99.365,0.03999999999999204,66904,690966
2015-02-02,99.395,99.395,99.355,99.38,0.015000000000000568,42455,696441
2015-02-03,99.385,99.39,99.315,99.325,-0.05499999999999261,61320,700393
2015-02-04,99.32,99.35,99.28,99.315,-0.010000000000005116,55078,702948
2015-02-05,99.355,99.355,99.3,99.31,-0.0049999999999954525,35542,706138
2015-02-06,99.295,99.31,99.135,99.155,-0.15500000000000114,165677,704581
2015-02-09,99.155,99.19,99.125,99.15,-0.0049999999999954525,74473,695026
2015-02-10,99.125,99.14,99.11,99.13,-0.020000000000010232,37361,689876
2015-02-11,99.15,99.15,99.115,99.135,0.005000000000009663,45588,681686
2015-02-12,99.125,99.175,99.11,99.165,0.030000000000001137,54771,682153
2015-02-13,99.17,99.18,99.155,99.165,0,23750,681863
2015-02-17,99.15,99.18,99.1,99.125,-0.04000000000000625,53498,679680
2015-02-18,99.14,99.215,99.105,99.2,0.07500000000000284,42603,683294
2015-02-19,99.22,99.23,99.185,99.185,-0.015000000000000568,39532,679490
2015-02-20,99.18,99.23,99.16,99.165,-0.01999999999999602,54021,681620
2015-02-23,99.175,99.2,99.165,99.19,0.024999999999991473,40024,694830
2015-02-24,99.2,99.265,99.165,99.255,0.06499999999999773,109965,698711
2015-02-25,99.25,99.255,99.235,99.245,-0.009999999999990905,61213,702817
2015-02-26,99.25,99.26,99.2,99.21,-0.0350000000000108,80200,711884
2015-02-27,99.205,99.23,99.195,99.225,0.015000000000000568,43663,648903
2015-03-02,99.22,99.22,99.185,99.195,-0.030000000000001137,44260,656516
2015-03-03,99.19,99.19,99.17,99.185,-0.009999999999990905,28054,659157
2015-03-04,99.18,99.205,99.175,99.2,0.015000000000000568,34281,665195
2015-03-05,99.195,99.22,99.195,99.22,0.01999999999999602,39961,670072
2015-03-06,99.215,99.255,99.11,99.12,-0.09999999999999432,171126,693109
2015-03-09,99.11,99.15,99.11,99.14,0.01999999999999602,80107,712185
2015-03-10,99.15,99.175,99.135,99.155,0.015000000000000568,88038,723522
2015-03-11,99.165,99.165,99.14,99.155,0,82969,728513
2015-03-12,99.16,99.205,99.155,99.195,0.03999999999999204,82094,731374
2015-03-13,99.19,99.22,99.175,99.2,0.005000000000009663,54875,741948
2015-03-16,99.2,99.23,99.2,99.22,0.01999999999999602,59452,758107
2015-03-17,99.22,99.23,99.2,99.21,-0.010000000000005116,68288,761833
2015-03-18,99.205,99.37,99.2,99.325,0.1150000000000091,133230,767800
2015-03-19,99.36,99.36,99.27,99.28,-0.045000000000001705,164314,754874
2015-03-20,99.285,99.315,99.285,99.3,0.01999999999999602,39937,757216
2015-03-23,99.31,99.325,99.3,99.3,0,39906,751154
2015-03-24,99.325,99.34,99.31,99.33,0.030000000000001137,45699,749830
2015-03-25,99.335,99.36,99.325,99.33,0,47400,753642
2015-03-26,99.335,99.335,99.305,99.325,-0.0049999999999954525,35774,755363
2015-03-27,99.325,99.36,99.32,99.36,0.03499999999999659,63905,767717
2015-03-30,99.355,99.37,99.345,99.365,0.0049999999999954525,32767,771131
2015-03-31,99.365,99.385,99.365,99.38,0.015000000000000568,43954,697921
2015-04-01,99.37,99.41,99.365,99.4,0.020000000000010232,39552,700447
2015-04-02,99.4,99.41,99.39,99.4,0,45496,708453
2015-04-03,99.4,99.465,99.4,99.455,0.05499999999999261,55642,716148
2015-04-06,99.46,99.46,99.44,99.445,-0.010000000000005116,28115,717062
2015-04-07,99.445,99.445,99.42,99.43,-0.014999999999986358,44326,716978
2015-04-08,99.43,99.43,99.405,99.425,-0.005000000000009663,85936,727172
2015-04-09,99.42,99.425,99.4,99.41,-0.015000000000000568,27810,730743
2015-04-10,99.405,99.41,99.4,99.4,-0.009999999999990905,25045,735466
2015-04-13,99.4,99.43,99.39,99.42,0.01999999999999602,44393,736854
2015-04-14,99.425,99.46,99.415,99.44,0.01999999999999602,81647,749700
2015-04-15,99.445,99.46,99.445,99.455,0.015000000000000568,38434,752682
2015-04-16,99.46,99.48,99.455,99.475,0.01999999999999602,54636,761247
2015-04-17,99.485,99.5,99.445,99.455,-0.01999999999999602,61415,765149
2015-04-20,99.45,99.46,99.425,99.435,-0.01999999999999602,44146,769892
2015-04-21,99.435,99.435,99.415,99.435,0,37991,769859
2015-04-22,99.44,99.44,99.415,99.42,-0.015000000000000568,42867,777606
2015-04-23,99.42,99.44,99.415,99.435,0.015000000000000568,21788,779588
2015-04-24,99.45,99.475,99.45,99.47,0.03499999999999659,47511,794923
2015-04-27,99.47,99.47,99.46,99.465,-0.0049999999999954525,20421,797813
2015-04-28,99.46,99.46,99.45,99.455,-0.010000000000005116,30975,803472
2015-04-29,99.455,99.46,99.435,99.45,-0.0049999999999954525,83972,803333
2015-04-30,99.455,99.455,99.405,99.435,-0.015000000000000568,148637,765065
2015-05-01,99.425,99.43,99.405,99.41,-0.025000000000005684,64915,764314
2015-05-04,99.405,99.425,99.4,99.41,0,13944,764114
2015-05-05,99.41,99.425,99.395,99.4,-0.009999999999990905,29624,767617
2015-05-06,99.39,99.41,99.39,99.405,0.0049999999999954525,66579,784839
2015-05-07,99.4,99.41,99.38,99.41,0.0049999999999954525,43960,790763
2015-05-08,99.415,99.47,99.39,99.455,0.045000000000001705,145356,801815
2015-05-11,99.45,99.45,99.42,99.425,-0.030000000000001137,49050,805266
2015-05-12,99.42,99.44,99.405,99.435,0.010000000000005116,37334,807262
2015-05-13,99.45,99.47,99.445,99.465,0.030000000000001137,57632,818319
2015-05-14,99.475,99.5,99.475,99.495,0.030000000000001137,70345,834996
2015-05-15,99.495,99.505,99.49,99.495,0,61162,849798
2015-05-18,99.495,99.495,99.47,99.475,-0.020000000000010232,24681,849365
2015-05-19,99.49,99.49,99.44,99.45,-0.024999999999991473,50756,848963
2015-05-20,99.45,99.465,99.45,99.46,0.009999999999990905,61003,856130
2015-05-21,99.465,99.475,99.465,99.47,0.010000000000005116,48693,857955
2015-05-22,99.475,99.48,99.43,99.435,-0.03499999999999659,76562,861885
2015-05-26,99.425,99.44,99.415,99.44,0.0049999999999954525,62251,854237
2015-05-27,99.43,99.435,99.42,99.435,-0.0049999999999954525,37201,846894
2015-05-28,99.445,99.455,99.44,99.45,0.015000000000000568,43566,859611
2015-05-29,99.45,99.475,99.45,99.47,0.01999999999999602,46516,762858
2015-06-01,99.46,99.47,99.44,99.445,-0.025000000000005684,34804,772500
2015-06-02,99.43,99.445,99.42,99.445,0,58431,781020
2015-06-03,99.43,99.435,99.425,99.435,-0.009999999999990905,37113,791525
2015-06-04,99.435,99.455,99.43,99.435,0,58525,803274
2015-06-05,99.42,99.42,99.35,99.38,-0.05500000000000682,129475,815463
2015-06-08,99.38,99.41,99.38,99.41,0.030000000000001137,27351,816936
2015-06-09,99.395,99.41,99.38,99.39,-0.01999999999999602,39761,817282
2015-06-10,99.37,99.375,99.365,99.37,-0.01999999999999602,46141,824184
2015-06-11,99.365,99.37,99.35,99.37,0,74905,833419
2015-06-12,99.375,99.375,99.36,99.37,0,82457,847376
2015-06-15,99.385,99.41,99.385,99.395,0.024999999999991473,70725,858499
2015-06-16,99.4,99.41,99.4,99.405,0.010000000000005116,67126,868620
2015-06-17,99.4,99.46,99.385,99.445,0.03999999999999204,237217,879460
2015-06-18,99.455,99.485,99.45,99.46,0.015000000000000568,150707,859739
2015-06-19,99.47,99.49,99.465,99.485,0.025000000000005684,68095,868992
2015-06-22,99.475,99.48,99.47,99.475,-0.010000000000005116,47009,873219
2015-06-23,99.47,99.47,99.455,99.46,-0.015000000000000568,47215,871840
2015-06-24,99.47,99.48,99.46,99.475,0.015000000000000568,46515,882215
2015-06-25,99.475,99.475,99.46,99.47,-0.0049999999999954525,53003,897215
2015-06-26,99.465,99.465,99.45,99.45,-0.01999999999999602,44865,896960
2015-06-29,99.485,99.54,99.48,99.5,0.04999999999999716,140231,904485
2015-06-30,99.5,99.505,99.48,99.49,-0.010000000000005116,63854,839896
2015-07-01,99.485,99.485,99.45,99.45,-0.03999999999999204,55650,843416
2015-07-02,99.45,99.5,99.44,99.49,0.03999999999999204,156769,841882
2015-07-06,99.555,99.555,99.49,99.53,0.04000000000000625,88271,855476
2015-07-07,99.525,99.57,99.525,99.555,0.025000000000005684,74249,866553
2015-07-08,99.55,99.585,99.55,99.585,0.029999999999986926,73807,880779
2015-07-09,99.57,99.57,99.555,99.555,-0.029999999999986926,101108,895318
2015-07-10,99.545,99.545,99.495,99.495,-0.060000000000002274,96440,886595
2015-07-13,99.52,99.52,99.475,99.49,-0.005000000000009663,55978,887288
2015-07-14,99.49,99.52,99.485,99.51,0.020000000000010232,60814,889222
2015-07-15,99.51,99.52,99.485,99.52,0.009999999999990905,98153,904283
2015-07-16,99.505,99.505,99.48,99.49,-0.030000000000001137,93681,896302
2015-07-17,99.485,99.485,99.465,99.47,-0.01999999999999602,42809,898474
2015-07-20,99.46,99.465,99.44,99.445,-0.025000000000005684,46529,892012
2015-07-21,99.45,99.465,99.44,99.46,0.015000000000000568,40886,888107
2015-07-22,99.465,99.465,99.445,99.445,-0.015000000000000568,35111,890140
2015-07-23,99.435,99.46,99.435,99.46,0.015000000000000568,25893,891618
2015-07-24,99.465,99.49,99.455,99.47,0.010000000000005116,41750,892493
2015-07-27,99.475,99.5,99.475,99.495,0.025000000000005684,58724,896370
2015-07-28,99.485,99.495,99.475,99.49,-0.005000000000009663,66202,903332
2015-07-29,99.48,99.49,99.475,99.485,-0.0049999999999954525,143363,909046
2015-07-30,99.465,99.47,99.435,99.45,-0.03499999999999659,111329,906604
2015-07-31,99.44,99.515,99.44,99.495,0.045000000000001705,163189,789022
2015-08-03,99.495,99.51,99.485,99.505,0.009999999999990905,40950,791986
2015-08-04,99.505,99.505,99.445,99.455,-0.04999999999999716,77426,796935
2015-08-05,99.445,99.46,99.43,99.45,-0.0049999999999954525,136213,817842
2015-08-06,99.455,99.475,99.455,99.465,0.015000000000000568,93380,821156
2015-08-07,99.465,99.48,99.425,99.445,-0.020000000000010232,152347,838354
2015-08-10,99.44,99.455,99.43,99.445,0,67296,844608
2015-08-11,99.445,99.49,99.445,99.485,0.04000000000000625,156345,877169
2015-08-12,99.49,99.535,99.485,99.5,0.015000000000000568,169300,883640
2015-08-13,99.5,99.5,99.47,99.47,-0.030000000000001137,81218,874832
2015-08-14,99.465,99.475,99.455,99.46,-0.010000000000005116,86170,861614
2015-08-17,99.46,99.485,99.46,99.48,0.020000000000010232,66457,860065
2015-08-18,99.485,99.49,99.465,99.475,-0.005000000000009663,38342,860904
2015-08-19,99.47,99.535,99.47,99.52,0.045000000000001705,157444,854341
2015-08-20,99.52,99.53,99.51,99.52,0,104344,861394
2015-08-21,99.535,99.565,99.535,99.555,0.0350000000000108,158009,886446
2015-08-24,99.565,99.655,99.565,99.64,0.08499999999999375,233853,872666
2015-08-25,99.63,99.63,99.595,99.6,-0.04000000000000625,134898,892199
2015-08-26,99.63,99.64,99.595,99.62,0.020000000000010232,182899,914416
2015-08-27,99.62,99.625,99.59,99.61,-0.010000000000005116,131861,930641
2015-08-28,99.6,99.605,99.56,99.565,-0.045000000000001705,178864,940038
2015-08-31,99.56,99.57,99.545,99.55,-0.015000000000000568,65369,805010
2015-09-01,99.555,99.58,99.555,99.575,0.025000000000005684,117573,820522
2015-09-02,99.575,99.59,99.565,99.58,0.0049999999999954525,119891,820948
2015-09-03,99.59,99.6,99.58,99.585,0.0049999999999954525,126641,818917
2015-09-04,99.58,99.625,99.55,99.585,0,179825,821113
2015-09-08,99.57,99.57,99.56,99.565,-0.01999999999999602,113389,834541
2015-09-09,99.57,99.57,99.555,99.56,-0.0049999999999954525,101830,844950
2015-09-10,99.57,99.575,99.555,99.56,0,124918,865010
2015-09-11,99.56,99.57,99.555,99.57,0.009999999999990905,100371,895369
2015-09-14,99.57,99.57,99.56,99.565,-0.0049999999999954525,138290,933744
2015-09-15,99.56,99.565,99.525,99.535,-0.030000000000001137,277987,944844
2015-09-16,99.53,99.545,99.525,99.535,0,211821,971239
2015-09-17,99.535,99.63,99.53,99.615,0.0799999999999983,464557,930880
2015-09-18,99.635,99.645,99.625,99.635,0.020000000000010232,164247,896483
2015-09-21,99.635,99.635,99.615,99.62,-0.015000000000000568,82369,899520
2015-09-22,99.63,99.66,99.63,99.655,0.03499999999999659,168623,890519
2015-09-23,99.655,99.66,99.64,99.65,-0.0049999999999954525,46290,885127
2015-09-24,99.645,99.665,99.64,99.655,0.0049999999999954525,78879,885006
2015-09-25,99.65,99.65,99.61,99.64,-0.015000000000000568,138523,892191
2015-09-28,99.64,99.66,99.64,99.655,0.015000000000000568,123436,904757
2015-09-29,99.66,99.67,99.65,99.67,0.015000000000000568,72129,914433
2015-09-30,99.67,99.67,99.65,99.66,-0.010000000000005116,63286,831302
2015-10-01,99.655,99.66,99.64,99.645,-0.015000000000000568,94461,843656
2015-10-02,99.64,99.72,99.64,99.695,0.04999999999999716,241295,853305
2015-10-05,99.7,99.7,99.675,99.68,-0.014999999999986358,42634,849863
2015-10-06,99.685,99.695,99.68,99.69,0.009999999999990905,46941,860543
2015-10-07,99.685,99.685,99.665,99.67,-0.01999999999999602,49567,863053
2015-10-08,99.67,99.68,99.655,99.67,0,100059,850394
2015-10-09,99.675,99.675,99.665,99.665,-0.0049999999999954525,54200,849622
2015-10-12,99.665,99.675,99.66,99.665,0,9482,850919
2015-10-13,99.675,99.69,99.675,99.68,0.015000000000000568,133194,902824
2015-10-14,99.695,99.725,99.695,99.725,0.044999999999987494,132671,892787
2015-10-15,99.725,99.725,99.7,99.705,-0.01999999999999602,90169,900181
2015-10-16,99.7,99.705,99.695,99.7,-0.0049999999999954525,29032,900105
2015-10-19,99.7,99.71,99.695,99.705,0.0049999999999954525,38063,905119
2015-10-20,99.715,99.715,99.695,99.7,-0.0049999999999954525,59426,912623
2015-10-21,99.695,99.7,99.695,99.7,0,36039,914015
2015-10-22,99.7,99.71,99.695,99.705,0.0049999999999954525,80349,922357
2015-10-23,99.695,99.695,99.67,99.68,-0.024999999999991473,64244,922672
2015-10-26,99.68,99.69,99.68,99.68,0,50338,910763
2015-10-27,99.69,99.695,99.68,99.69,0.009999999999990905,68450,926679
2015-10-28,99.69,99.69,99.63,99.635,-0.05499999999999261,179958,920749
2015-10-29,99.635,99.64,99.625,99.63,-0.005000000000009663,108632,913945
2015-10-30,99.63,99.635,99.62,99.63,0,72890,740564
2015-11-02,99.63,99.63,99.62,99.62,-0.009999999999990905,94791,727123
2015-11-03,99.625,99.625,99.61,99.615,-0.005000000000009663,29657,726822
2015-11-04,99.615,99.615,99.59,99.6,-0.015000000000000568,98712,749716
2015-11-05,99.6,99.61,99.6,99.6,0,76124,736161
2015-11-06,99.6,99.605,99.52,99.56,-0.03999999999999204,146597,755580
2015-11-09,99.56,99.56,99.55,99.56,0,61003,758700
2015-11-10,99.555,99.57,99.555,99.565,0.0049999999999954525,44512,763010
2015-11-11,99.565,99.565,99.555,99.56,-0.0049999999999954525,17440,758841
2015-11-12,99.555,99.57,99.555,99.565,0.0049999999999954525,46356,753290
2015-11-13,99.565,99.585,99.565,99.57,0.0049999999999954525,42404,758610
2015-11-16,99.59,99.605,99.58,99.58,0.010000000000005116,42368,765748
2015-11-17,99.58,99.585,99.565,99.58,0,84087,782860
2015-11-18,99.58,99.585,99.565,99.575,-0.0049999999999954525,77316,776954
2015-11-19,99.575,99.575,99.57,99.575,0,40590,782574
2015-11-20,99.57,99.57,99.56,99.565,-0.010000000000005116,79406,791484
2015-11-23,99.555,99.555,99.54,99.545,-0.01999999999999602,90832,807820
2015-11-24,99.54,99.55,99.54,99.545,0,87919,829394
2015-11-25,99.54,99.55,99.54,99.545,0,71461,842285
2015-11-27,99.545,99.55,99.545,99.545,0,22268,842011
2015-11-30,99.545,99.545,99.54,99.545,0,69225,649246
2015-12-01,99.545,99.56,99.535,99.555,0.010000000000005116,112197,662350
2015-12-02,99.555,99.555,99.53,99.54,-0.015000000000000568,96805,663043
2015-12-03,99.54,99.54,99.525,99.535,-0.005000000000009663,77898,658992
2015-12-04,99.53,99.54,99.515,99.53,-0.0049999999999954525,127506,678014
2015-12-07,99.525,99.53,99.515,99.525,-0.0049999999999954525,63807,676342
2015-12-08,99.525,99.525,99.505,99.515,-0.010000000000005116,93796,676945
2015-12-09,99.51,99.54,99.505,99.53,0.015000000000000568,182064,695828
2015-12-10,99.53,99.53,99.515,99.52,-0.010000000000005116,118081,714165
2015-12-11,99.52,99.57,99.52,99.56,0.04000000000000625,212634,731379
2015-12-14,99.565,99.565,99.55,99.56,0,154175,752024
2015-12-15,99.56,99.565,99.55,99.56,0,142538,769791
2015-12-16,99.56,99.56,99.53,99.535,-0.025000000000005684,355398,769130
2015-12-17,99.535,99.535,99.52,99.53,-0.0049999999999954525,156091,742228
2015-12-18,99.53,99.535,99.52,99.525,-0.0049999999999954525,82280,735217
2015-12-21,99.52,99.525,99.515,99.525,0,37078,731372
2015-12-22,99.52,99.525,99.51,99.515,-0.010000000000005116,33503,729687
2015-12-23,99.51,99.515,99.51,99.51,-0.0049999999999954525,55051,744316
2015-12-24,99.51,99.51,99.505,99.505,-0.005000000000009663,15531,746466
2015-12-28,99.505,99.505,99.5,99.505,0,7185,746763
2015-12-29,99.5,99.505,99.495,99.495,-0.009999999999990905,24551,747871
2015-12-30,99.49,99.5,99.49,99.495,0,32256,742610
2015-12-31,99.495,99.505,99.495,99.505,0.009999999999990905,81028,681401
2016-01-04,99.5,99.52,99.495,99.51,0.005000000000009663,60473,686640
2016-01-05,99.51,99.515,99.51,99.51,0,51248,690098
2016-01-06,99.52,99.53,99.515,99.53,0.01999999999999602,104861,704857
2016-01-07,99.53,99.55,99.525,99.55,0.01999999999999602,198201,726022
2016-01-08,99.54,99.54,99.515,99.535,-0.015000000000000568,148188,738692
2016-01-11,99.545,99.555,99.53,99.54,0.005000000000009663,107919,741328
2016-01-12,99.535,99.545,99.53,99.545,0.0049999999999954525,107596,748561
2016-01-13,99.54,99.55,99.53,99.545,0,111070,761877
2016-01-14,99.55,99.565,99.545,99.555,0.010000000000005116,100391,768022
2016-01-15,99.56,99.59,99.555,99.57,0.014999999999986358,240291,777440
2016-01-19,99.575,99.58,99.555,99.56,-0.009999999999990905,76306,781508
2016-01-20,99.56,99.59,99.56,99.58,0.01999999999999602,152530,814926
2016-01-21,99.58,99.59,99.575,99.585,0.0049999999999954525,125229,807104
2016-01-22,99.585,99.59,99.57,99.57,-0.015000000000000568,89516,805182
2016-01-25,99.57,99.575,99.565,99.57,0,69558,811903
2016-01-26,99.57,99.575,99.565,99.57,0,64289,819618
2016-01-27,99.575,99.585,99.555,99.575,0.005000000000009663,113471,810315
2016-01-28,99.585,99.595,99.58,99.59,0.015000000000000568,131814,829897
2016-01-29,99.595,99.61,99.585,99.59,0,228760,708886
2016-02-01,99.585,99.595,99.57,99.58,-0.010000000000005116,131618,723226
2016-02-02,99.585,99.605,99.58,99.595,0.015000000000000568,99400,740448
2016-02-03,99.6,99.61,99.585,99.595,0,222809,769705
2016-02-04,99.595,99.605,99.59,99.6,0.0049999999999954525,95205,766833
2016-02-05,99.6,99.605,99.59,99.6,0,176256,765032
2016-02-08,99.6,99.63,99.595,99.625,0.025000000000005684,230441,767028
2016-02-09,99.625,99.64,99.62,99.625,0,230727,779818
2016-02-10,99.62,99.625,99.61,99.62,-0.0049999999999954525,143948,774206
2016-02-11,99.625,99.655,99.62,99.63,0.009999999999990905,272409,751330
2016-02-12,99.63,99.635,99.625,99.63,0,125904,754851
2016-02-16,99.625,99.63,99.615,99.62,-0.009999999999990905,58144,766270
2016-02-17,99.62,99.62,99.605,99.615,-0.005000000000009663,108336,775413
2016-02-18,99.61,99.615,99.61,99.615,0,63726,767384
2016-02-19,99.615,99.615,99.61,99.61,-0.0049999999999954525,45099,769906
2016-02-22,99.61,99.61,99.6,99.605,-0.0049999999999954525,43695,768882
2016-02-23,99.605,99.605,99.595,99.6,-0.005000000000009663,84144,786174
2016-02-24,99.6,99.61,99.6,99.605,0.005000000000009663,98699,797200
2016-02-25,99.605,99.605,99.6,99.6,-0.005000000000009663,90448,819252
2016-02-26,99.6,99.605,99.595,99.6,0,97163,818785
2016-02-29,99.595,99.605,99.595,99.6,0,105434,724729
2016-03-01,99.6,99.605,99.595,99.595,-0.0049999999999954525,93114,725225
2016-03-02,99.595,99.605,99.59,99.6,0.0049999999999954525,139107,741349
2016-03-03,99.605,99.61,99.6,99.605,0.005000000000009663,83377,749202
2016-03-04,99.61,99.615,99.6,99.605,0,115524,768908
2016-03-07,99.61,99.61,99.605,99.605,0,63474,767334
2016-03-08,99.61,99.615,99.61,99.61,0.0049999999999954525,63195,770518
2016-03-09,99.615,99.62,99.615,99.615,0.0049999999999954525,77702,764119
2016-03-10,99.62,99.62,99.615,99.615,0,76943,765790
2016-03-11,99.62,99.62,99.61,99.615,0,103811,764608
2016-03-14,99.61,99.615,99.61,99.615,0,196708,817329
2016-03-15,99.61,99.62,99.61,99.615,0,112881,815626
2016-03-16,99.62,99.64,99.605,99.635,0.020000000000010232,401432,792781
2016-03-17,99.64,99.64,99.63,99.635,0,136421,786810
2016-03-18,99.635,99.635,99.63,99.635,0,87558,789814
2016-03-21,99.635,99.635,99.63,99.63,-0.005000000000009663,76185,789744
2016-03-22,99.63,99.635,99.63,99.63,0,67176,779098
2016-03-23,99.63,99.635,99.625,99.635,0.005000000000009663,98324,799042
2016-03-24,99.63,99.635,99.63,99.635,0,73021,808376
2016-03-28,99.63,99.635,99.63,99.635,0,35889,808663
2016-03-29,99.6325,99.635,99.6325,99.635,0,146651,822071
2016-03-30,99.635,99.635,99.6325,99.635,0,131333,843131
2016-03-31,99.635,99.6375,99.635,99.635,0,166614,800048
2016-04-01,99.635,99.6375,99.635,99.635,0,122814,814921
2016-04-04,99.6375,99.64,99.6375,99.6375,0.0024999999999977263,67562,825783
2016-04-05,99.6375,99.64,99.6375,99.6375,0,109674,855670
2016-04-06,99.6375,99.64,99.6375,99.6375,0,91459,874770
2016-04-07,99.6375,99.64,99.6375,99.6375,0,114177,896476
2016-04-08,99.6375,99.64,99.6375,99.64,0.0024999999999977263,67859,909245
2016-04-11,99.6375,99.64,99.6375,99.64,0,59778,930803
2016-04-12,99.6375,99.64,99.6375,99.64,0,41688,935153
2016-04-13,99.6375,99.64,99.6375,99.64,0,97899,947630
2016-04-14,99.6375,99.64,99.635,99.6375,-0.0024999999999977263,85337,951832
2016-04-15,99.6375,99.64,99.635,99.6375,0,61771,965136
2016-04-18,99.6375,99.6375,99.635,99.6375,0,88965,985117
2016-04-19,99.635,99.6375,99.635,99.6375,0,110397,1001100
2016-04-20,99.6375,99.6375,99.635,99.6375,0,80827,995630
2016-04-21,99.635,99.6375,99.635,99.6375,0,243085,990813
2016-04-22,99.635,99.6375,99.635,99.6375,0,54376,981498
2016-04-25,99.635,99.6375,99.635,99.6375,0,84871,995921
2016-04-26,99.6375,99.6375,99.635,99.6375,0,99318,978589
2016-04-27,99.635,99.6375,99.6325,99.6375,0,292871,959525
2016-04-28,99.635,99.6375,99.635,99.6375,0,115527,962888
2016-04-29,99.635,99.6375,99.635,99.6375,0,62634,838580
Downloaded from Barchart.com as of 01-13-2024 02:03pm CST