"Symbol: ZQK13",,,,,,"Study: VOL (LikeMain)",
"Date Time","Open","High","Low","Close","Change","Volume","Open Interest"
2011-02-28,98.105,98.105,98.105,98.105,0,59313,635693
2011-03-01,98.105,98.105,98.105,98.105,0,51549,558218
2011-03-02,98.085,98.085,98.085,98.085,-0.020000000000010232,57861,567491
2011-03-03,97.91,97.91,97.91,97.91,-0.17499999999999716,60400,563579
2011-03-04,97.91,98.07,97.91,98.07,0.1599999999999966,98856,574004
2011-03-07,98.065,98.065,98.065,98.065,-0.0049999999999954525,21203,574693
2011-03-08,98.055,98.065,98.005,98.03,-0.03499999999999659,41558,584776
2011-03-09,98.09,98.09,98.09,98.09,0.060000000000002274,34571,584485
2011-03-10,98.19,98.19,98.19,98.19,0.09999999999999432,57120,597300
2011-03-11,98.23,98.23,98.23,98.23,0.04000000000000625,56767,605456
2011-03-14,98.325,98.325,98.325,98.325,0.09499999999999886,44347,612467
2011-03-15,98.39,98.39,98.32,98.32,-0.005000000000009663,119809,623786
2011-03-16,98.41,98.43,98.41,98.43,0.11000000000001364,108026,649924
2011-03-17,98.375,98.38,98.375,98.38,-0.05000000000001137,48591,656502
2011-03-18,98.37,98.37,98.37,98.37,-0.009999999999990905,45058,659726
2011-03-21,98.255,98.255,98.255,98.255,-0.1150000000000091,48655,657824
2011-03-22,98.225,98.23,98.225,98.23,-0.024999999999991473,32472,659202
2011-03-23,98.235,98.235,98.235,98.235,0.0049999999999954525,42684,663952
2011-03-24,98.215,98.215,98.215,98.215,-0.01999999999999602,49261,671923
2011-03-25,98.08,98.08,98.08,98.08,-0.13500000000000512,84082,672461
2011-03-28,98.01,98.01,98.01,98.01,-0.06999999999999318,70157,683523
2011-03-29,97.95,97.955,97.945,97.945,-0.06500000000001194,87443,672792
2011-03-30,97.995,97.995,97.995,97.995,0.05000000000001137,44601,673249
2011-03-31,97.995,97.995,97.995,97.995,0,88824,696369
2011-04-01,97.875,97.895,97.875,97.895,-0.10000000000000853,161024,640085
2011-04-04,97.95,97.95,97.95,97.95,0.05500000000000682,64513,646184
2011-04-05,97.885,97.885,97.885,97.885,-0.06499999999999773,102627,638687
2011-04-06,97.855,97.865,97.855,97.865,-0.020000000000010232,61773,644069
2011-04-07,97.92,97.92,97.92,97.92,0.05500000000000682,47638,647045
2011-04-08,97.89,97.89,97.89,97.89,-0.030000000000001137,48801,648285
2011-04-11,97.88,97.885,97.86,97.88,-0.010000000000005116,38274,647376
2011-04-12,97.97,98,97.965,98,0.12000000000000455,69278,652385
2011-04-13,98.035,98.045,98.035,98.045,0.045000000000001705,63855,660934
2011-04-14,98.095,98.095,98.015,98.015,-0.030000000000001137,61996,668024
2011-04-15,98.09,98.15,98.09,98.15,0.13500000000000512,46951,668978
2011-04-18,98.21,98.255,98.21,98.255,0.10499999999998977,52092,675587
2011-04-19,98.245,98.25,98.245,98.25,-0.0049999999999954525,34532,682782
2011-04-20,98.2,98.21,98.2,98.205,-0.045000000000001705,30045,684967
2011-04-21,98.205,98.205,98.205,98.205,0,32122,686325
2011-04-25,98.255,98.255,98.255,98.255,0.04999999999999716,13646,689916
2011-04-26,98.315,98.315,98.315,98.315,0.060000000000002274,39023,695570
2011-04-27,98.29,98.34,98.29,98.305,-0.009999999999990905,67705,703311
2011-04-28,98.385,98.385,98.385,98.385,0.0799999999999983,47089,713340
2011-04-29,98.42,98.42,98.42,98.42,0.03499999999999659,42245,640349
2011-05-02,98.44,98.45,98.435,98.435,0.015000000000000568,42070,647237
2011-05-03,98.42,98.425,98.41,98.425,-0.010000000000005116,28129,646665
2011-05-04,98.435,98.445,98.43,98.43,0.005000000000009663,67408,651217
2011-05-05,98.46,98.46,98.46,98.46,0.029999999999986926,74524,662492
2011-05-06,98.51,98.51,98.51,98.51,0.05000000000001137,80759,672042
2011-05-09,98.54,98.55,98.54,98.55,0.03999999999999204,40026,673582
2011-05-10,98.475,98.475,98.475,98.475,-0.07500000000000284,48828,681620
2011-05-11,98.53,98.53,98.53,98.53,0.05500000000000682,58612,691851
2011-05-12,98.52,98.52,98.52,98.52,-0.010000000000005116,55975,694694
2011-05-13,98.555,98.555,98.555,98.555,0.0350000000000108,38407,696820
2011-05-16,98.61,98.61,98.61,98.61,0.05499999999999261,23010,697934
2011-05-17,98.65,98.65,98.645,98.645,0.03499999999999659,43523,699377
2011-05-18,98.58,98.58,98.58,98.58,-0.06499999999999773,58248,702467
2011-05-19,98.6,98.62,98.6,98.62,0.04000000000000625,71447,701402
2011-05-20,98.615,98.65,98.615,98.65,0.030000000000001137,34078,710809
2011-05-23,98.7,98.705,98.65,98.65,0,37678,709171
2011-05-24,98.675,98.675,98.675,98.675,0.024999999999991473,93204,714235
2011-05-25,98.705,98.705,98.705,98.705,0.030000000000001137,67957,716839
2011-05-26,98.805,98.805,98.805,98.805,0.10000000000000853,60728,730241
2011-05-27,98.82,98.82,98.82,98.82,0.014999999999986358,50692,739677
2011-05-31,98.855,98.855,98.855,98.855,0.0350000000000108,38264,751787
2011-06-01,98.955,98.96,98.945,98.96,0.10499999999998977,63360,685434
2011-06-02,98.935,98.935,98.93,98.93,-0.029999999999986926,64862,689103
2011-06-03,98.975,98.975,98.975,98.975,0.044999999999987494,85265,694440
2011-06-06,98.945,98.975,98.945,98.975,0,16099,694930
2011-06-07,98.99,98.99,98.99,98.99,0.015000000000000568,55067,699273
2011-06-08,99.035,99.085,99.035,99.085,0.09499999999999886,79085,717412
2011-06-09,99.07,99.07,99.055,99.055,-0.029999999999986926,29066,717109
2011-06-10,99.09,99.09,99.09,99.09,0.03499999999999659,29994,721942
2011-06-13,99.075,99.075,99.075,99.075,-0.015000000000000568,24588,725651
2011-06-14,98.98,98.98,98.98,98.98,-0.09499999999999886,56124,728513
2011-06-15,99.075,99.075,99.075,99.075,0.09499999999999886,88658,746484
2011-06-16,99.11,99.11,99.11,99.11,0.03499999999999659,89972,750527
2011-06-17,99.095,99.095,99.095,99.095,-0.015000000000000568,32718,751915
2011-06-20,99.105,99.105,99.105,99.105,0.010000000000005116,52559,757233
2011-06-21,99.06,99.085,99.06,99.085,-0.020000000000010232,51095,758735
2011-06-22,99.14,99.14,99.09,99.09,0.005000000000009663,82635,763310
2011-06-23,99.18,99.18,99.18,99.18,0.09000000000000341,79959,775558
2011-06-24,99.245,99.265,99.24,99.24,0.05999999999998806,85072,786090
2011-06-27,99.18,99.18,99.18,99.18,-0.05999999999998806,38761,785164
2011-06-28,99.02,99.02,99.02,99.02,-0.1600000000000108,112447,775250
2011-06-29,98.965,98.97,98.965,98.97,-0.04999999999999716,37507,769465
2011-06-30,98.88,98.925,98.88,98.925,-0.045000000000001705,76462,709978
2011-07-01,98.865,98.865,98.865,98.865,-0.060000000000002274,38612,714741
2011-07-05,98.93,98.995,98.925,98.98,0.1150000000000091,28554,718588
2011-07-06,99.035,99.05,99.035,99.035,0.05499999999999261,60265,722562
2011-07-07,98.95,98.95,98.95,98.95,-0.08499999999999375,47643,728246
2011-07-08,98.95,99.125,98.95,99.125,0.17499999999999716,77877,742464
2011-07-11,99.235,99.235,99.235,99.235,0.10999999999999943,81732,764128
2011-07-12,99.21,99.21,99.21,99.21,-0.025000000000005684,108680,768069
2011-07-13,99.2,99.3,99.2,99.28,0.07000000000000739,85096,776791
2011-07-14,99.29,99.33,99.275,99.3,0.01999999999999602,108193,800731
2011-07-15,99.345,99.345,99.33,99.33,0.030000000000001137,47650,802639
2011-07-18,99.355,99.355,99.355,99.355,0.025000000000005684,53134,806874
2011-07-19,99.315,99.38,99.315,99.34,-0.015000000000000568,105092,823635
2011-07-20,99.33,99.35,99.3,99.3,-0.04000000000000625,70061,827817
2011-07-21,99.25,99.28,99.225,99.24,-0.060000000000002274,72902,827055
2011-07-22,99.235,99.29,99.235,99.28,0.04000000000000625,51495,836076
2011-07-25,99.295,99.295,99.295,99.295,0.015000000000000568,39059,845250
2011-07-26,99.315,99.34,99.31,99.34,0.045000000000001705,58868,864924
2011-07-27,99.335,99.34,99.335,99.34,0,101765,881338
2011-07-28,99.375,99.38,99.365,99.365,0.024999999999991473,106671,902995
2011-07-29,99.39,99.495,99.39,99.495,0.13000000000000966,93630,851619
2011-08-01,99.49,99.535,99.49,99.525,0.030000000000001137,127267,860909
2011-08-02,99.555,99.57,99.555,99.57,0.044999999999987494,132097,858944
2011-08-03,99.57,99.57,99.57,99.57,0,108461,840910
2011-08-04,99.615,99.615,99.615,99.615,0.045000000000001705,156437,824793
2011-08-05,99.565,99.57,99.54,99.54,-0.07499999999998863,83955,820484
2011-08-08,99.605,99.66,99.6,99.655,0.11499999999999488,124134,825172
2011-08-09,99.7,99.85,99.7,99.82,0.16499999999999204,86558,826278
2011-08-10,99.825,99.88,99.825,99.87,0.05000000000001137,118561,832273
2011-08-11,99.85,99.885,99.85,99.885,0.015000000000000568,95246,830314
2011-08-12,99.87,99.87,99.86,99.87,-0.015000000000000568,44121,829889
2011-08-15,99.82,99.86,99.82,99.86,-0.010000000000005116,21119,830622
2011-08-16,99.855,99.88,99.85,99.855,-0.0049999999999954525,27303,830056
2011-08-17,99.855,99.86,99.855,99.855,0,41214,827701
2011-08-18,99.87,99.9,99.865,99.865,0.009999999999990905,104863,821337
2011-08-19,99.86,99.865,99.85,99.855,-0.009999999999990905,32461,818215
2011-08-22,99.845,99.86,99.845,99.86,0.0049999999999954525,30071,816578
2011-08-23,99.845,99.865,99.83,99.84,-0.01999999999999602,48254,809195
2011-08-24,99.84,99.845,99.81,99.81,-0.030000000000001137,35420,807371
2011-08-25,99.815,99.84,99.805,99.84,0.030000000000001137,36721,806743
2011-08-26,99.84,99.855,99.83,99.84,0,33008,803010
2011-08-29,99.835,99.835,99.805,99.805,-0.03499999999999659,35141,800845
2011-08-30,99.825,99.84,99.82,99.835,0.029999999999986926,43352,799502
2011-08-31,99.835,99.835,99.81,99.835,0,72644,791249
2011-09-01,99.835,99.855,99.82,99.835,0,38122,712510
2011-09-02,99.84,99.87,99.84,99.855,0.020000000000010232,35731,713042
2011-09-06,99.86,99.86,99.84,99.85,-0.005000000000009663,31032,711422
2011-09-07,99.85,99.85,99.825,99.83,-0.01999999999999602,28816,709559
2011-09-08,99.84,99.85,99.84,99.85,0.01999999999999602,49086,712594
2011-09-09,99.855,99.875,99.85,99.865,0.015000000000000568,26846,711757
2011-09-12,99.855,99.86,99.835,99.845,-0.01999999999999602,23302,711405
2011-09-13,99.845,99.855,99.835,99.84,-0.0049999999999954525,37525,708104
2011-09-14,99.84,99.865,99.84,99.85,0.009999999999990905,44903,709063
2011-09-15,99.845,99.85,99.825,99.835,-0.015000000000000568,48423,708237
2011-09-16,99.84,99.86,99.83,99.855,0.020000000000010232,28965,705097
2011-09-19,99.855,99.895,99.855,99.895,0.03999999999999204,52198,703443
2011-09-20,99.895,99.895,99.89,99.89,-0.0049999999999954525,52246,707947
2011-09-21,99.89,99.895,99.885,99.895,0.0049999999999954525,108226,707479
2011-09-22,99.89,99.89,99.86,99.89,-0.0049999999999954525,46961,702175
2011-09-23,99.89,99.895,99.85,99.855,-0.03499999999999659,38751,697633
2011-09-26,99.845,99.855,99.845,99.845,-0.010000000000005116,10706,694833
2011-09-27,99.84,99.845,99.82,99.825,-0.01999999999999602,26455,688765
2011-09-28,99.83,99.835,99.815,99.825,0,23212,688004
2011-09-29,99.83,99.83,99.815,99.825,0,42730,686361
2011-09-30,99.825,99.825,99.81,99.815,-0.010000000000005116,34363,633245
2011-10-03,99.82,99.83,99.82,99.825,0.010000000000005116,42205,623317
2011-10-04,99.825,99.825,99.805,99.82,-0.005000000000009663,36015,623049
2011-10-05,99.82,99.83,99.815,99.815,-0.0049999999999954525,31000,622009
2011-10-06,99.815,99.815,99.8,99.8,-0.015000000000000568,23801,620725
2011-10-07,99.785,99.8,99.78,99.785,-0.015000000000000568,18989,620652
2011-10-10,99.78,99.79,99.765,99.77,-0.015000000000000568,3621,620383
2011-10-11,99.765,99.775,99.74,99.74,-0.030000000000001137,23618,617999
2011-10-12,99.745,99.755,99.74,99.755,0.015000000000000568,19882,617260
2011-10-13,99.755,99.805,99.755,99.785,0.030000000000001137,35125,618493
2011-10-14,99.78,99.78,99.75,99.775,-0.009999999999990905,12840,616408
2011-10-17,99.77,99.785,99.77,99.785,0.009999999999990905,15598,622108
2011-10-18,99.775,99.79,99.775,99.78,-0.0049999999999954525,30187,621992
2011-10-19,99.78,99.8,99.77,99.78,0,29194,629499
2011-10-20,99.795,99.795,99.765,99.78,0,18903,632629
2011-10-21,99.765,99.785,99.765,99.78,0,15058,637894
2011-10-24,99.775,99.78,99.77,99.78,0,11663,640614
2011-10-25,99.775,99.81,99.775,99.805,0.025000000000005684,16470,641904
2011-10-26,99.8,99.815,99.79,99.795,-0.010000000000005116,18874,643000
2011-10-27,99.795,99.8,99.75,99.76,-0.03499999999999659,33785,648590
2011-10-28,99.775,99.805,99.775,99.795,0.03499999999999659,39094,655520
2011-10-31,99.785,99.86,99.785,99.845,0.04999999999999716,23769,654059
2011-11-01,99.86,99.88,99.855,99.865,0.01999999999999602,31607,596589
2011-11-02,99.875,99.88,99.865,99.87,0.005000000000009663,37067,596645
2011-11-03,99.875,99.885,99.86,99.865,-0.005000000000009663,25291,593932
2011-11-04,99.86,99.87,99.855,99.865,0,13017,590022
2011-11-07,99.865,99.865,99.86,99.865,0,8913,586102
2011-11-08,99.865,99.865,99.855,99.86,-0.0049999999999954525,14613,586944
2011-11-09,99.855,99.875,99.855,99.865,0.0049999999999954525,20062,587724
2011-11-10,99.87,99.88,99.855,99.86,-0.0049999999999954525,18624,594076
2011-11-11,99.865,99.865,99.85,99.855,-0.0049999999999954525,3291,594169
2011-11-14,99.86,99.875,99.835,99.84,-0.015000000000000568,28238,596469
2011-11-15,99.845,99.865,99.84,99.84,0,17045,598935
2011-11-16,99.84,99.84,99.83,99.835,-0.005000000000009663,31679,601941
2011-11-17,99.835,99.84,99.815,99.82,-0.015000000000000568,41870,598969
2011-11-18,99.815,99.83,99.77,99.815,-0.0049999999999954525,38781,597090
2011-11-21,99.815,99.82,99.81,99.815,0,15382,595736
2011-11-22,99.815,99.825,99.815,99.815,0,15240,597515
2011-11-23,99.825,99.825,99.81,99.82,0.0049999999999954525,16134,600393
2011-11-25,99.805,99.805,99.805,99.805,-0.014999999999986358,26638,603712
2011-11-28,99.81,99.825,99.795,99.82,0.014999999999986358,30739,610578
2011-11-29,99.825,99.845,99.815,99.845,0.025000000000005684,29855,616393
2011-11-30,99.83,99.845,99.82,99.835,-0.010000000000005116,37741,620613
2011-12-01,99.83,99.84,99.815,99.82,-0.015000000000000568,32318,557466
2011-12-02,99.805,99.825,99.805,99.82,0,20181,557108
2011-12-05,99.82,99.82,99.81,99.82,0,20443,560612
2011-12-06,99.81,99.82,99.81,99.82,0,28695,559953
2011-12-07,99.815,99.84,99.815,99.83,0.010000000000005116,35228,568024
2011-12-08,99.84,99.85,99.84,99.85,0.01999999999999602,24346,566028
2011-12-09,99.85,99.85,99.845,99.845,-0.0049999999999954525,18793,567758
2011-12-12,99.845,99.845,99.845,99.845,0,10517,570935
2011-12-13,99.85,99.85,99.845,99.845,0,14354,573418
2011-12-14,99.845,99.845,99.835,99.84,-0.0049999999999954525,18525,572291
2011-12-15,99.845,99.845,99.835,99.84,0,13228,571008
2011-12-16,99.84,99.845,99.835,99.84,0,21573,570459
2011-12-19,99.84,99.84,99.835,99.84,0,14600,569653
2011-12-20,99.84,99.84,99.825,99.825,-0.015000000000000568,33973,565916
2011-12-21,99.825,99.83,99.815,99.82,-0.005000000000009663,19755,565582
2011-12-22,99.815,99.82,99.795,99.805,-0.014999999999986358,23928,569227
2011-12-23,99.8,99.82,99.795,99.8,-0.005000000000009663,16015,574020
2011-12-27,99.795,99.8,99.795,99.795,-0.0049999999999954525,8492,575653
2011-12-28,99.795,99.805,99.79,99.8,0.0049999999999954525,12981,573315
2011-12-29,99.8,99.805,99.8,99.805,0.005000000000009663,16407,571587
2011-12-30,99.8,99.84,99.795,99.83,0.024999999999991473,33799,506840
2012-01-03,99.835,99.84,99.81,99.835,0.0049999999999954525,31206,513191
2012-01-04,99.835,99.84,99.825,99.825,-0.009999999999990905,28017,514235
2012-01-05,99.83,99.83,99.825,99.825,0,21280,514754
2012-01-06,99.825,99.83,99.815,99.82,-0.005000000000009663,18026,516545
2012-01-09,99.82,99.84,99.82,99.835,0.015000000000000568,12477,517134
2012-01-10,99.835,99.845,99.835,99.84,0.005000000000009663,12560,516316
2012-01-11,99.84,99.86,99.84,99.855,0.015000000000000568,16725,514334
2012-01-12,99.86,99.865,99.86,99.86,0.0049999999999954525,20216,515069
2012-01-13,99.86,99.87,99.86,99.865,0.0049999999999954525,18537,518356
2012-01-17,99.87,99.875,99.86,99.87,0.005000000000009663,14264,520680
2012-01-18,99.87,99.875,99.855,99.855,-0.015000000000000568,17364,522230
2012-01-19,99.865,99.865,99.85,99.85,-0.005000000000009663,20792,524868
2012-01-20,99.855,99.855,99.845,99.845,-0.0049999999999954525,39853,528218
2012-01-23,99.85,99.855,99.84,99.845,0,25489,531223
2012-01-24,99.845,99.85,99.84,99.845,0,10513,530229
2012-01-25,99.85,99.875,99.85,99.86,0.015000000000000568,29395,531814
2012-01-26,99.87,99.87,99.865,99.87,0.010000000000005116,20795,534482
2012-01-27,99.87,99.87,99.86,99.865,-0.005000000000009663,12849,536716
2012-01-30,99.865,99.865,99.865,99.865,0,20152,538906
2012-01-31,99.865,99.865,99.86,99.86,-0.0049999999999954525,19822,548721
2012-02-01,99.865,99.865,99.84,99.845,-0.015000000000000568,53325,493070
2012-02-02,99.84,99.85,99.835,99.835,-0.010000000000005116,57629,485872
2012-02-03,99.835,99.84,99.81,99.83,-0.0049999999999954525,67939,489352
2012-02-06,99.83,99.845,99.825,99.83,0,57024,493222
2012-02-07,99.825,99.83,99.795,99.8,-0.030000000000001137,77293,510111
2012-02-08,99.8,99.8,99.79,99.79,-0.009999999999990905,35953,507245
2012-02-09,99.79,99.795,99.78,99.79,0,51963,514609
2012-02-10,99.79,99.805,99.79,99.8,0.009999999999990905,46163,518051
2012-02-13,99.795,99.8,99.795,99.795,-0.0049999999999954525,27315,521550
2012-02-14,99.785,99.79,99.785,99.79,-0.0049999999999954525,31815,526334
2012-02-15,99.785,99.805,99.785,99.8,0.009999999999990905,41344,528445
2012-02-16,99.815,99.815,99.79,99.795,-0.0049999999999954525,43014,532059
2012-02-17,99.78,99.795,99.78,99.795,0,27444,537682
2012-02-21,99.79,99.795,99.78,99.785,-0.010000000000005116,40653,546520
2012-02-22,99.785,99.8,99.785,99.795,0.010000000000005116,23331,551628
2012-02-23,99.795,99.795,99.79,99.79,-0.0049999999999954525,38809,559461
2012-02-24,99.79,99.79,99.785,99.79,0,20386,562031
2012-02-27,99.795,99.8,99.79,99.795,0.0049999999999954525,23615,567217
2012-02-28,99.795,99.81,99.795,99.805,0.010000000000005116,15121,566181
2012-02-29,99.81,99.81,99.79,99.8,-0.005000000000009663,18642,570847
2012-03-01,99.795,99.805,99.79,99.8,0,12777,505802
2012-03-02,99.805,99.81,99.8,99.8,0,28624,506949
2012-03-05,99.805,99.805,99.785,99.785,-0.015000000000000568,28465,511274
2012-03-06,99.79,99.8,99.79,99.795,0.010000000000005116,16458,512829
2012-03-07,99.795,99.795,99.78,99.785,-0.010000000000005116,41388,518117
2012-03-08,99.785,99.79,99.78,99.785,0,36787,518659
2012-03-09,99.785,99.785,99.775,99.78,-0.0049999999999954525,31079,521176
2012-03-12,99.775,99.775,99.77,99.775,-0.0049999999999954525,18217,524456
2012-03-13,99.77,99.775,99.755,99.765,-0.010000000000005116,37664,530754
2012-03-14,99.755,99.755,99.705,99.715,-0.04999999999999716,57597,535741
2012-03-15,99.71,99.73,99.705,99.73,0.015000000000000568,45017,542341
2012-03-16,99.73,99.745,99.715,99.74,0.009999999999990905,33622,548139
2012-03-19,99.725,99.745,99.72,99.73,-0.009999999999990905,26492,547765
2012-03-20,99.725,99.735,99.715,99.72,-0.010000000000005116,29008,553560
2012-03-21,99.715,99.735,99.715,99.725,0.0049999999999954525,29117,559570
2012-03-22,99.73,99.735,99.73,99.73,0.005000000000009663,29495,563860
2012-03-23,99.735,99.74,99.73,99.74,0.009999999999990905,29024,563609
2012-03-26,99.74,99.76,99.735,99.76,0.020000000000010232,30086,570211
2012-03-27,99.76,99.785,99.76,99.78,0.01999999999999602,26016,571439
2012-03-28,99.785,99.79,99.775,99.78,0,37572,574009
2012-03-29,99.78,99.79,99.77,99.78,0,19023,575684
2012-03-30,99.775,99.785,99.77,99.775,-0.0049999999999954525,25750,520235
2012-04-02,99.77,99.78,99.77,99.78,0.0049999999999954525,21981,519960
2012-04-03,99.775,99.78,99.75,99.755,-0.025000000000005684,39657,519960
2012-04-04,99.75,99.765,99.75,99.76,0.005000000000009663,21217,522378
2012-04-05,99.76,99.77,99.76,99.76,0,23852,525819
2012-04-06,99.765,99.78,99.76,99.775,0.015000000000000568,28281,525463
2012-04-09,99.78,99.78,99.775,99.775,0,19517,525973
2012-04-10,99.78,99.81,99.775,99.8,0.024999999999991473,53748,520321
2012-04-11,99.8,99.81,99.795,99.805,0.005000000000009663,18314,522929
2012-04-12,99.805,99.82,99.805,99.815,0.009999999999990905,56491,520025
2012-04-13,99.815,99.825,99.815,99.82,0.0049999999999954525,50991,523205
2012-04-16,99.825,99.83,99.82,99.82,0,21016,523489
2012-04-17,99.825,99.83,99.82,99.82,0,36262,518082
2012-04-18,99.825,99.825,99.82,99.82,0,27158,521593
2012-04-19,99.83,99.83,99.825,99.825,0.005000000000009663,21714,521755
2012-04-20,99.83,99.83,99.82,99.825,0,21904,518408
2012-04-23,99.825,99.84,99.825,99.835,0.009999999999990905,45204,525420
2012-04-24,99.83,99.83,99.82,99.825,-0.009999999999990905,40506,523564
2012-04-25,99.83,99.83,99.82,99.825,0,30353,523197
2012-04-26,99.825,99.83,99.82,99.825,0,20269,526618
2012-04-27,99.825,99.825,99.825,99.825,0,12325,528259
2012-04-30,99.825,99.83,99.825,99.825,0,14657,488003
2012-05-01,99.83,99.83,99.82,99.825,0,24043,490074
2012-05-02,99.825,99.83,99.82,99.825,0,18078,491311
2012-05-03,99.825,99.83,99.815,99.825,0,23037,491396
2012-05-04,99.83,99.83,99.825,99.825,0,29726,497121
2012-05-07,99.83,99.83,99.825,99.825,0,14977,498854
2012-05-08,99.825,99.825,99.82,99.825,0,26001,499715
2012-05-09,99.825,99.83,99.82,99.825,0,39484,506064
2012-05-10,99.825,99.825,99.82,99.825,0,16299,512295
2012-05-11,99.83,99.83,99.825,99.825,0,25867,516734
2012-05-14,99.825,99.825,99.82,99.825,0,21321,519663
2012-05-15,99.825,99.825,99.82,99.825,0,28152,528528
2012-05-16,99.82,99.82,99.81,99.82,-0.005000000000009663,27641,531646
2012-05-17,99.815,99.815,99.805,99.815,-0.0049999999999954525,24695,531688
2012-05-18,99.81,99.81,99.805,99.81,-0.0049999999999954525,9635,532908
2012-05-21,99.805,99.81,99.8,99.81,0,10824,535674
2012-05-22,99.805,99.805,99.8,99.805,-0.0049999999999954525,40115,539386
2012-05-23,99.805,99.81,99.805,99.805,0,27280,536798
2012-05-24,99.805,99.805,99.805,99.805,0,26811,536664
2012-05-25,99.8,99.8,99.795,99.8,-0.005000000000009663,22180,539551
2012-05-29,99.805,99.81,99.805,99.805,0.005000000000009663,20317,539857
2012-05-30,99.805,99.815,99.805,99.815,0.009999999999990905,31969,538081
2012-05-31,99.82,99.825,99.82,99.82,0.0049999999999954525,49974,497693
2012-06-01,99.825,99.83,99.82,99.83,0.010000000000005116,43388,495981
2012-06-04,99.83,99.83,99.825,99.825,-0.0049999999999954525,16853,495193
2012-06-05,99.83,99.83,99.82,99.825,0,18890,494175
2012-06-06,99.825,99.835,99.82,99.825,0,12860,495242
2012-06-07,99.825,99.83,99.825,99.825,0,16971,496980
2012-06-08,99.83,99.835,99.825,99.825,0,7981,498071
2012-06-11,99.825,99.83,99.825,99.825,0,15146,497711
2012-06-12,99.825,99.825,99.815,99.82,-0.005000000000009663,59834,497662
2012-06-13,99.82,99.825,99.815,99.82,0,33157,503927
2012-06-14,99.82,99.825,99.815,99.82,0,29041,511829
2012-06-15,99.82,99.835,99.82,99.83,0.010000000000005116,41162,521411
2012-06-18,99.835,99.84,99.83,99.835,0.0049999999999954525,37737,518779
2012-06-19,99.835,99.835,99.82,99.825,-0.009999999999990905,42603,515363
2012-06-20,99.825,99.83,99.81,99.82,-0.005000000000009663,56500,516903
2012-06-21,99.805,99.82,99.805,99.82,0,29147,521551
2012-06-22,99.81,99.815,99.81,99.815,-0.0049999999999954525,31774,530220
2012-06-25,99.815,99.815,99.815,99.815,0,16797,527190
2012-06-26,99.815,99.815,99.81,99.815,0,12113,526590
2012-06-27,99.81,99.81,99.81,99.81,-0.0049999999999954525,18465,525987
2012-06-28,99.81,99.81,99.805,99.81,0,17741,529215
2012-06-29,99.8,99.805,99.8,99.805,-0.0049999999999954525,20372,484359
2012-07-02,99.805,99.81,99.805,99.81,0.0049999999999954525,13405,486600
2012-07-03,99.81,99.81,99.8,99.805,-0.0049999999999954525,33054,485982
2012-07-05,99.81,99.82,99.805,99.815,0.009999999999990905,17086,484467
2012-07-06,99.82,99.825,99.82,99.825,0.010000000000005116,31114,488305
2012-07-09,99.83,99.835,99.83,99.83,0.0049999999999954525,18587,488497
2012-07-10,99.835,99.835,99.83,99.83,0,23221,487622
2012-07-11,99.835,99.835,99.83,99.83,0,30408,486457
2012-07-12,99.835,99.845,99.835,99.84,0.010000000000005116,26955,485194
2012-07-13,99.845,99.875,99.845,99.845,0.0049999999999954525,46810,492021
2012-07-16,99.855,99.865,99.855,99.855,0.010000000000005116,39726,488086
2012-07-17,99.855,99.86,99.85,99.855,0,51734,486461
2012-07-18,99.855,99.865,99.855,99.865,0.009999999999990905,24721,482151
2012-07-19,99.87,99.875,99.865,99.865,0,41275,482959
2012-07-20,99.865,99.87,99.865,99.865,0,32193,489187
2012-07-23,99.87,99.87,99.865,99.865,0,12495,488965
2012-07-24,99.87,99.875,99.865,99.865,0,28027,493089
2012-07-25,99.865,99.865,99.865,99.865,0,16304,493999
2012-07-26,99.865,99.865,99.86,99.865,0,23149,499807
2012-07-27,99.86,99.86,99.855,99.86,-0.0049999999999954525,27067,500115
2012-07-30,99.86,99.87,99.855,99.865,0.0049999999999954525,47261,508295
2012-07-31,99.875,99.875,99.865,99.865,0,35508,429987
2012-08-01,99.87,99.875,99.86,99.86,-0.0049999999999954525,43984,514675
2012-08-02,99.86,99.865,99.86,99.865,0.0049999999999954525,24506,427446
2012-08-03,99.865,99.865,99.86,99.865,0,19447,429552
2012-08-06,99.865,99.865,99.865,99.865,0,4522,428734
2012-08-07,99.86,99.865,99.855,99.86,-0.0049999999999954525,39365,435302
2012-08-08,99.86,99.86,99.85,99.85,-0.010000000000005116,36036,432750
2012-08-09,99.85,99.855,99.85,99.85,0,24813,433938
2012-08-10,99.855,99.86,99.855,99.855,0.005000000000009663,14802,440666
2012-08-13,99.86,99.86,99.855,99.855,0,10151,439962
2012-08-14,99.86,99.86,99.85,99.855,0,20991,444832
2012-08-15,99.855,99.855,99.85,99.855,0,21601,450902
2012-08-16,99.85,99.855,99.85,99.855,0,18579,449155
2012-08-17,99.85,99.855,99.85,99.855,0,11295,450769
2012-08-20,99.85,99.855,99.85,99.855,0,10964,449228
2012-08-21,99.85,99.855,99.85,99.855,0,25022,457649
2012-08-22,99.85,99.855,99.85,99.855,0,23542,462019
2012-08-23,99.86,99.865,99.855,99.86,0.0049999999999954525,32300,467646
2012-08-24,99.865,99.87,99.865,99.865,0.0049999999999954525,15632,469507
2012-08-27,99.865,99.87,99.865,99.865,0,11049,474249
2012-08-28,99.865,99.865,99.865,99.865,0,17579,483138
2012-08-29,99.865,99.87,99.86,99.865,0,19343,492843
2012-08-30,99.865,99.87,99.865,99.865,0,20761,496225
2012-08-31,99.865,99.885,99.865,99.88,0.015000000000000568,62115,411561
2012-09-04,99.88,99.885,99.88,99.88,0,18299,413277
2012-09-05,99.885,99.885,99.875,99.88,0,20504,416029
2012-09-06,99.88,99.88,99.87,99.875,-0.0049999999999954525,43384,421080
2012-09-07,99.87,99.88,99.86,99.87,-0.0049999999999954525,32790,424170
2012-09-10,99.875,99.88,99.875,99.875,0.0049999999999954525,13234,425347
2012-09-11,99.875,99.875,99.875,99.875,0,16024,424978
2012-09-12,99.88,99.885,99.875,99.875,0,23750,427121
2012-09-13,99.88,99.89,99.87,99.875,0,47186,428530
2012-09-14,99.885,99.885,99.87,99.875,0,25412,430021
2012-09-17,99.87,99.875,99.87,99.875,0,7525,430931
2012-09-18,99.87,99.875,99.87,99.87,-0.0049999999999954525,15878,429972
2012-09-19,99.865,99.865,99.86,99.865,-0.005000000000009663,22218,430366
2012-09-20,99.87,99.87,99.87,99.87,0.005000000000009663,14511,431516
2012-09-21,99.87,99.875,99.87,99.87,0,11410,434492
2012-09-24,99.87,99.87,99.87,99.87,0,9346,436246
2012-09-25,99.87,99.87,99.865,99.87,0,14815,437583
2012-09-26,99.87,99.87,99.865,99.87,0,23567,449948
2012-09-27,99.87,99.875,99.865,99.87,0,11298,448323
2012-09-28,99.875,99.885,99.875,99.88,0.009999999999990905,21498,369040
2012-10-01,99.88,99.885,99.88,99.88,0,9294,370932
2012-10-02,99.885,99.885,99.88,99.88,0,10381,369890
2012-10-03,99.88,99.885,99.88,99.88,0,15990,375109
2012-10-04,99.88,99.885,99.88,99.88,0,24408,372994
2012-10-05,99.88,99.88,99.875,99.88,0,23110,375046
2012-10-08,99.875,99.875,99.875,99.875,-0.0049999999999954525,994,374817
2012-10-09,99.875,99.875,99.87,99.875,0,9100,374293
2012-10-10,99.875,99.875,99.87,99.875,0,12866,373227
2012-10-11,99.875,99.875,99.87,99.875,0,23117,374620
2012-10-12,99.875,99.875,99.87,99.875,0,9835,374016
2012-10-15,99.875,99.875,99.875,99.875,0,11973,374575
2012-10-16,99.875,99.875,99.865,99.865,-0.010000000000005116,26852,379837
2012-10-17,99.865,99.865,99.85,99.86,-0.0049999999999954525,36486,382982
2012-10-18,99.85,99.86,99.85,99.86,0,22992,383717
2012-10-19,99.86,99.86,99.86,99.86,0,18906,383111
2012-10-22,99.86,99.86,99.855,99.86,0,17113,385307
2012-10-23,99.855,99.86,99.855,99.86,0,12324,387775
2012-10-24,99.86,99.865,99.855,99.86,0,39291,397232
2012-10-25,99.855,99.855,99.845,99.855,-0.0049999999999954525,63220,421302
2012-10-26,99.85,99.855,99.85,99.855,0,20904,418131
2012-10-29,99.855,99.855,99.855,99.855,0,9575,417423
2012-10-30,99.855,99.855,99.85,99.85,-0.005000000000009663,7178,418586
2012-10-31,99.85,99.855,99.85,99.855,0.005000000000009663,11560,339702
2012-11-01,99.855,99.86,99.855,99.855,0,28209,352874
2012-11-02,99.855,99.855,99.85,99.855,0,19528,355110
2012-11-05,99.855,99.86,99.855,99.855,0,12882,356432
2012-11-06,99.86,99.865,99.855,99.86,0.0049999999999954525,23932,360034
2012-11-07,99.855,99.87,99.855,99.86,0,20129,365446
2012-11-08,99.865,99.865,99.86,99.86,0,11818,368556
2012-11-09,99.865,99.87,99.86,99.86,0,11059,369923
2012-11-12,99.865,99.87,99.865,99.865,0.0049999999999954525,1593,369951
2012-11-13,99.865,99.87,99.865,99.865,0,8708,372098
2012-11-14,99.87,99.87,99.865,99.865,0,20977,373897
2012-11-15,99.87,99.875,99.865,99.865,0,22259,382901
2012-11-16,99.87,99.87,99.865,99.865,0,14521,379308
2012-11-19,99.87,99.875,99.865,99.865,0,6627,380079
2012-11-20,99.875,99.875,99.865,99.865,0,12854,381820
2012-11-21,99.87,99.875,99.86,99.865,0,19550,383889
2012-11-23,99.865,99.865,99.86,99.865,0,4506,383377
2012-11-26,99.86,99.865,99.86,99.865,0,32242,389092
2012-11-27,99.86,99.865,99.86,99.865,0,16287,392895
2012-11-28,99.865,99.87,99.86,99.865,0,13402,394546
2012-11-29,99.865,99.87,99.86,99.865,0,14589,394105
2012-11-30,99.865,99.865,99.86,99.865,0,14923,326861
2012-12-03,99.865,99.87,99.865,99.865,0,8348,327951
2012-12-04,99.865,99.87,99.865,99.865,0,17461,330886
2012-12-05,99.87,99.875,99.865,99.865,0,20676,337265
2012-12-06,99.87,99.87,99.865,99.865,0,14054,340786
2012-12-07,99.87,99.875,99.865,99.865,0,5983,341621
2012-12-10,99.87,99.875,99.87,99.87,0.005000000000009663,8408,341770
2012-12-11,99.87,99.875,99.87,99.87,0,10496,344013
2012-12-12,99.875,99.88,99.87,99.87,0,14620,345878
2012-12-13,99.875,99.88,99.875,99.875,0.0049999999999954525,26174,355693
2012-12-14,99.88,99.88,99.875,99.875,0,12832,359942
2012-12-17,99.88,99.885,99.875,99.875,0,34827,371228
2012-12-18,99.875,99.88,99.865,99.875,0,116261,432669
2012-12-19,99.87,99.87,99.865,99.87,-0.0049999999999954525,34792,438587
2012-12-20,99.865,99.87,99.865,99.865,-0.005000000000009663,29403,439111
2012-12-21,99.865,99.865,99.86,99.865,0,20331,438255
2012-12-24,99.865,99.865,99.86,99.865,0,8143,439297
2012-12-26,99.86,99.865,99.86,99.865,0,5682,440018
2012-12-27,99.86,99.865,99.86,99.865,0,19611,445125
2012-12-28,99.865,99.87,99.86,99.865,0,31076,446648
2012-12-31,99.87,99.875,99.87,99.87,0.005000000000009663,19514,352542
2013-01-02,99.875,99.88,99.87,99.87,0,27947,353106
2013-01-03,99.875,99.875,99.87,99.87,0,24785,353990
2013-01-04,99.87,99.875,99.87,99.87,0,29132,356013
2013-01-07,99.865,99.87,99.865,99.87,0,3690,355561
2013-01-08,99.875,99.875,99.87,99.87,0,13858,357487
2013-01-09,99.87,99.875,99.87,99.875,0.0049999999999954525,21994,358868
2013-01-10,99.88,99.88,99.875,99.875,0,21539,360164
2013-01-11,99.875,99.88,99.875,99.875,0,15231,361314
2013-01-14,99.875,99.88,99.87,99.875,0,15980,363344
2013-01-15,99.875,99.88,99.87,99.875,0,49470,372623
2013-01-16,99.87,99.875,99.865,99.875,0,25072,374309
2013-01-17,99.875,99.875,99.87,99.87,-0.0049999999999954525,25176,376227
2013-01-18,99.865,99.875,99.865,99.87,0,51868,374831
2013-01-22,99.875,99.875,99.87,99.875,0.0049999999999954525,22082,373267
2013-01-23,99.875,99.88,99.875,99.875,0,11418,374089
2013-01-24,99.875,99.88,99.87,99.875,0,24790,372110
2013-01-25,99.875,99.875,99.865,99.865,-0.010000000000005116,38045,366486
2013-01-28,99.865,99.865,99.855,99.86,-0.0049999999999954525,41383,367922
2013-01-29,99.86,99.87,99.86,99.865,0.0049999999999954525,15727,365782
2013-01-30,99.87,99.87,99.865,99.865,0,32781,367101
2013-01-31,99.87,99.875,99.865,99.865,0,25551,315648
2013-02-01,99.865,99.875,99.865,99.87,0.005000000000009663,23029,318616
2013-02-04,99.875,99.875,99.87,99.87,0,26699,322522
2013-02-05,99.875,99.875,99.87,99.87,0,8123,321671
2013-02-06,99.875,99.875,99.87,99.87,0,18417,320301
2013-02-07,99.875,99.875,99.87,99.87,0,24812,320237
2013-02-08,99.865,99.87,99.865,99.87,0,12297,320957
2013-02-11,99.87,99.87,99.86,99.865,-0.005000000000009663,16687,325700
2013-02-12,99.865,99.865,99.86,99.865,0,10696,327622
2013-02-13,99.86,99.865,99.86,99.865,0,9577,328225
2013-02-14,99.865,99.865,99.86,99.865,0,11596,331958
2013-02-15,99.86,99.865,99.86,99.86,-0.0049999999999954525,7532,334253
2013-02-19,99.855,99.86,99.855,99.86,0,4440,335283
2013-02-20,99.86,99.865,99.855,99.86,0,6599,336608
2013-02-21,99.86,99.865,99.855,99.86,0,16018,340657
2013-02-22,99.865,99.865,99.86,99.86,0,15721,340692
2013-02-25,99.865,99.865,99.86,99.86,0,20172,344222
2013-02-26,99.865,99.865,99.865,99.865,0.0049999999999954525,15147,344739
2013-02-27,99.865,99.865,99.865,99.865,0,12089,347572
2013-02-28,99.865,99.865,99.86,99.865,0,12663,307878
2013-03-01,99.87,99.87,99.86,99.865,0,36537,321625
2013-03-04,99.865,99.865,99.865,99.865,0,5984,322789
2013-03-05,99.865,99.87,99.86,99.865,0,15473,326795
2013-03-06,99.865,99.865,99.86,99.865,0,10351,329706
2013-03-07,99.865,99.87,99.865,99.865,0,18196,328755
2013-03-08,99.865,99.87,99.86,99.865,0,13155,328234
2013-03-11,99.86,99.865,99.86,99.865,0,6561,329099
2013-03-12,99.865,99.865,99.86,99.865,0,15444,329344
2013-03-13,99.86,99.87,99.86,99.865,0,6397,329083
2013-03-14,99.865,99.87,99.865,99.865,0,15936,331465
2013-03-15,99.865,99.865,99.86,99.865,0,9301,332057
2013-03-18,99.865,99.87,99.86,99.865,0,29269,342699
2013-03-19,99.865,99.865,99.86,99.865,0,47709,350306
2013-03-20,99.865,99.865,99.86,99.865,0,19610,355832
2013-03-21,99.86,99.865,99.86,99.86,-0.0049999999999954525,18775,361578
2013-03-22,99.865,99.865,99.86,99.86,0,9243,365036
2013-03-25,99.86,99.865,99.855,99.86,0,27175,372288
2013-03-26,99.855,99.865,99.855,99.86,0,9464,374071
2013-03-27,99.865,99.865,99.86,99.86,0,19720,377888
2013-03-28,99.865,99.865,99.86,99.86,0,7320,319223
2013-04-01,99.865,99.865,99.86,99.86,0,9203,320924
2013-04-02,99.86,99.865,99.86,99.865,0.0049999999999954525,22757,330504
2013-04-03,99.865,99.87,99.865,99.865,0,11811,335111
2013-04-04,99.87,99.87,99.87,99.87,0.005000000000009663,16397,337557
2013-04-05,99.865,99.875,99.865,99.87,0,8016,339199
2013-04-08,99.875,99.875,99.87,99.87,0,3704,339391
2013-04-09,99.87,99.875,99.87,99.87,0,4149,338550
2013-04-10,99.87,99.87,99.87,99.87,0,10551,343217
2013-04-11,99.87,99.87,99.87,99.87,0,14033,346584
2013-04-12,99.87,99.87,99.87,99.87,0,11211,345871
2013-04-15,99.87,99.875,99.865,99.87,0,10097,348297
2013-04-16,99.87,99.87,99.865,99.87,0,8295,348654
2013-04-17,99.865,99.87,99.865,99.87,0,5933,349488
2013-04-18,99.865,99.87,99.865,99.87,0,4819,349807
2013-04-19,99.865,99.87,99.86,99.865,-0.005000000000009663,13567,351049
2013-04-22,99.865,99.87,99.86,99.865,0,13862,354223
2013-04-23,99.87,99.87,99.865,99.865,0,28861,361957
2013-04-24,99.865,99.865,99.865,99.865,0,5611,363208
2013-04-25,99.865,99.875,99.865,99.865,0,14083,367345
2013-04-26,99.87,99.875,99.87,99.87,0.005000000000009663,9964,369215
2013-04-29,99.87,99.88,99.87,99.875,0.0049999999999954525,18846,370295
2013-04-30,99.88,99.88,99.875,99.875,0,14064,320221
2013-05-01,99.88,99.88,99.875,99.875,0,13385,323614
2013-05-02,99.875,99.875,99.87,99.875,0,16588,324229
2013-05-03,99.87,99.875,99.865,99.87,-0.0049999999999954525,18364,325805
2013-05-06,99.8675,99.87,99.8675,99.87,0,13662,325918
2013-05-07,99.8725,99.8725,99.87,99.87,0,6794,325584
2013-05-08,99.8725,99.8725,99.87,99.87,0,9853,324903
2013-05-09,99.8725,99.875,99.87,99.87,0,9617,325007
2013-05-10,99.8725,99.875,99.87,99.87,0,24141,326804
2013-05-13,99.8725,99.8725,99.87,99.87,0,16303,324695
2013-05-14,99.875,99.875,99.8725,99.8725,0.0024999999999977263,10432,327909
2013-05-15,99.875,99.8775,99.875,99.875,0.0024999999999977263,28307,338166
2013-05-16,99.875,99.8775,99.875,99.8775,0.0024999999999977263,18953,342196
2013-05-17,99.8775,99.88,99.8775,99.8775,0,19805,341171
2013-05-20,99.88,99.8825,99.88,99.88,0.0024999999999977263,19345,341916
2013-05-21,99.8825,99.885,99.8825,99.885,0.005000000000009663,19053,343016
2013-05-22,99.8875,99.8875,99.885,99.885,0,23975,345509
2013-05-23,99.8875,99.8875,99.885,99.885,0,12390,346977
2013-05-24,99.8875,99.8875,99.8875,99.8875,0.0024999999999977263,11347,347508
2013-05-28,99.89,99.89,99.885,99.8875,0,59145,365000
2013-05-29,99.89,99.89,99.89,99.89,0.0024999999999977263,29877,365130
2013-05-30,99.89,99.89,99.89,99.89,0,17418,365278
2013-05-31,99.8925,99.8925,99.89,99.89,0,41410,310207
Downloaded from Barchart.com as of 01-13-2024 02:04pm CST