"Symbol: ZQN14",,,,,,"Study: VOL (LikeMain)",
"Date Time","Open","High","Low","Close","Change","Volume","Open Interest"
2011-07-29,98.51,98.51,98.51,98.51,0,93630,851619
2011-08-01,98.58,98.58,98.58,98.58,0.06999999999999318,127267,860909
2011-08-02,98.675,98.675,98.675,98.675,0.09499999999999886,132097,858944
2011-08-03,98.7,98.7,98.7,98.7,0.025000000000005684,108461,840910
2011-08-04,98.72,98.805,98.72,98.805,0.10500000000000398,156437,824793
2011-08-05,98.645,98.645,98.645,98.645,-0.1600000000000108,83955,820484
2011-08-08,98.79,98.79,98.79,98.79,0.14500000000001023,124134,825172
2011-08-09,98.685,99.005,98.685,99.005,0.2149999999999892,86558,826278
2011-08-10,99.07,99.07,99.07,99.07,0.06499999999999773,118561,832273
2011-08-11,99.09,99.09,99.09,99.09,0.020000000000010232,95246,830314
2011-08-12,99.125,99.125,99.125,99.125,0.03499999999999659,44121,829889
2011-08-15,99.13,99.13,99.13,99.13,0.0049999999999954525,21119,830622
2011-08-16,99.14,99.14,99.14,99.14,0.010000000000005116,27303,830056
2011-08-17,99.165,99.165,99.165,99.165,0.025000000000005684,41214,827701
2011-08-18,99.185,99.185,99.185,99.185,0.01999999999999602,104863,821337
2011-08-19,99.17,99.17,99.17,99.17,-0.015000000000000568,32461,818215
2011-08-22,99.16,99.16,99.16,99.16,-0.010000000000005116,30071,816578
2011-08-23,99.145,99.145,99.145,99.145,-0.015000000000000568,48254,809195
2011-08-24,99.065,99.065,99.065,99.065,-0.0799999999999983,35420,807371
2011-08-25,99.085,99.085,99.085,99.085,0.01999999999999602,36721,806743
2011-08-26,99.125,99.125,99.125,99.125,0.04000000000000625,33008,803010
2011-08-29,99.085,99.085,99.085,99.085,-0.04000000000000625,35141,800845
2011-08-30,99.13,99.13,99.13,99.13,0.045000000000001705,43352,799502
2011-08-31,99.13,99.13,99.13,99.13,0,72644,791249
2011-09-01,99.215,99.215,99.215,99.215,0.08500000000000796,38122,712510
2011-09-02,99.25,99.25,99.25,99.25,0.03499999999999659,35731,713042
2011-09-06,99.235,99.235,99.235,99.235,-0.015000000000000568,31032,711422
2011-09-07,99.185,99.205,99.185,99.205,-0.030000000000001137,28816,709559
2011-09-08,99.225,99.225,99.225,99.225,0.01999999999999602,49086,712594
2011-09-09,99.29,99.29,99.27,99.27,0.045000000000001705,26846,711757
2011-09-12,99.255,99.255,99.255,99.255,-0.015000000000000568,23302,711405
2011-09-13,99.23,99.23,99.23,99.23,-0.024999999999991473,37525,708104
2011-09-14,99.24,99.24,99.24,99.24,0.009999999999990905,44903,709063
2011-09-15,99.17,99.175,99.17,99.175,-0.06499999999999773,48423,708237
2011-09-16,99.17,99.17,99.17,99.17,-0.0049999999999954525,28965,705097
2011-09-19,99.25,99.25,99.25,99.25,0.0799999999999983,52198,703443
2011-09-20,99.255,99.255,99.255,99.255,0.0049999999999954525,52246,707947
2011-09-21,99.27,99.27,99.27,99.27,0.015000000000000568,108226,707479
2011-09-22,99.355,99.355,99.355,99.355,0.08500000000000796,46961,702175
2011-09-23,99.295,99.36,99.275,99.295,-0.060000000000002274,38751,697633
2011-09-26,99.22,99.22,99.21,99.22,-0.07500000000000284,10706,694833
2011-09-27,99.145,99.145,99.145,99.145,-0.07500000000000284,26455,688765
2011-09-28,99.135,99.135,99.135,99.135,-0.009999999999990905,23212,688004
2011-09-29,99.14,99.14,99.14,99.14,0.0049999999999954525,42730,686361
2011-09-30,99.13,99.13,99.13,99.13,-0.010000000000005116,34363,633245
2011-10-03,99.22,99.22,99.22,99.22,0.09000000000000341,42205,623317
2011-10-04,99.195,99.195,99.195,99.195,-0.025000000000005684,36015,623049
2011-10-05,99.15,99.15,99.15,99.15,-0.044999999999987494,31000,622009
2011-10-06,99.135,99.135,99.135,99.135,-0.015000000000000568,23801,620725
2011-10-07,99.12,99.12,99.12,99.12,-0.015000000000000568,18989,620652
2011-10-10,99.105,99.105,99.105,99.105,-0.015000000000000568,3621,620383
2011-10-11,98.965,98.975,98.965,98.975,-0.13000000000000966,23618,617999
2011-10-12,98.97,98.97,98.97,98.97,-0.0049999999999954525,19882,617260
2011-10-13,99.055,99.055,99.055,99.055,0.08500000000000796,35125,618493
2011-10-14,99.035,99.035,99.035,99.035,-0.020000000000010232,12840,616408
2011-10-17,99.085,99.085,99.085,99.085,0.04999999999999716,15598,622108
2011-10-18,99.125,99.125,99.125,99.125,0.04000000000000625,30187,621992
2011-10-19,99.13,99.13,99.13,99.13,0.0049999999999954525,29194,629499
2011-10-20,99.12,99.12,99.12,99.12,-0.009999999999990905,18903,632629
2011-10-21,99.12,99.12,99.12,99.12,0,15058,637894
2011-10-24,99.12,99.12,99.12,99.12,0,11663,640614
2011-10-25,99.195,99.195,99.195,99.195,0.07499999999998863,16470,641904
2011-10-26,99.18,99.18,99.18,99.18,-0.014999999999986358,18874,643000
2011-10-27,99.065,99.065,99.065,99.065,-0.1150000000000091,33785,648590
2011-10-28,99.115,99.115,99.115,99.115,0.04999999999999716,39094,655520
2011-10-31,99.245,99.245,99.245,99.245,0.13000000000000966,23769,654059
2011-11-01,99.34,99.345,99.34,99.345,0.09999999999999432,31607,596589
2011-11-02,99.38,99.38,99.38,99.38,0.03499999999999659,37067,596645
2011-11-03,99.37,99.37,99.37,99.37,-0.009999999999990905,25291,593932
2011-11-04,99.375,99.375,99.375,99.375,0.0049999999999954525,13017,590022
2011-11-07,99.395,99.395,99.395,99.395,0.01999999999999602,8913,586102
2011-11-08,99.37,99.37,99.37,99.37,-0.024999999999991473,14613,586944
2011-11-09,99.375,99.375,99.375,99.375,0.0049999999999954525,20062,587724
2011-11-10,99.335,99.335,99.335,99.335,-0.04000000000000625,18624,594076
2011-11-11,99.33,99.33,99.33,99.33,-0.0049999999999954525,3291,594169
2011-11-14,99.315,99.315,99.315,99.315,-0.015000000000000568,28238,596469
2011-11-15,99.335,99.335,99.335,99.335,0.01999999999999602,17045,598935
2011-11-16,99.36,99.36,99.36,99.36,0.025000000000005684,31679,601941
2011-11-17,99.375,99.375,99.375,99.375,0.015000000000000568,41870,598969
2011-11-18,99.355,99.365,99.355,99.365,-0.010000000000005116,38781,597090
2011-11-21,99.34,99.34,99.34,99.34,-0.024999999999991473,15382,595736
2011-11-22,99.35,99.35,99.35,99.35,0.009999999999990905,15240,597515
2011-11-23,99.365,99.365,99.365,99.365,0.015000000000000568,16134,600393
2011-11-25,99.355,99.355,99.355,99.355,-0.009999999999990905,26638,603712
2011-11-28,99.345,99.345,99.345,99.345,-0.010000000000005116,30739,610578
2011-11-29,99.345,99.345,99.345,99.345,0,29855,616393
2011-11-30,99.33,99.33,99.33,99.33,-0.015000000000000568,37741,620613
2011-12-01,99.33,99.33,99.305,99.305,-0.024999999999991473,32318,557466
2011-12-02,99.305,99.305,99.305,99.305,0,20181,557108
2011-12-05,99.305,99.305,99.305,99.305,0,20443,560612
2011-12-06,99.305,99.305,99.305,99.305,0,28695,559953
2011-12-07,99.32,99.32,99.32,99.32,0.014999999999986358,35228,568024
2011-12-08,99.34,99.34,99.34,99.34,0.020000000000010232,24346,566028
2011-12-09,99.35,99.35,99.35,99.35,0.009999999999990905,18793,567758
2011-12-12,99.345,99.345,99.345,99.345,-0.0049999999999954525,10517,570935
2011-12-13,99.345,99.345,99.345,99.345,0,14354,573418
2011-12-14,99.34,99.34,99.34,99.34,-0.0049999999999954525,18525,572291
2011-12-15,99.34,99.34,99.34,99.34,0,13228,571008
2011-12-16,99.34,99.34,99.34,99.34,0,21573,570459
2011-12-19,99.47,99.47,99.47,99.47,0.12999999999999545,14600,569653
2011-12-20,99.43,99.43,99.43,99.43,-0.03999999999999204,33973,565916
2011-12-21,99.44,99.44,99.44,99.44,0.009999999999990905,19755,565582
2011-12-22,99.415,99.415,99.415,99.415,-0.024999999999991473,23928,569227
2011-12-23,99.365,99.365,99.365,99.365,-0.05000000000001137,16015,574020
2011-12-27,99.35,99.35,99.35,99.35,-0.015000000000000568,8492,575653
2011-12-28,99.395,99.395,99.395,99.395,0.045000000000001705,12981,573315
2011-12-29,99.42,99.42,99.42,99.42,0.025000000000005684,16407,571587
2011-12-30,99.46,99.46,99.46,99.46,0.03999999999999204,33799,506840
2012-01-03,99.455,99.455,99.455,99.455,-0.0049999999999954525,31206,513191
2012-01-04,99.445,99.445,99.445,99.445,-0.010000000000005116,28017,514235
2012-01-05,99.46,99.46,99.46,99.46,0.015000000000000568,21280,514754
2012-01-06,99.485,99.485,99.485,99.485,0.025000000000005684,18026,516545
2012-01-09,99.505,99.505,99.505,99.505,0.01999999999999602,12477,517134
2012-01-10,99.5,99.5,99.5,99.5,-0.0049999999999954525,12560,516316
2012-01-11,99.52,99.52,99.52,99.52,0.01999999999999602,16725,514334
2012-01-12,99.525,99.525,99.525,99.525,0.005000000000009663,20216,515069
2012-01-13,99.57,99.57,99.57,99.57,0.044999999999987494,18537,518356
2012-01-17,99.575,99.575,99.575,99.575,0.005000000000009663,14264,520680
2012-01-18,99.565,99.565,99.565,99.565,-0.010000000000005116,17364,522230
2012-01-19,99.53,99.53,99.53,99.53,-0.03499999999999659,20792,524868
2012-01-20,99.495,99.495,99.495,99.495,-0.03499999999999659,39853,528218
2012-01-23,99.48,99.48,99.48,99.48,-0.015000000000000568,25489,531223
2012-01-24,99.49,99.49,99.49,99.49,0.009999999999990905,10513,530229
2012-01-25,99.525,99.595,99.525,99.595,0.10500000000000398,29395,531814
2012-01-26,99.635,99.635,99.635,99.635,0.04000000000000625,20795,534482
2012-01-27,99.635,99.635,99.635,99.635,0,12849,536716
2012-01-30,99.635,99.635,99.635,99.635,0,20152,538906
2012-01-31,99.64,99.64,99.64,99.64,0.0049999999999954525,19822,548721
2012-02-01,99.66,99.66,99.64,99.64,0,53325,493070
2012-02-02,99.635,99.635,99.635,99.635,-0.0049999999999954525,57629,485872
2012-02-03,99.575,99.59,99.56,99.56,-0.07500000000000284,67939,489352
2012-02-06,99.57,99.595,99.565,99.59,0.030000000000001137,57024,493222
2012-02-07,99.54,99.54,99.54,99.54,-0.04999999999999716,77293,510111
2012-02-08,99.53,99.53,99.53,99.53,-0.010000000000005116,35953,507245
2012-02-09,99.5,99.5,99.5,99.5,-0.030000000000001137,51963,514609
2012-02-10,99.5,99.53,99.5,99.52,0.01999999999999602,46163,518051
2012-02-13,99.515,99.515,99.515,99.515,-0.0049999999999954525,27315,521550
2012-02-14,99.515,99.535,99.515,99.525,0.010000000000005116,31815,526334
2012-02-15,99.56,99.56,99.545,99.545,0.01999999999999602,41344,528445
2012-02-16,99.5,99.5,99.5,99.5,-0.045000000000001705,43014,532059
2012-02-17,99.495,99.495,99.495,99.495,-0.0049999999999954525,27444,537682
2012-02-21,99.475,99.475,99.475,99.475,-0.020000000000010232,40653,546520
2012-02-22,99.495,99.495,99.495,99.495,0.020000000000010232,23331,551628
2012-02-23,99.495,99.495,99.495,99.495,0,38809,559461
2012-02-24,99.465,99.5,99.465,99.49,-0.005000000000009663,20386,562031
2012-02-27,99.52,99.52,99.51,99.51,0.020000000000010232,23615,567217
2012-02-28,99.54,99.54,99.535,99.535,0.024999999999991473,15121,566181
2012-02-29,99.52,99.52,99.505,99.52,-0.015000000000000568,18642,570847
2012-03-01,99.5,99.5,99.5,99.5,-0.01999999999999602,12777,505802
2012-03-02,99.51,99.53,99.51,99.51,0.010000000000005116,28624,506949
2012-03-05,99.51,99.51,99.485,99.485,-0.025000000000005684,28465,511274
2012-03-06,99.51,99.51,99.51,99.51,0.025000000000005684,16458,512829
2012-03-07,99.495,99.495,99.495,99.495,-0.015000000000000568,41388,518117
2012-03-08,99.485,99.495,99.465,99.48,-0.015000000000000568,36787,518659
2012-03-09,99.46,99.46,99.46,99.46,-0.020000000000010232,31079,521176
2012-03-12,99.475,99.475,99.465,99.465,0.005000000000009663,18217,524456
2012-03-13,99.435,99.435,99.425,99.425,-0.04000000000000625,37664,530754
2012-03-14,99.29,99.29,99.29,99.29,-0.1349999999999909,57597,535741
2012-03-15,99.25,99.285,99.25,99.28,-0.010000000000005116,45017,542341
2012-03-16,99.21,99.265,99.21,99.265,-0.015000000000000568,33622,548139
2012-03-19,99.185,99.185,99.185,99.185,-0.0799999999999983,26492,547765
2012-03-20,99.185,99.185,99.17,99.17,-0.015000000000000568,29008,553560
2012-03-21,99.225,99.225,99.225,99.225,0.05499999999999261,29117,559570
2012-03-22,99.25,99.25,99.25,99.25,0.025000000000005684,29495,563860
2012-03-23,99.28,99.28,99.28,99.28,0.030000000000001137,29024,563609
2012-03-26,99.305,99.305,99.305,99.305,0.025000000000005684,30086,570211
2012-03-27,99.32,99.385,99.32,99.365,0.05999999999998806,26016,571439
2012-03-28,99.395,99.395,99.365,99.365,0,37572,574009
2012-03-29,99.375,99.39,99.375,99.39,0.025000000000005684,19023,575684
2012-03-30,99.4,99.4,99.375,99.375,-0.015000000000000568,25750,520235
2012-04-02,99.395,99.395,99.38,99.38,0.0049999999999954525,21981,519960
2012-04-03,99.405,99.405,99.31,99.315,-0.06499999999999773,39657,519960
2012-04-04,99.36,99.36,99.34,99.34,0.025000000000005684,21217,522378
2012-04-05,99.395,99.405,99.375,99.38,0.03999999999999204,23852,525819
2012-04-06,99.465,99.485,99.455,99.485,0.10500000000000398,28281,525463
2012-04-09,99.505,99.52,99.5,99.505,0.01999999999999602,19517,525973
2012-04-10,99.51,99.545,99.51,99.535,0.030000000000001137,53748,520321
2012-04-11,99.51,99.54,99.51,99.54,0.005000000000009663,18314,522929
2012-04-12,99.53,99.535,99.52,99.535,-0.005000000000009663,56491,520025
2012-04-13,99.54,99.54,99.54,99.54,0.005000000000009663,50991,523205
2012-04-16,99.535,99.535,99.535,99.535,-0.005000000000009663,21016,523489
2012-04-17,99.54,99.555,99.54,99.55,0.015000000000000568,36262,518082
2012-04-18,99.57,99.57,99.565,99.565,0.015000000000000568,27158,521593
2012-04-19,99.575,99.575,99.575,99.575,0.010000000000005116,21714,521755
2012-04-20,99.555,99.575,99.55,99.575,0,21904,518408
2012-04-23,99.585,99.6,99.58,99.6,0.024999999999991473,45204,525420
2012-04-24,99.585,99.585,99.57,99.585,-0.015000000000000568,40506,523564
2012-04-25,99.555,99.58,99.55,99.58,-0.0049999999999954525,30353,523197
2012-04-26,99.595,99.6,99.59,99.59,0.010000000000005116,20269,526618
2012-04-27,99.58,99.59,99.58,99.59,0,12325,528259
2012-04-30,99.625,99.625,99.62,99.62,0.030000000000001137,14657,488003
2012-05-01,99.625,99.625,99.59,99.605,-0.015000000000000568,24043,490074
2012-05-02,99.605,99.605,99.605,99.605,0,18078,491311
2012-05-03,99.605,99.605,99.605,99.605,0,23037,491396
2012-05-04,99.625,99.625,99.61,99.61,0.0049999999999954525,29726,497121
2012-05-07,99.62,99.62,99.62,99.62,0.010000000000005116,14977,498854
2012-05-08,99.635,99.65,99.635,99.64,0.01999999999999602,26001,499715
2012-05-09,99.65,99.665,99.645,99.645,0.0049999999999954525,39484,506064
2012-05-10,99.62,99.635,99.615,99.635,-0.009999999999990905,16299,512295
2012-05-11,99.64,99.64,99.64,99.64,0.0049999999999954525,25867,516734
2012-05-14,99.655,99.665,99.65,99.65,0.010000000000005116,21321,519663
2012-05-15,99.64,99.64,99.625,99.64,-0.010000000000005116,28152,528528
2012-05-16,99.62,99.65,99.62,99.64,0,27641,531646
2012-05-17,99.64,99.655,99.635,99.635,-0.0049999999999954525,24695,531688
2012-05-18,99.63,99.63,99.63,99.63,-0.005000000000009663,9635,532908
2012-05-21,99.64,99.64,99.64,99.64,0.010000000000005116,10824,535674
2012-05-22,99.65,99.65,99.65,99.65,0.010000000000005116,40115,539386
2012-05-23,99.655,99.655,99.655,99.655,0.0049999999999954525,27280,536798
2012-05-24,99.65,99.65,99.65,99.65,-0.0049999999999954525,26811,536664
2012-05-25,99.645,99.65,99.64,99.65,0,22180,539551
2012-05-29,99.645,99.645,99.64,99.64,-0.010000000000005116,20317,539857
2012-05-30,99.645,99.69,99.645,99.685,0.045000000000001705,31969,538081
2012-05-31,99.685,99.725,99.685,99.7,0.015000000000000568,49974,497693
2012-06-01,99.74,99.74,99.73,99.73,0.030000000000001137,43388,495981
2012-06-04,99.715,99.715,99.715,99.715,-0.015000000000000568,16853,495193
2012-06-05,99.72,99.72,99.705,99.72,0.0049999999999954525,18890,494175
2012-06-06,99.695,99.695,99.695,99.695,-0.025000000000005684,12860,495242
2012-06-07,99.7,99.705,99.695,99.7,0.005000000000009663,16971,496980
2012-06-08,99.715,99.72,99.7,99.7,0,7981,498071
2012-06-11,99.695,99.705,99.69,99.7,0,15146,497711
2012-06-12,99.7,99.705,99.685,99.69,-0.010000000000005116,59834,497662
2012-06-13,99.695,99.695,99.695,99.695,0.0049999999999954525,33157,503927
2012-06-14,99.705,99.705,99.68,99.69,-0.0049999999999954525,29041,511829
2012-06-15,99.695,99.73,99.695,99.725,0.03499999999999659,41162,521411
2012-06-18,99.715,99.745,99.715,99.745,0.020000000000010232,37737,518779
2012-06-19,99.73,99.73,99.73,99.73,-0.015000000000000568,42603,515363
2012-06-20,99.7,99.71,99.695,99.705,-0.025000000000005684,56500,516903
2012-06-21,99.695,99.7,99.685,99.7,-0.0049999999999954525,29147,521551
2012-06-22,99.69,99.69,99.675,99.675,-0.025000000000005684,31774,530220
2012-06-25,99.68,99.68,99.68,99.68,0.005000000000009663,16797,527190
2012-06-26,99.68,99.68,99.675,99.675,-0.005000000000009663,12113,526590
2012-06-27,99.69,99.69,99.68,99.68,0.005000000000009663,18465,525987
2012-06-28,99.7,99.705,99.7,99.705,0.024999999999991473,17741,529215
2012-06-29,99.68,99.69,99.68,99.69,-0.015000000000000568,20372,484359
2012-07-02,99.695,99.72,99.695,99.715,0.025000000000005684,13405,486600
2012-07-03,99.725,99.725,99.715,99.715,0,33054,485982
2012-07-05,99.72,99.73,99.72,99.725,0.009999999999990905,17086,484467
2012-07-06,99.74,99.745,99.735,99.745,0.020000000000010232,31114,488305
2012-07-09,99.755,99.755,99.75,99.75,0.0049999999999954525,18587,488497
2012-07-10,99.765,99.765,99.755,99.755,0.0049999999999954525,23221,487622
2012-07-11,99.755,99.755,99.755,99.755,0,30408,486457
2012-07-12,99.77,99.77,99.77,99.77,0.015000000000000568,26955,485194
2012-07-13,99.76,99.77,99.755,99.77,0,46810,492021
2012-07-16,99.78,99.795,99.78,99.79,0.020000000000010232,39726,488086
2012-07-17,99.78,99.785,99.78,99.785,-0.005000000000009663,51734,486461
2012-07-18,99.79,99.795,99.785,99.79,0.005000000000009663,24721,482151
2012-07-19,99.795,99.795,99.79,99.79,0,41275,482959
2012-07-20,99.805,99.805,99.795,99.795,0.0049999999999954525,32193,489187
2012-07-23,99.81,99.81,99.805,99.805,0.010000000000005116,12495,488965
2012-07-24,99.805,99.805,99.805,99.805,0,28027,493089
2012-07-25,99.805,99.805,99.805,99.805,0,16304,493999
2012-07-26,99.8,99.8,99.8,99.8,-0.005000000000009663,23149,499807
2012-07-27,99.795,99.795,99.765,99.77,-0.030000000000001137,27067,500115
2012-07-30,99.785,99.795,99.785,99.795,0.025000000000005684,47261,508295
2012-07-31,99.8,99.805,99.79,99.795,0,35508,429987
2012-08-01,99.78,99.78,99.765,99.78,-0.015000000000000568,43984,514675
2012-08-02,99.78,99.785,99.78,99.785,0.0049999999999954525,24506,427446
2012-08-03,99.76,99.76,99.74,99.755,-0.030000000000001137,19447,429552
2012-08-06,99.755,99.765,99.755,99.765,0.010000000000005116,4522,428734
2012-08-07,99.745,99.755,99.72,99.74,-0.025000000000005684,39365,435302
2012-08-08,99.705,99.705,99.685,99.7,-0.03999999999999204,36036,432750
2012-08-09,99.685,99.715,99.675,99.695,-0.005000000000009663,24813,433938
2012-08-10,99.71,99.73,99.71,99.715,0.020000000000010232,14802,440666
2012-08-13,99.715,99.715,99.715,99.715,0,10151,439962
2012-08-14,99.7,99.705,99.7,99.705,-0.010000000000005116,20991,444832
2012-08-15,99.69,99.7,99.685,99.69,-0.015000000000000568,21601,450902
2012-08-16,99.68,99.695,99.68,99.685,-0.0049999999999954525,18579,449155
2012-08-17,99.685,99.685,99.685,99.685,0,11295,450769
2012-08-20,99.675,99.685,99.675,99.685,0,10964,449228
2012-08-21,99.68,99.68,99.68,99.68,-0.0049999999999954525,25022,457649
2012-08-22,99.725,99.74,99.725,99.735,0.05499999999999261,23542,462019
2012-08-23,99.745,99.76,99.745,99.755,0.01999999999999602,32300,467646
2012-08-24,99.765,99.77,99.76,99.765,0.010000000000005116,15632,469507
2012-08-27,99.755,99.765,99.755,99.76,-0.0049999999999954525,11049,474249
2012-08-28,99.755,99.77,99.755,99.765,0.0049999999999954525,17579,483138
2012-08-29,99.755,99.755,99.73,99.75,-0.015000000000000568,19343,492843
2012-08-30,99.755,99.77,99.755,99.77,0.01999999999999602,20761,496225
2012-08-31,99.75,99.815,99.74,99.8,0.030000000000001137,62115,411561
2012-09-04,99.805,99.815,99.805,99.805,0.005000000000009663,18299,413277
2012-09-05,99.8,99.805,99.795,99.8,-0.005000000000009663,20504,416029
2012-09-06,99.8,99.8,99.76,99.77,-0.030000000000001137,43384,421080
2012-09-07,99.74,99.8,99.725,99.785,0.015000000000000568,32790,424170
2012-09-10,99.785,99.8,99.775,99.785,0,13234,425347
2012-09-11,99.77,99.78,99.77,99.78,-0.0049999999999954525,16024,424978
2012-09-12,99.78,99.78,99.765,99.77,-0.010000000000005116,23750,427121
2012-09-13,99.775,99.795,99.775,99.79,0.020000000000010232,47186,428530
2012-09-14,99.8,99.805,99.765,99.775,-0.015000000000000568,25412,430021
2012-09-17,99.775,99.775,99.765,99.775,0,7525,430931
2012-09-18,99.775,99.785,99.775,99.78,0.0049999999999954525,15878,429972
2012-09-19,99.775,99.775,99.775,99.775,-0.0049999999999954525,22218,430366
2012-09-20,99.78,99.785,99.78,99.78,0.0049999999999954525,14511,431516
2012-09-21,99.77,99.785,99.77,99.78,0,11410,434492
2012-09-24,99.78,99.785,99.775,99.78,0,9346,436246
2012-09-25,99.78,99.78,99.755,99.77,-0.010000000000005116,14815,437583
2012-09-26,99.775,99.78,99.77,99.78,0.010000000000005116,23567,449948
2012-09-27,99.785,99.785,99.785,99.785,0.0049999999999954525,11298,448323
2012-09-28,99.8,99.815,99.8,99.8,0.015000000000000568,21498,369040
2012-10-01,99.81,99.815,99.805,99.805,0.005000000000009663,9294,370932
2012-10-02,99.815,99.82,99.815,99.815,0.009999999999990905,10381,369890
2012-10-03,99.82,99.83,99.82,99.825,0.010000000000005116,15990,375109
2012-10-04,99.815,99.83,99.815,99.83,0.0049999999999954525,24408,372994
2012-10-05,99.815,99.815,99.795,99.795,-0.03499999999999659,23110,375046
2012-10-08,99.795,99.795,99.795,99.795,0,994,374817
2012-10-09,99.79,99.8,99.79,99.8,0.0049999999999954525,9100,374293
2012-10-10,99.785,99.79,99.78,99.785,-0.015000000000000568,12866,373227
2012-10-11,99.79,99.79,99.77,99.785,0,23117,374620
2012-10-12,99.78,99.79,99.78,99.79,0.005000000000009663,9835,374016
2012-10-15,99.785,99.79,99.78,99.79,0,11973,374575
2012-10-16,99.79,99.79,99.78,99.79,0,26852,379837
2012-10-17,99.775,99.775,99.74,99.755,-0.0350000000000108,36486,382982
2012-10-18,99.735,99.745,99.735,99.74,-0.015000000000000568,22992,383717
2012-10-19,99.735,99.74,99.735,99.74,0,18906,383111
2012-10-22,99.73,99.73,99.705,99.73,-0.009999999999990905,17113,385307
2012-10-23,99.715,99.745,99.715,99.74,0.009999999999990905,12324,387775
2012-10-24,99.74,99.76,99.735,99.75,0.010000000000005116,39291,397232
2012-10-25,99.73,99.735,99.715,99.72,-0.030000000000001137,63220,421302
2012-10-26,99.735,99.745,99.73,99.74,0.01999999999999602,20904,418131
2012-10-29,99.755,99.76,99.755,99.755,0.015000000000000568,9575,417423
2012-10-30,99.75,99.75,99.75,99.75,-0.0049999999999954525,7178,418586
2012-10-31,99.765,99.77,99.765,99.765,0.015000000000000568,11560,339702
2012-11-01,99.765,99.775,99.765,99.77,0.0049999999999954525,28209,352874
2012-11-02,99.775,99.785,99.76,99.77,0,19528,355110
2012-11-05,99.775,99.795,99.775,99.785,0.015000000000000568,12882,356432
2012-11-06,99.79,99.79,99.75,99.765,-0.01999999999999602,23932,360034
2012-11-07,99.785,99.805,99.785,99.795,0.030000000000001137,20129,365446
2012-11-08,99.8,99.805,99.795,99.795,0,11818,368556
2012-11-09,99.81,99.815,99.795,99.8,0.0049999999999954525,11059,369923
2012-11-12,99.8,99.805,99.8,99.805,0.005000000000009663,1593,369951
2012-11-13,99.815,99.815,99.805,99.805,0,8708,372098
2012-11-14,99.81,99.82,99.81,99.82,0.014999999999986358,20977,373897
2012-11-15,99.825,99.825,99.82,99.82,0,22259,382901
2012-11-16,99.825,99.825,99.825,99.825,0.005000000000009663,14521,379308
2012-11-19,99.825,99.83,99.825,99.83,0.0049999999999954525,6627,380079
2012-11-20,99.825,99.825,99.815,99.82,-0.010000000000005116,12854,381820
2012-11-21,99.81,99.82,99.795,99.795,-0.024999999999991473,19550,383889
2012-11-23,99.795,99.795,99.785,99.785,-0.010000000000005116,4506,383377
2012-11-26,99.785,99.785,99.785,99.785,0,32242,389092
2012-11-27,99.78,99.8,99.775,99.795,0.010000000000005116,16287,392895
2012-11-28,99.8,99.8,99.8,99.8,0.0049999999999954525,13402,394546
2012-11-29,99.8,99.805,99.795,99.805,0.005000000000009663,14589,394105
2012-11-30,99.81,99.815,99.81,99.81,0.0049999999999954525,14923,326861
2012-12-03,99.82,99.82,99.81,99.81,0,8348,327951
2012-12-04,99.815,99.83,99.815,99.825,0.015000000000000568,17461,330886
2012-12-05,99.835,99.84,99.83,99.835,0.009999999999990905,20676,337265
2012-12-06,99.84,99.84,99.835,99.835,0,14054,340786
2012-12-07,99.835,99.835,99.835,99.835,0,5983,341621
2012-12-10,99.84,99.845,99.835,99.835,0,8408,341770
2012-12-11,99.84,99.84,99.83,99.835,0,10496,344013
2012-12-12,99.83,99.83,99.825,99.83,-0.0049999999999954525,14620,345878
2012-12-13,99.835,99.835,99.82,99.825,-0.0049999999999954525,26174,355693
2012-12-14,99.82,99.835,99.82,99.825,0,12832,359942
2012-12-17,99.83,99.83,99.8,99.815,-0.010000000000005116,34827,371228
2012-12-18,99.8,99.8,99.785,99.79,-0.024999999999991473,116261,432669
2012-12-19,99.78,99.79,99.78,99.785,-0.005000000000009663,34792,438587
2012-12-20,99.785,99.79,99.78,99.78,-0.0049999999999954525,29403,439111
2012-12-21,99.79,99.79,99.785,99.785,0.0049999999999954525,20331,438255
2012-12-24,99.775,99.775,99.77,99.775,-0.009999999999990905,8143,439297
2012-12-26,99.77,99.775,99.77,99.77,-0.005000000000009663,5682,440018
2012-12-27,99.775,99.79,99.77,99.785,0.015000000000000568,19611,445125
2012-12-28,99.79,99.8,99.79,99.8,0.015000000000000568,31076,446648
2012-12-31,99.805,99.81,99.8,99.81,0.010000000000005116,19514,352542
2013-01-02,99.79,99.8,99.785,99.8,-0.010000000000005116,27947,353106
2013-01-03,99.8,99.8,99.775,99.785,-0.015000000000000568,24785,353990
2013-01-04,99.77,99.78,99.75,99.775,-0.009999999999990905,29132,356013
2013-01-07,99.78,99.78,99.78,99.78,0.0049999999999954525,3690,355561
2013-01-08,99.785,99.79,99.785,99.785,0.0049999999999954525,13858,357487
2013-01-09,99.785,99.8,99.785,99.795,0.010000000000005116,21994,358868
2013-01-10,99.805,99.805,99.79,99.795,0,21539,360164
2013-01-11,99.795,99.795,99.78,99.795,0,15231,361314
2013-01-14,99.795,99.8,99.795,99.795,0,15980,363344
2013-01-15,99.8,99.81,99.8,99.8,0.0049999999999954525,49470,372623
2013-01-16,99.81,99.81,99.8,99.8,0,25072,374309
2013-01-17,99.805,99.805,99.785,99.79,-0.009999999999990905,25176,376227
2013-01-18,99.785,99.795,99.775,99.795,0.0049999999999954525,51868,374831
2013-01-22,99.79,99.8,99.785,99.795,0,22082,373267
2013-01-23,99.805,99.805,99.795,99.795,0,11418,374089
2013-01-24,99.8,99.805,99.795,99.795,0,24790,372110
2013-01-25,99.795,99.795,99.75,99.76,-0.03499999999999659,38045,366486
2013-01-28,99.75,99.75,99.735,99.745,-0.015000000000000568,41383,367922
2013-01-29,99.745,99.755,99.74,99.745,0,15727,365782
2013-01-30,99.745,99.755,99.725,99.745,0,32781,367101
2013-01-31,99.76,99.765,99.755,99.755,0.009999999999990905,25551,315648
2013-02-01,99.76,99.79,99.745,99.765,0.010000000000005116,23029,318616
2013-02-04,99.765,99.78,99.755,99.78,0.015000000000000568,26699,322522
2013-02-05,99.78,99.78,99.77,99.775,-0.0049999999999954525,8123,321671
2013-02-06,99.775,99.795,99.775,99.79,0.015000000000000568,18417,320301
2013-02-07,99.785,99.795,99.77,99.79,0,24812,320237
2013-02-08,99.775,99.795,99.775,99.785,-0.005000000000009663,12297,320957
2013-02-11,99.785,99.785,99.785,99.785,0,16687,325700
2013-02-12,99.775,99.775,99.765,99.77,-0.015000000000000568,10696,327622
2013-02-13,99.765,99.765,99.76,99.765,-0.0049999999999954525,9577,328225
2013-02-14,99.77,99.77,99.765,99.77,0.0049999999999954525,11596,331958
2013-02-15,99.77,99.77,99.765,99.77,0,7532,334253
2013-02-19,99.77,99.77,99.765,99.77,0,4440,335283
2013-02-20,99.77,99.77,99.77,99.77,0,6599,336608
2013-02-21,99.775,99.79,99.77,99.785,0.015000000000000568,16018,340657
2013-02-22,99.79,99.8,99.79,99.79,0.005000000000009663,15721,340692
2013-02-25,99.795,99.805,99.79,99.805,0.015000000000000568,20172,344222
2013-02-26,99.81,99.815,99.81,99.81,0.0049999999999954525,15147,344739
2013-02-27,99.81,99.82,99.81,99.81,0,12089,347572
2013-02-28,99.81,99.815,99.81,99.81,0,12663,307878
2013-03-01,99.815,99.825,99.815,99.82,0.009999999999990905,36537,321625
2013-03-04,99.825,99.825,99.82,99.82,0,5984,322789
2013-03-05,99.82,99.82,99.815,99.82,0,15473,326795
2013-03-06,99.81,99.815,99.81,99.815,-0.0049999999999954525,10351,329706
2013-03-07,99.81,99.81,99.805,99.81,-0.0049999999999954525,18196,328755
2013-03-08,99.805,99.805,99.785,99.805,-0.0049999999999954525,13155,328234
2013-03-11,99.8,99.805,99.8,99.805,0,6561,329099
2013-03-12,99.805,99.805,99.805,99.805,0,15444,329344
2013-03-13,99.8,99.8,99.795,99.8,-0.005000000000009663,6397,329083
2013-03-14,99.795,99.795,99.785,99.795,-0.0049999999999954525,15936,331465
2013-03-15,99.795,99.805,99.795,99.805,0.010000000000005116,9301,332057
2013-03-18,99.815,99.815,99.81,99.81,0.0049999999999954525,29269,342699
2013-03-19,99.81,99.82,99.8,99.81,0,47709,350306
2013-03-20,99.8,99.81,99.8,99.81,0,19610,355832
2013-03-21,99.8,99.805,99.795,99.8,-0.010000000000005116,18775,361578
2013-03-22,99.8,99.8,99.79,99.795,-0.0049999999999954525,9243,365036
2013-03-25,99.79,99.795,99.79,99.795,0,27175,372288
2013-03-26,99.79,99.795,99.785,99.795,0,9464,374071
2013-03-27,99.79,99.81,99.79,99.805,0.010000000000005116,19720,377888
2013-03-28,99.81,99.815,99.805,99.805,0,7320,319223
2013-04-01,99.805,99.815,99.805,99.81,0.0049999999999954525,9203,320924
2013-04-02,99.815,99.815,99.81,99.81,0,22757,330504
2013-04-03,99.815,99.825,99.815,99.82,0.009999999999990905,11811,335111
2013-04-04,99.825,99.83,99.82,99.825,0.005000000000009663,16397,337557
2013-04-05,99.825,99.835,99.825,99.83,0.0049999999999954525,8016,339199
2013-04-08,99.83,99.83,99.83,99.83,0,3704,339391
2013-04-09,99.83,99.835,99.83,99.835,0.0049999999999954525,4149,338550
2013-04-10,99.83,99.83,99.825,99.83,-0.0049999999999954525,10551,343217
2013-04-11,99.835,99.835,99.835,99.835,0.0049999999999954525,14033,346584
2013-04-12,99.83,99.835,99.83,99.835,0,11211,345871
2013-04-15,99.83,99.845,99.83,99.84,0.005000000000009663,10097,348297
2013-04-16,99.84,99.84,99.84,99.84,0,8295,348654
2013-04-17,99.84,99.84,99.84,99.84,0,5933,349488
2013-04-18,99.84,99.845,99.84,99.84,0,4819,349807
2013-04-19,99.84,99.84,99.835,99.84,0,13567,351049
2013-04-22,99.835,99.84,99.825,99.84,0,13862,354223
2013-04-23,99.84,99.84,99.84,99.84,0,28861,361957
2013-04-24,99.835,99.845,99.835,99.84,0,5611,363208
2013-04-25,99.84,99.84,99.84,99.84,0,14083,367345
2013-04-26,99.845,99.85,99.845,99.845,0.0049999999999954525,9964,369215
2013-04-29,99.85,99.855,99.845,99.85,0.0049999999999954525,18846,370295
2013-04-30,99.855,99.855,99.85,99.85,0,14064,320221
2013-05-01,99.85,99.855,99.85,99.855,0.005000000000009663,13385,323614
2013-05-02,99.855,99.865,99.85,99.86,0.0049999999999954525,16588,324229
2013-05-03,99.86,99.865,99.85,99.85,-0.010000000000005116,18364,325805
2013-05-06,99.85,99.855,99.85,99.85,0,13662,325918
2013-05-07,99.85,99.85,99.845,99.85,0,6794,325584
2013-05-08,99.85,99.85,99.85,99.85,0,9853,324903
2013-05-09,99.85,99.85,99.845,99.845,-0.0049999999999954525,9617,325007
2013-05-10,99.84,99.845,99.84,99.84,-0.0049999999999954525,24141,326804
2013-05-13,99.84,99.84,99.83,99.83,-0.010000000000005116,16303,324695
2013-05-14,99.83,99.835,99.83,99.83,0,10432,327909
2013-05-15,99.825,99.83,99.825,99.83,0,28307,338166
2013-05-16,99.83,99.84,99.83,99.835,0.0049999999999954525,18953,342196
2013-05-17,99.835,99.835,99.825,99.825,-0.009999999999990905,19805,341171
2013-05-20,99.825,99.83,99.825,99.825,0,19345,341916
2013-05-21,99.83,99.83,99.825,99.825,0,19053,343016
2013-05-22,99.835,99.84,99.82,99.82,-0.005000000000009663,23975,345509
2013-05-23,99.82,99.825,99.82,99.82,0,12390,346977
2013-05-24,99.815,99.82,99.815,99.82,0,11347,347508
2013-05-28,99.82,99.82,99.77,99.79,-0.029999999999986926,59145,365000
2013-05-29,99.77,99.775,99.755,99.775,-0.015000000000000568,29877,365130
2013-05-30,99.775,99.78,99.77,99.775,0,17418,365278
2013-05-31,99.78,99.79,99.76,99.765,-0.010000000000005116,41410,310207
2013-06-03,99.76,99.785,99.76,99.775,0.010000000000005116,26180,309566
2013-06-04,99.78,99.785,99.775,99.785,0.009999999999990905,15538,312601
2013-06-05,99.785,99.79,99.785,99.785,0,12462,313230
2013-06-06,99.785,99.79,99.78,99.785,0,15065,315684
2013-06-07,99.785,99.79,99.775,99.78,-0.0049999999999954525,17263,318299
2013-06-10,99.775,99.775,99.765,99.775,-0.0049999999999954525,24717,320759
2013-06-11,99.775,99.775,99.76,99.775,0,30507,324031
2013-06-12,99.77,99.775,99.765,99.77,-0.005000000000009663,13387,325167
2013-06-13,99.77,99.805,99.77,99.785,0.015000000000000568,18838,325494
2013-06-14,99.805,99.82,99.805,99.81,0.025000000000005684,24897,330243
2013-06-17,99.815,99.825,99.815,99.82,0.009999999999990905,24489,331878
2013-06-18,99.82,99.82,99.81,99.82,0,15519,336265
2013-06-19,99.82,99.82,99.79,99.8,-0.01999999999999602,34292,341452
2013-06-20,99.79,99.79,99.765,99.785,-0.015000000000000568,29045,342490
2013-06-21,99.78,99.78,99.745,99.75,-0.03499999999999659,38126,339919
2013-06-24,99.74,99.74,99.705,99.725,-0.025000000000005684,74802,336407
2013-06-25,99.72,99.735,99.71,99.72,-0.0049999999999954525,50842,340141
2013-06-26,99.71,99.745,99.71,99.73,0.010000000000005116,42194,342804
2013-06-27,99.745,99.765,99.74,99.755,0.024999999999991473,19476,344051
2013-06-28,99.765,99.775,99.745,99.755,0,16627,299032
2013-07-01,99.765,99.77,99.75,99.765,0.010000000000005116,15289,301278
2013-07-02,99.765,99.77,99.765,99.765,0,18858,302643
2013-07-03,99.765,99.775,99.745,99.755,-0.010000000000005116,33466,303112
2013-07-05,99.75,99.775,99.725,99.73,-0.024999999999991473,25014,305857
2013-07-08,99.73,99.75,99.725,99.75,0.01999999999999602,17363,303198
2013-07-09,99.75,99.76,99.75,99.755,0.0049999999999954525,11801,301799
2013-07-10,99.75,99.755,99.745,99.75,-0.0049999999999954525,28766,299601
2013-07-11,99.76,99.775,99.76,99.77,0.01999999999999602,17283,300042
2013-07-12,99.775,99.785,99.765,99.765,-0.0049999999999954525,16312,304028
2013-07-15,99.765,99.775,99.765,99.77,0.0049999999999954525,7019,304177
2013-07-16,99.775,99.79,99.775,99.79,0.020000000000010232,9869,305992
2013-07-17,99.79,99.805,99.79,99.8,0.009999999999990905,24642,307206
2013-07-18,99.81,99.81,99.795,99.8,0,11587,307908
2013-07-19,99.8,99.805,99.795,99.8,0,9232,306976
2013-07-22,99.805,99.805,99.795,99.795,-0.0049999999999954525,7925,308321
2013-07-23,99.79,99.795,99.79,99.795,0,6612,308582
2013-07-24,99.79,99.79,99.785,99.79,-0.0049999999999954525,9746,306989
2013-07-25,99.785,99.8,99.785,99.79,0,7155,308063
2013-07-26,99.805,99.815,99.805,99.81,0.01999999999999602,9585,309535
2013-07-29,99.805,99.81,99.805,99.81,0,3924,310746
2013-07-30,99.805,99.81,99.805,99.81,0,5488,310357
2013-07-31,99.81,99.815,99.8,99.81,0,13144,269643
2013-08-01,99.81,99.81,99.805,99.805,-0.0049999999999954525,11671,268117
2013-08-02,99.805,99.825,99.8,99.82,0.014999999999986358,25201,272104
2013-08-05,99.82,99.82,99.815,99.82,0,9331,272254
2013-08-06,99.82,99.82,99.82,99.82,0,4593,272741
2013-08-07,99.82,99.82,99.82,99.82,0,5792,273207
2013-08-08,99.825,99.825,99.82,99.82,0,7990,274959
2013-08-09,99.82,99.825,99.82,99.82,0,2667,275703
2013-08-12,99.825,99.825,99.82,99.82,0,9511,277926
2013-08-13,99.82,99.82,99.805,99.805,-0.014999999999986358,17776,283056
2013-08-14,99.805,99.81,99.805,99.805,0,9710,280408
2013-08-15,99.81,99.81,99.795,99.805,0,23560,284850
2013-08-16,99.8,99.81,99.8,99.81,0.0049999999999954525,4756,285519
2013-08-19,99.805,99.805,99.8,99.805,-0.0049999999999954525,6856,286938
2013-08-20,99.805,99.815,99.805,99.815,0.009999999999990905,22255,290747
2013-08-21,99.815,99.815,99.79,99.79,-0.024999999999991473,44310,302671
2013-08-22,99.79,99.79,99.765,99.77,-0.020000000000010232,29860,299625
2013-08-23,99.77,99.79,99.765,99.78,0.010000000000005116,25008,301999
2013-08-26,99.785,99.79,99.78,99.785,0.0049999999999954525,13394,302367
2013-08-27,99.79,99.795,99.79,99.795,0.010000000000005116,12137,303473
2013-08-28,99.79,99.79,99.78,99.785,-0.010000000000005116,23349,307044
2013-08-29,99.785,99.785,99.78,99.785,0,17330,307318
2013-08-30,99.785,99.79,99.78,99.785,0,15828,268965
2013-09-03,99.78,99.78,99.77,99.78,-0.0049999999999954525,23293,271512
2013-09-04,99.775,99.775,99.76,99.765,-0.015000000000000568,26912,274518
2013-09-05,99.76,99.76,99.735,99.745,-0.01999999999999602,54248,278980
2013-09-06,99.745,99.78,99.745,99.77,0.024999999999991473,31274,277287
2013-09-09,99.775,99.79,99.775,99.79,0.020000000000010232,19686,280918
2013-09-10,99.785,99.785,99.775,99.78,-0.010000000000005116,12735,282651
2013-09-11,99.775,99.79,99.775,99.785,0.0049999999999954525,19703,287486
2013-09-12,99.79,99.795,99.785,99.79,0.005000000000009663,22579,290204
2013-09-13,99.785,99.795,99.78,99.79,0,10517,291787
2013-09-16,99.805,99.82,99.805,99.81,0.01999999999999602,33573,293578
2013-09-17,99.815,99.82,99.815,99.815,0.0049999999999954525,22685,297019
2013-09-18,99.82,99.85,99.815,99.845,0.030000000000001137,44264,302972
2013-09-19,99.84,99.845,99.835,99.84,-0.0049999999999954525,14502,302955
2013-09-20,99.84,99.845,99.825,99.835,-0.005000000000009663,31869,307194
2013-09-23,99.83,99.84,99.83,99.84,0.005000000000009663,13237,308337
2013-09-24,99.84,99.845,99.84,99.84,0,18787,307188
2013-09-25,99.835,99.845,99.835,99.845,0.0049999999999954525,28209,313230
2013-09-26,99.845,99.845,99.835,99.845,0,29207,317141
2013-09-27,99.84,99.85,99.84,99.845,0,19818,317250
2013-09-30,99.845,99.845,99.84,99.845,0,19033,281547
2013-10-01,99.845,99.85,99.845,99.845,0,9933,281321
2013-10-02,99.85,99.855,99.85,99.85,0.0049999999999954525,19061,286651
2013-10-03,99.845,99.855,99.845,99.85,0,28464,291210
2013-10-04,99.85,99.85,99.85,99.85,0,22447,297979
2013-10-07,99.85,99.855,99.85,99.85,0,19871,300401
2013-10-08,99.85,99.855,99.84,99.845,-0.0049999999999954525,49294,302800
2013-10-09,99.85,99.85,99.845,99.85,0.0049999999999954525,17723,305897
2013-10-10,99.855,99.855,99.85,99.85,0,42822,301471
2013-10-11,99.85,99.855,99.85,99.85,0,13688,303569
2013-10-14,99.845,99.845,99.84,99.845,-0.0049999999999954525,3437,302923
2013-10-15,99.845,99.845,99.84,99.84,-0.0049999999999954525,22157,303228
2013-10-16,99.835,99.845,99.83,99.84,0,27028,300924
2013-10-17,99.845,99.855,99.845,99.85,0.009999999999990905,18998,304369
2013-10-18,99.855,99.86,99.855,99.855,0.005000000000009663,12195,306461
2013-10-21,99.855,99.86,99.855,99.855,0,11780,303512
2013-10-22,99.86,99.865,99.86,99.86,0.0049999999999954525,14183,302330
2013-10-23,99.865,99.87,99.86,99.86,0,14088,303159
2013-10-24,99.865,99.865,99.86,99.86,0,4707,304044
2013-10-25,99.865,99.87,99.86,99.865,0.0049999999999954525,9966,305119
2013-10-28,99.865,99.865,99.865,99.865,0,3550,305398
2013-10-29,99.865,99.865,99.865,99.865,0,7051,305405
2013-10-30,99.865,99.87,99.865,99.865,0,20072,307085
2013-10-31,99.87,99.875,99.87,99.87,0.005000000000009663,23198,274459
2013-11-01,99.87,99.875,99.87,99.87,0,10902,276625
2013-11-04,99.875,99.875,99.875,99.875,0.0049999999999954525,6813,278137
2013-11-05,99.875,99.875,99.875,99.875,0,5902,277789
2013-11-06,99.875,99.885,99.875,99.88,0.0049999999999954525,18435,278996
2013-11-07,99.885,99.895,99.885,99.885,0.005000000000009663,27055,282524
2013-11-08,99.885,99.885,99.88,99.885,0,19824,285493
2013-11-11,99.88,99.88,99.88,99.88,-0.005000000000009663,6109,285412
2013-11-12,99.88,99.88,99.87,99.88,0,16854,283950
2013-11-13,99.875,99.885,99.875,99.88,0,8918,285869
2013-11-14,99.885,99.895,99.885,99.89,0.010000000000005116,26189,289583
2013-11-15,99.895,99.895,99.895,99.895,0.0049999999999954525,10555,288826
2013-11-18,99.895,99.895,99.895,99.895,0,9823,289204
2013-11-19,99.89,99.895,99.89,99.895,0,8887,292242
2013-11-20,99.89,99.905,99.89,99.9,0.005000000000009663,29546,290087
2013-11-21,99.905,99.905,99.905,99.905,0.0049999999999954525,17040,286992
2013-11-22,99.905,99.905,99.905,99.905,0,5278,286375
2013-11-25,99.905,99.905,99.905,99.905,0,4854,287299
2013-11-26,99.9,99.905,99.9,99.905,0,5689,288493
2013-11-27,99.9,99.9,99.9,99.9,-0.0049999999999954525,12406,288345
2013-11-29,99.9,99.905,99.9,99.9,0,4853,256547
2013-12-02,99.9,99.905,99.89,99.895,-0.005000000000009663,28270,263541
2013-12-03,99.89,99.895,99.89,99.895,0,14839,264394
2013-12-04,99.895,99.9,99.895,99.895,0,28814,271038
2013-12-05,99.9,99.905,99.895,99.9,0.005000000000009663,17673,271076
2013-12-06,99.9,99.9,99.89,99.9,0,17166,274081
2013-12-09,99.9,99.9,99.895,99.9,0,7861,273650
2013-12-10,99.895,99.9,99.895,99.9,0,5974,274535
2013-12-11,99.9,99.9,99.895,99.895,-0.005000000000009663,10095,274634
2013-12-12,99.895,99.895,99.885,99.89,-0.0049999999999954525,34659,281666
2013-12-13,99.885,99.885,99.88,99.885,-0.0049999999999954525,9097,282930
2013-12-16,99.88,99.88,99.88,99.88,-0.005000000000009663,7942,283789
2013-12-17,99.88,99.885,99.875,99.885,0.005000000000009663,28533,290761
2013-12-18,99.885,99.885,99.88,99.885,0,40235,297283
2013-12-19,99.88,99.88,99.865,99.87,-0.015000000000000568,36824,298253
2013-12-20,99.87,99.87,99.865,99.87,0,44682,304647
2013-12-23,99.87,99.87,99.865,99.87,0,7546,305941
2013-12-24,99.865,99.87,99.865,99.87,0,11081,306920
2013-12-26,99.865,99.87,99.865,99.865,-0.005000000000009663,11758,306895
2013-12-27,99.865,99.87,99.86,99.87,0.005000000000009663,11117,306708
2013-12-30,99.875,99.875,99.875,99.875,0.0049999999999954525,5547,306689
2013-12-31,99.88,99.88,99.87,99.875,0,11073,275330
2014-01-02,99.875,99.88,99.875,99.875,0,4482,275314
2014-01-03,99.875,99.875,99.87,99.875,0,14106,276163
2014-01-06,99.875,99.875,99.87,99.875,0,13862,277395
2014-01-07,99.875,99.88,99.875,99.875,0,11873,278090
2014-01-08,99.875,99.875,99.865,99.875,0,25667,276879
2014-01-09,99.87,99.87,99.865,99.87,-0.0049999999999954525,17461,277156
2014-01-10,99.865,99.885,99.865,99.88,0.009999999999990905,25089,276794
2014-01-13,99.88,99.89,99.88,99.885,0.005000000000009663,18703,279717
2014-01-14,99.885,99.885,99.88,99.885,0,10927,278861
2014-01-15,99.885,99.885,99.88,99.885,0,17707,279004
2014-01-16,99.885,99.885,99.885,99.885,0,9782,279055
2014-01-17,99.89,99.89,99.89,99.89,0.0049999999999954525,15651,280228
2014-01-21,99.895,99.895,99.895,99.895,0.0049999999999954525,11207,279760
2014-01-22,99.9,99.9,99.895,99.895,0,12819,280250
2014-01-23,99.9,99.905,99.9,99.9,0.005000000000009663,23710,282291
2014-01-24,99.9,99.905,99.895,99.9,0,34437,284096
2014-01-27,99.9,99.9,99.895,99.9,0,14641,287626
2014-01-28,99.895,99.9,99.895,99.9,0,16141,291494
2014-01-29,99.9,99.905,99.9,99.9,0,37015,298209
2014-01-30,99.905,99.91,99.905,99.905,0.0049999999999954525,16069,298517
2014-01-31,99.91,99.91,99.905,99.905,0,23269,263581
2014-02-03,99.905,99.91,99.905,99.905,0,42831,269337
2014-02-04,99.905,99.91,99.9,99.905,0,16764,273109
2014-02-05,99.91,99.91,99.905,99.905,0,26976,278632
2014-02-06,99.91,99.91,99.905,99.905,0,21252,283703
2014-02-07,99.905,99.915,99.905,99.91,0.0049999999999954525,25892,289795
2014-02-10,99.91,99.91,99.91,99.91,0,16771,291291
2014-02-11,99.91,99.91,99.91,99.91,0,11480,293954
2014-02-12,99.91,99.915,99.91,99.91,0,22299,295907
2014-02-13,99.915,99.92,99.915,99.915,0.005000000000009663,14970,298841
2014-02-14,99.92,99.92,99.915,99.915,0,18439,305816
2014-02-18,99.92,99.92,99.915,99.915,0,15968,314854
2014-02-19,99.92,99.92,99.915,99.915,0,10453,317554
2014-02-20,99.92,99.92,99.915,99.915,0,19278,321494
2014-02-21,99.92,99.92,99.915,99.915,0,9379,322928
2014-02-24,99.92,99.92,99.915,99.915,0,3833,321874
2014-02-25,99.915,99.915,99.91,99.915,0,14629,326188
2014-02-26,99.915,99.92,99.915,99.915,0,16307,329214
2014-02-27,99.915,99.915,99.915,99.915,0,10886,331924
2014-02-28,99.915,99.92,99.91,99.915,0,22959,288465
2014-03-03,99.915,99.92,99.915,99.915,0,17673,292474
2014-03-04,99.92,99.92,99.91,99.915,0,21094,295231
2014-03-05,99.91,99.915,99.91,99.915,0,9668,295803
2014-03-06,99.915,99.915,99.91,99.915,0,19925,297442
2014-03-07,99.91,99.91,99.905,99.91,-0.005000000000009663,28604,296978
2014-03-10,99.91,99.91,99.905,99.91,0,15571,296089
2014-03-11,99.91,99.91,99.905,99.91,0,15849,298102
2014-03-12,99.905,99.91,99.905,99.91,0,18813,298693
2014-03-13,99.91,99.915,99.91,99.91,0,26027,303696
2014-03-14,99.905,99.91,99.905,99.91,0,20491,308574
2014-03-17,99.91,99.91,99.905,99.91,0,17023,314277
2014-03-18,99.905,99.91,99.905,99.91,0,19349,318024
2014-03-19,99.905,99.905,99.9,99.905,-0.0049999999999954525,55378,323347
2014-03-20,99.9,99.905,99.895,99.9,-0.0049999999999954525,38504,331031
2014-03-21,99.9,99.9,99.895,99.9,0,15299,333838
2014-03-24,99.9,99.905,99.895,99.9,0,27664,334544
2014-03-25,99.9,99.905,99.895,99.9,0,23869,335742
2014-03-26,99.9,99.905,99.9,99.9,0,27903,336570
2014-03-27,99.905,99.905,99.9,99.9,0,18177,337799
2014-03-28,99.9,99.905,99.9,99.905,0.0049999999999954525,12911,339682
2014-03-31,99.91,99.915,99.91,99.91,0.0049999999999954525,20726,290022
2014-04-01,99.91,99.915,99.91,99.91,0,12260,291999
2014-04-02,99.915,99.915,99.91,99.91,0,15742,291680
2014-04-03,99.91,99.91,99.91,99.91,0,17603,297726
2014-04-04,99.915,99.915,99.91,99.91,0,34681,300806
2014-04-07,99.915,99.915,99.91,99.91,0,23179,306485
2014-04-08,99.915,99.92,99.91,99.91,0,21078,310870
2014-04-09,99.91,99.915,99.91,99.91,0,40604,311908
2014-04-10,99.915,99.915,99.91,99.91,0,36068,313977
2014-04-11,99.915,99.915,99.91,99.91,0,10790,316438
2014-04-14,99.915,99.915,99.91,99.91,0,10236,319061
2014-04-15,99.915,99.915,99.91,99.91,0,17331,324094
2014-04-16,99.91,99.91,99.91,99.91,0,17137,329975
2014-04-17,99.915,99.915,99.91,99.91,0,17706,330608
2014-04-21,99.91,99.91,99.91,99.91,0,15244,339032
2014-04-22,99.91,99.91,99.91,99.91,0,19715,340477
2014-04-23,99.91,99.91,99.905,99.91,0,24470,345552
2014-04-24,99.905,99.905,99.9,99.905,-0.0049999999999954525,29458,351569
2014-04-25,99.9,99.905,99.9,99.905,0,16956,354632
2014-04-28,99.905,99.905,99.9,99.905,0,11060,359874
2014-04-29,99.905,99.905,99.9,99.905,0,18807,358404
2014-04-30,99.9,99.905,99.9,99.905,0,40757,315133
2014-05-01,99.905,99.905,99.9,99.905,0,12958,318288
2014-05-02,99.905,99.905,99.9,99.905,0,38294,321181
2014-05-05,99.905,99.905,99.905,99.905,0,5205,321994
2014-05-06,99.9,99.905,99.9,99.905,0,5314,324337
2014-05-07,99.9,99.905,99.9,99.905,0,40574,328511
2014-05-08,99.905,99.91,99.9,99.905,0,19190,328883
2014-05-09,99.91,99.91,99.905,99.905,0,18680,335568
2014-05-12,99.91,99.91,99.905,99.905,0,8429,336606
2014-05-13,99.905,99.905,99.905,99.905,0,15751,339695
2014-05-14,99.905,99.91,99.905,99.905,0,27476,344021
2014-05-15,99.91,99.91,99.905,99.905,0,22869,350069
2014-05-16,99.905,99.91,99.905,99.905,0,14336,353175
2014-05-19,99.905,99.905,99.905,99.905,0,19804,359268
2014-05-20,99.91,99.91,99.905,99.905,0,21425,361265
2014-05-21,99.905,99.91,99.905,99.905,0,26906,363449
2014-05-22,99.905,99.91,99.905,99.905,0,13435,365529
2014-05-23,99.905,99.905,99.905,99.905,0,9374,365627
2014-05-27,99.905,99.905,99.9,99.905,0,9449,367374
2014-05-28,99.905,99.905,99.9,99.905,0,21784,369372
2014-05-29,99.905,99.905,99.905,99.905,0,20686,371789
2014-05-30,99.905,99.905,99.905,99.905,0,16470,344068
2014-06-02,99.905,99.905,99.905,99.905,0,17534,345669
2014-06-03,99.905,99.905,99.905,99.905,0,14721,345693
2014-06-04,99.905,99.905,99.9,99.905,0,38457,355161
2014-06-05,99.905,99.905,99.905,99.905,0,37156,362135
2014-06-06,99.9,99.905,99.9,99.905,0,36315,367963
2014-06-09,99.905,99.905,99.905,99.905,0,21298,370215
2014-06-10,99.905,99.905,99.905,99.905,0,25204,372779
2014-06-11,99.905,99.91,99.905,99.905,0,17224,375207
2014-06-12,99.905,99.905,99.905,99.905,0,46564,385517
2014-06-13,99.905,99.905,99.9,99.905,0,39439,391316
2014-06-16,99.9,99.9,99.895,99.9,-0.0049999999999954525,25175,396991
2014-06-17,99.895,99.9,99.89,99.9,0,40685,403606
2014-06-18,99.9,99.9,99.895,99.9,0,49849,407343
2014-06-19,99.9,99.905,99.9,99.9,0,30370,409219
2014-06-20,99.9,99.9,99.9,99.9,0,17083,409600
2014-06-23,99.9,99.9,99.9,99.9,0,15707,413498
2014-06-24,99.9,99.905,99.9,99.9,0,18531,417521
2014-06-25,99.905,99.905,99.9,99.9,0,20051,418926
2014-06-26,99.905,99.905,99.895,99.9,0,29037,427520
2014-06-27,99.895,99.9,99.895,99.9,0,19969,432428
2014-06-30,99.9,99.905,99.9,99.9,0,14516,405024
2014-07-01,99.9,99.905,99.9,99.9,0,28852,411799
2014-07-02,99.9,99.9,99.9,99.9,0,32156,416102
2014-07-03,99.905,99.905,99.9,99.9,0,33417,416272
2014-07-07,99.9025,99.905,99.9025,99.9025,0.0024999999999977263,25980,415049
2014-07-08,99.905,99.905,99.9025,99.9025,0,20936,415535
2014-07-09,99.905,99.905,99.9025,99.9025,0,81747,428902
2014-07-10,99.905,99.9075,99.905,99.905,0.0024999999999977263,103751,435669
2014-07-11,99.9075,99.91,99.9075,99.9075,0.0024999999999977263,60085,438493
2014-07-14,99.9075,99.9075,99.905,99.9075,0,16054,442196
2014-07-15,99.9075,99.9075,99.9075,99.9075,0,34874,444459
2014-07-16,99.9075,99.9075,99.9075,99.9075,0,19589,445921
2014-07-17,99.91,99.91,99.9075,99.9075,0,25526,444121
2014-07-18,99.9075,99.91,99.9075,99.9075,0,23639,448564
2014-07-21,99.9075,99.9075,99.905,99.9075,0,10748,448898
2014-07-22,99.9075,99.9075,99.9075,99.9075,0,22153,451694
2014-07-23,99.9075,99.9075,99.9075,99.9075,0,12442,452139
2014-07-24,99.9075,99.9075,99.9075,99.9075,0,21109,453908
2014-07-25,99.9075,99.9075,99.9075,99.9075,0,14571,456558
2014-07-28,99.9075,99.9075,99.9075,99.9075,0,15299,457383
2014-07-29,99.9075,99.9075,99.9075,99.9075,0,27345,464212
2014-07-30,99.9075,99.91,99.9075,99.9075,0,66008,470252
2014-07-31,99.9075,99.9075,99.9075,99.9075,0,49831,432613
Downloaded from Barchart.com as of 01-13-2024 02:06pm CST