"Symbol: ZQQ16",,,,,,"Study: VOL (LikeMain)",
"Date Time","Open","High","Low","Close","Change","Volume","Open Interest"
2013-08-30,98.09,98.09,98.09,98.09,0,15828,268965
2013-09-03,97.98,97.98,97.98,97.98,-0.10999999999999943,23293,271512
2013-09-04,97.895,97.895,97.895,97.895,-0.08500000000000796,26912,274518
2013-09-05,97.76,97.76,97.76,97.76,-0.1349999999999909,54248,278980
2013-09-06,97.83,97.83,97.83,97.83,0.06999999999999318,31274,277287
2013-09-09,97.945,97.945,97.945,97.945,0.11499999999999488,19686,280918
2013-09-10,97.89,97.89,97.89,97.89,-0.05499999999999261,12735,282651
2013-09-11,97.95,97.95,97.95,97.95,0.060000000000002274,19703,287486
2013-09-12,98,98,97.965,97.965,0.015000000000000568,22579,290204
2013-09-13,97.95,97.95,97.95,97.95,-0.015000000000000568,10517,291787
2013-09-16,98.055,98.055,98.055,98.055,0.10500000000000398,33573,293578
2013-09-17,98.09,98.09,98.09,98.09,0.03499999999999659,22685,297019
2013-09-18,98.285,98.285,98.285,98.285,0.19499999999999318,44264,302972
2013-09-19,98.31,98.31,98.31,98.31,0.025000000000005684,14502,302955
2013-09-20,98.315,98.315,98.315,98.315,0.0049999999999954525,31869,307194
2013-09-23,98.34,98.34,98.34,98.34,0.025000000000005684,13237,308337
2013-09-24,98.415,98.415,98.415,98.415,0.07500000000000284,18787,307188
2013-09-25,98.475,98.475,98.475,98.475,0.05999999999998806,28209,313230
2013-09-26,98.445,98.445,98.445,98.445,-0.030000000000001137,29207,317141
2013-09-27,98.495,98.495,98.49,98.49,0.045000000000001705,19818,317250
2013-09-30,98.515,98.515,98.515,98.515,0.025000000000005684,19033,281547
2013-10-01,98.48,98.48,98.48,98.48,-0.03499999999999659,9933,281321
2013-10-02,98.535,98.535,98.535,98.535,0.05499999999999261,19061,286651
2013-10-03,98.545,98.545,98.545,98.545,0.010000000000005116,28464,291210
2013-10-04,98.525,98.525,98.525,98.525,-0.01999999999999602,22447,297979
2013-10-07,98.52,98.52,98.52,98.52,-0.005000000000009663,19871,300401
2013-10-08,98.525,98.525,98.525,98.525,0.005000000000009663,49294,302800
2013-10-09,98.555,98.555,98.555,98.555,0.030000000000001137,17723,305897
2013-10-10,98.545,98.545,98.545,98.545,-0.010000000000005116,42822,301471
2013-10-11,98.59,98.59,98.59,98.59,0.045000000000001705,13688,303569
2013-10-14,98.585,98.585,98.585,98.585,-0.005000000000009663,3437,302923
2013-10-15,98.575,98.575,98.575,98.575,-0.009999999999990905,22157,303228
2013-10-16,98.59,98.59,98.59,98.59,0.015000000000000568,27028,300924
2013-10-17,98.67,98.67,98.67,98.67,0.0799999999999983,18998,304369
2013-10-18,98.67,98.67,98.67,98.67,0,12195,306461
2013-10-21,98.635,98.635,98.635,98.635,-0.03499999999999659,11780,303512
2013-10-22,98.725,98.725,98.725,98.725,0.0899999999999892,14183,302330
2013-10-23,98.75,98.75,98.75,98.75,0.025000000000005684,14088,303159
2013-10-24,98.73,98.73,98.73,98.73,-0.01999999999999602,4707,304044
2013-10-25,98.76,98.76,98.76,98.76,0.030000000000001137,9966,305119
2013-10-28,98.77,98.77,98.77,98.77,0.009999999999990905,3550,305398
2013-10-29,98.785,98.785,98.785,98.785,0.015000000000000568,7051,305405
2013-10-30,98.775,98.775,98.775,98.775,-0.009999999999990905,20072,307085
2013-10-31,98.795,98.795,98.795,98.795,0.01999999999999602,23198,274459
2013-11-01,98.72,98.72,98.715,98.715,-0.0799999999999983,10902,276625
2013-11-04,98.72,98.72,98.72,98.72,0.0049999999999954525,6813,278137
2013-11-05,98.72,98.72,98.72,98.72,0,5902,277789
2013-11-06,98.81,98.81,98.81,98.81,0.09000000000000341,18435,278996
2013-11-07,98.86,98.86,98.86,98.86,0.04999999999999716,27055,282524
2013-11-08,98.75,98.75,98.75,98.75,-0.10999999999999943,19824,285493
2013-11-11,98.75,98.75,98.75,98.75,0,6109,285412
2013-11-12,98.71,98.71,98.71,98.71,-0.04000000000000625,16854,283950
2013-11-13,98.775,98.775,98.775,98.775,0.06500000000001194,8918,285869
2013-11-14,98.87,98.87,98.87,98.87,0.09499999999999886,26189,289583
2013-11-15,98.875,98.875,98.875,98.875,0.0049999999999954525,10555,288826
2013-11-18,98.9,98.905,98.9,98.905,0.030000000000001137,9823,289204
2013-11-19,98.885,98.885,98.885,98.885,-0.01999999999999602,8887,292242
2013-11-20,98.905,98.905,98.905,98.905,0.01999999999999602,29546,290087
2013-11-21,98.925,98.925,98.925,98.925,0.01999999999999602,17040,286992
2013-11-22,98.895,98.895,98.895,98.895,-0.030000000000001137,5278,286375
2013-11-25,98.89,98.89,98.89,98.89,-0.0049999999999954525,4854,287299
2013-11-26,98.91,98.91,98.91,98.91,0.01999999999999602,5689,288493
2013-11-27,98.88,98.88,98.88,98.88,-0.030000000000001137,12406,288345
2013-11-29,98.875,98.875,98.875,98.875,-0.0049999999999954525,4853,256547
2013-12-02,98.845,98.845,98.845,98.845,-0.030000000000001137,28270,263541
2013-12-03,98.845,98.845,98.845,98.845,0,14839,264394
2013-12-04,98.8,98.8,98.8,98.8,-0.045000000000001705,28814,271038
2013-12-05,98.78,98.78,98.78,98.78,-0.01999999999999602,17673,271076
2013-12-06,98.77,98.77,98.77,98.77,-0.010000000000005116,17166,274081
2013-12-09,98.77,98.77,98.77,98.77,0,7861,273650
2013-12-10,98.77,98.77,98.77,98.77,0,5974,274535
2013-12-11,98.76,98.76,98.76,98.76,-0.009999999999990905,10095,274634
2013-12-12,98.72,98.72,98.72,98.72,-0.04000000000000625,34659,281666
2013-12-13,98.715,98.715,98.715,98.715,-0.0049999999999954525,9097,282930
2013-12-16,98.685,98.685,98.685,98.685,-0.030000000000001137,7942,283789
2013-12-17,98.735,98.735,98.735,98.735,0.04999999999999716,28533,290761
2013-12-18,98.76,98.76,98.76,98.76,0.025000000000005684,40235,297283
2013-12-19,98.65,98.65,98.65,98.65,-0.10999999999999943,36824,298253
2013-12-20,98.57,98.57,98.57,98.57,-0.0800000000000125,44682,304647
2013-12-23,98.49,98.49,98.49,98.49,-0.0799999999999983,7546,305941
2013-12-24,98.43,98.43,98.43,98.43,-0.05999999999998806,11081,306920
2013-12-26,98.42,98.42,98.42,98.42,-0.010000000000005116,11758,306895
2013-12-27,98.44,98.44,98.44,98.44,0.01999999999999602,11117,306708
2013-12-30,98.47,98.47,98.47,98.47,0.030000000000001137,5547,306689
2013-12-31,98.455,98.455,98.455,98.455,-0.015000000000000568,11073,275330
2014-01-02,98.47,98.47,98.47,98.47,0.015000000000000568,4482,275314
2014-01-03,98.435,98.435,98.435,98.435,-0.03499999999999659,14106,276163
2014-01-06,98.48,98.48,98.48,98.48,0.045000000000001705,13862,277395
2014-01-07,98.505,98.505,98.505,98.505,0.024999999999991473,11873,278090
2014-01-08,98.385,98.385,98.385,98.385,-0.11999999999999034,25667,276879
2014-01-09,98.38,98.38,98.38,98.38,-0.005000000000009663,17461,277156
2014-01-10,98.51,98.51,98.51,98.51,0.13000000000000966,25089,276794
2014-01-13,98.58,98.58,98.58,98.58,0.06999999999999318,18703,279717
2014-01-14,98.51,98.51,98.51,98.51,-0.06999999999999318,10927,278861
2014-01-15,98.455,98.455,98.455,98.455,-0.05500000000000682,17707,279004
2014-01-16,98.465,98.465,98.465,98.465,0.010000000000005116,9782,279055
2014-01-17,98.465,98.465,98.465,98.465,0,15651,280228
2014-01-21,98.47,98.47,98.47,98.47,0.0049999999999954525,11207,279760
2014-01-22,98.405,98.405,98.405,98.405,-0.06499999999999773,12819,280250
2014-01-23,98.535,98.535,98.535,98.535,0.12999999999999545,23710,282291
2014-01-24,98.585,98.585,98.585,98.585,0.04999999999999716,34437,284096
2014-01-27,98.555,98.555,98.555,98.555,-0.029999999999986926,14641,287626
2014-01-28,98.585,98.585,98.585,98.585,0.029999999999986926,16141,291494
2014-01-29,98.655,98.655,98.655,98.655,0.07000000000000739,37015,298209
2014-01-30,98.645,98.645,98.645,98.645,-0.010000000000005116,16069,298517
2014-01-31,98.66,98.66,98.66,98.66,0.015000000000000568,23269,263581
2014-02-03,98.765,98.765,98.765,98.765,0.10500000000000398,42831,269337
2014-02-04,98.75,98.75,98.75,98.75,-0.015000000000000568,16764,273109
2014-02-05,98.735,98.735,98.735,98.735,-0.015000000000000568,26976,278632
2014-02-06,98.71,98.71,98.71,98.71,-0.025000000000005684,21252,283703
2014-02-07,98.79,98.79,98.79,98.79,0.0800000000000125,25892,289795
2014-02-10,98.79,98.79,98.79,98.79,0,16771,291291
2014-02-11,98.735,98.735,98.735,98.735,-0.05500000000000682,11480,293954
2014-02-12,98.68,98.68,98.68,98.68,-0.05499999999999261,22299,295907
2014-02-13,98.71,98.71,98.71,98.71,0.029999999999986926,14970,298841
2014-02-14,98.695,98.695,98.695,98.695,-0.015000000000000568,18439,305816
2014-02-18,98.76,98.76,98.76,98.76,0.06500000000001194,15968,314854
2014-02-19,98.735,98.735,98.735,98.735,-0.025000000000005684,10453,317554
2014-02-20,98.715,98.715,98.715,98.715,-0.01999999999999602,19278,321494
2014-02-21,98.73,98.73,98.73,98.73,0.015000000000000568,9379,322928
2014-02-24,98.715,98.715,98.715,98.715,-0.015000000000000568,3833,321874
2014-02-25,98.725,98.725,98.725,98.725,0.009999999999990905,14629,326188
2014-02-26,98.76,98.76,98.76,98.76,0.0350000000000108,16307,329214
2014-02-27,98.775,98.775,98.775,98.775,0.015000000000000568,10886,331924
2014-02-28,98.755,98.755,98.755,98.755,-0.020000000000010232,22959,288465
2014-03-03,98.79,98.79,98.79,98.79,0.0350000000000108,17673,292474
2014-03-04,98.74,98.74,98.74,98.74,-0.05000000000001137,21094,295231
2014-03-05,98.725,98.725,98.725,98.725,-0.015000000000000568,9668,295803
2014-03-06,98.705,98.705,98.705,98.705,-0.01999999999999602,19925,297442
2014-03-07,98.62,98.62,98.62,98.62,-0.08499999999999375,28604,296978
2014-03-10,98.625,98.625,98.625,98.625,0.0049999999999954525,15571,296089
2014-03-11,98.635,98.635,98.635,98.635,0.010000000000005116,15849,298102
2014-03-12,98.67,98.67,98.645,98.645,0.009999999999990905,18813,298693
2014-03-13,98.725,98.725,98.725,98.725,0.0799999999999983,26027,303696
2014-03-14,98.745,98.745,98.745,98.745,0.020000000000010232,20491,308574
2014-03-17,98.69,98.69,98.69,98.69,-0.05500000000000682,17023,314277
2014-03-18,98.705,98.705,98.705,98.705,0.015000000000000568,19349,318024
2014-03-19,98.5,98.5,98.5,98.5,-0.2049999999999983,55378,323347
2014-03-20,98.425,98.46,98.425,98.46,-0.04000000000000625,38504,331031
2014-03-21,98.475,98.475,98.44,98.44,-0.01999999999999602,15299,333838
2014-03-24,98.39,98.39,98.39,98.39,-0.04999999999999716,27664,334544
2014-03-25,98.4,98.4,98.4,98.4,0.010000000000005116,23869,335742
2014-03-26,98.44,98.44,98.44,98.44,0.03999999999999204,27903,336570
2014-03-27,98.43,98.43,98.43,98.43,-0.009999999999990905,18177,337799
2014-03-28,98.395,98.395,98.395,98.395,-0.0350000000000108,12911,339682
2014-03-31,98.425,98.425,98.425,98.425,0.030000000000001137,20726,290022
2014-04-01,98.425,98.425,98.425,98.425,0,12260,291999
2014-04-02,98.36,98.36,98.355,98.355,-0.06999999999999318,15742,291680
2014-04-03,98.355,98.355,98.355,98.355,0,17603,297726
2014-04-04,98.435,98.435,98.435,98.435,0.0799999999999983,34681,300806
2014-04-07,98.485,98.485,98.485,98.485,0.04999999999999716,23179,306485
2014-04-08,98.48,98.48,98.48,98.48,-0.0049999999999954525,21078,310870
2014-04-09,98.545,98.545,98.545,98.545,0.06499999999999773,40604,311908
2014-04-10,98.605,98.625,98.555,98.625,0.0799999999999983,36068,313977
2014-04-11,98.645,98.645,98.625,98.625,0,10790,316438
2014-04-14,98.6,98.6,98.6,98.6,-0.025000000000005684,10236,319061
2014-04-15,98.555,98.555,98.555,98.555,-0.044999999999987494,17331,324094
2014-04-16,98.505,98.505,98.505,98.505,-0.05000000000001137,17137,329975
2014-04-17,98.445,98.445,98.445,98.445,-0.060000000000002274,17706,330608
2014-04-21,98.45,98.45,98.45,98.45,0.005000000000009663,15244,339032
2014-04-22,98.41,98.41,98.41,98.41,-0.04000000000000625,19715,340477
2014-04-23,98.45,98.45,98.45,98.45,0.04000000000000625,24470,345552
2014-04-24,98.445,98.445,98.445,98.445,-0.005000000000009663,29458,351569
2014-04-25,98.495,98.495,98.46,98.46,0.015000000000000568,16956,354632
2014-04-28,98.475,98.475,98.475,98.475,0.015000000000000568,11060,359874
2014-04-29,98.455,98.455,98.455,98.455,-0.01999999999999602,18807,358404
2014-04-30,98.525,98.525,98.525,98.525,0.07000000000000739,40757,315133
2014-05-01,98.545,98.545,98.545,98.545,0.01999999999999602,12958,318288
2014-05-02,98.485,98.485,98.485,98.485,-0.060000000000002274,38294,321181
2014-05-05,98.485,98.485,98.485,98.485,0,5205,321994
2014-05-06,98.485,98.485,98.485,98.485,0,5314,324337
2014-05-07,98.515,98.515,98.515,98.515,0.030000000000001137,40574,328511
2014-05-08,98.57,98.57,98.57,98.57,0.05499999999999261,19190,328883
2014-05-09,98.575,98.575,98.575,98.575,0.005000000000009663,18680,335568
2014-05-12,98.545,98.545,98.545,98.545,-0.030000000000001137,8429,336606
2014-05-13,98.56,98.56,98.56,98.56,0.015000000000000568,15751,339695
2014-05-14,98.635,98.635,98.635,98.635,0.07500000000000284,27476,344021
2014-05-15,98.66,98.66,98.66,98.66,0.024999999999991473,22869,350069
2014-05-16,98.655,98.655,98.655,98.655,-0.0049999999999954525,14336,353175
2014-05-19,98.68,98.68,98.68,98.68,0.025000000000005684,19804,359268
2014-05-20,98.735,98.735,98.735,98.735,0.05499999999999261,21425,361265
2014-05-21,98.73,98.73,98.73,98.73,-0.0049999999999954525,26906,363449
2014-05-22,98.71,98.71,98.71,98.71,-0.020000000000010232,13435,365529
2014-05-23,98.715,98.715,98.715,98.715,0.005000000000009663,9374,365627
2014-05-27,98.725,98.725,98.725,98.725,0.009999999999990905,9449,367374
2014-05-28,98.8,98.8,98.8,98.8,0.07500000000000284,21784,369372
2014-05-29,98.785,98.785,98.785,98.785,-0.015000000000000568,20686,371789
2014-05-30,98.76,98.76,98.76,98.76,-0.024999999999991473,16470,344068
2014-06-02,98.695,98.695,98.695,98.695,-0.06500000000001194,17534,345669
2014-06-03,98.66,98.66,98.66,98.66,-0.03499999999999659,14721,345693
2014-06-04,98.655,98.655,98.655,98.655,-0.0049999999999954525,38457,355161
2014-06-05,98.685,98.685,98.685,98.685,0.030000000000001137,37156,362135
2014-06-06,98.64,98.64,98.64,98.64,-0.045000000000001705,36315,367963
2014-06-09,98.59,98.59,98.59,98.59,-0.04999999999999716,21298,370215
2014-06-10,98.555,98.555,98.555,98.555,-0.03499999999999659,25204,372779
2014-06-11,98.565,98.565,98.565,98.565,0.009999999999990905,17224,375207
2014-06-12,98.605,98.605,98.605,98.605,0.04000000000000625,46564,385517
2014-06-13,98.575,98.575,98.575,98.575,-0.030000000000001137,39439,391316
2014-06-16,98.555,98.555,98.555,98.555,-0.01999999999999602,25175,396991
2014-06-17,98.505,98.505,98.505,98.505,-0.05000000000001137,40685,403606
2014-06-18,98.505,98.505,98.505,98.505,0,49849,407343
2014-06-19,98.535,98.535,98.535,98.535,0.030000000000001137,30370,409219
2014-06-20,98.535,98.535,98.535,98.535,0,17083,409600
2014-06-23,98.535,98.535,98.535,98.535,0,15707,413498
2014-06-24,98.555,98.555,98.525,98.54,0.005000000000009663,18531,417521
2014-06-25,98.575,98.575,98.575,98.575,0.03499999999999659,20051,418926
2014-06-26,98.63,98.63,98.63,98.63,0.05499999999999261,29037,427520
2014-06-27,98.65,98.65,98.65,98.65,0.020000000000010232,19969,432428
2014-06-30,98.67,98.67,98.67,98.67,0.01999999999999602,14516,405024
2014-07-01,98.635,98.635,98.635,98.635,-0.03499999999999659,28852,411799
2014-07-02,98.625,98.625,98.575,98.575,-0.060000000000002274,32156,416102
2014-07-03,98.525,98.525,98.525,98.525,-0.04999999999999716,33417,416272
2014-07-07,98.51,98.51,98.51,98.51,-0.015000000000000568,25980,415049
2014-07-08,98.54,98.54,98.54,98.54,0.030000000000001137,20936,415535
2014-07-09,98.58,98.58,98.58,98.58,0.03999999999999204,81747,428902
2014-07-10,98.63,98.63,98.63,98.63,0.04999999999999716,103751,435669
2014-07-11,98.655,98.655,98.655,98.655,0.025000000000005684,60085,438493
2014-07-14,98.625,98.625,98.625,98.625,-0.030000000000001137,16054,442196
2014-07-15,98.57,98.57,98.57,98.57,-0.05500000000000682,34874,444459
2014-07-16,98.555,98.555,98.545,98.545,-0.024999999999991473,19589,445921
2014-07-17,98.575,98.575,98.575,98.575,0.030000000000001137,25526,444121
2014-07-18,98.555,98.555,98.555,98.555,-0.01999999999999602,23639,448564
2014-07-21,98.525,98.525,98.525,98.525,-0.030000000000001137,10748,448898
2014-07-22,98.54,98.54,98.54,98.54,0.015000000000000568,22153,451694
2014-07-23,98.57,98.57,98.57,98.57,0.029999999999986926,12442,452139
2014-07-24,98.52,98.52,98.52,98.52,-0.04999999999999716,21109,453908
2014-07-25,98.535,98.535,98.535,98.535,0.015000000000000568,14571,456558
2014-07-28,98.5,98.5,98.5,98.5,-0.03499999999999659,15299,457383
2014-07-29,98.515,98.515,98.5,98.5,0,27345,464212
2014-07-30,98.47,98.47,98.47,98.47,-0.030000000000001137,66008,470252
2014-07-31,98.475,98.475,98.475,98.475,0.0049999999999954525,49831,432613
2014-08-01,98.555,98.59,98.555,98.575,0.10000000000000853,63224,443237
2014-08-04,98.6,98.63,98.6,98.61,0.03499999999999659,31049,451985
2014-08-05,98.61,98.61,98.575,98.605,-0.0049999999999954525,34239,459492
2014-08-06,98.63,98.63,98.6,98.61,0.0049999999999954525,38879,469973
2014-08-07,98.655,98.655,98.655,98.655,0.045000000000001705,34886,475104
2014-08-08,98.64,98.64,98.64,98.64,-0.015000000000000568,35815,479266
2014-08-11,98.635,98.635,98.635,98.635,-0.0049999999999954525,12983,482791
2014-08-12,98.65,98.655,98.65,98.65,0.015000000000000568,31051,492083
2014-08-13,98.705,98.705,98.705,98.705,0.05499999999999261,46480,501909
2014-08-14,98.705,98.705,98.705,98.705,0,73626,524355
2014-08-15,98.695,98.76,98.695,98.735,0.030000000000001137,39391,526408
2014-08-18,98.69,98.705,98.69,98.705,-0.030000000000001137,19087,528427
2014-08-19,98.695,98.695,98.695,98.695,-0.010000000000005116,14666,528137
2014-08-20,98.64,98.64,98.64,98.64,-0.05499999999999261,26687,533078
2014-08-21,98.65,98.66,98.645,98.655,0.015000000000000568,31524,536036
2014-08-22,98.63,98.63,98.625,98.625,-0.030000000000001137,55536,547509
2014-08-25,98.605,98.605,98.6,98.6,-0.025000000000005684,37495,551033
2014-08-26,98.585,98.6,98.585,98.6,0,72737,541629
2014-08-27,98.61,98.62,98.61,98.61,0.010000000000005116,46944,541631
2014-08-28,98.64,98.64,98.625,98.625,0.015000000000000568,18613,541701
2014-08-29,98.635,98.645,98.635,98.635,0.010000000000005116,18826,512295
2014-09-02,98.625,98.625,98.595,98.595,-0.04000000000000625,29755,511290
2014-09-03,98.58,98.595,98.58,98.595,0,37948,515010
2014-09-04,98.59,98.59,98.585,98.585,-0.010000000000005116,32844,519811
2014-09-05,98.58,98.66,98.58,98.62,0.0350000000000108,43843,522682
2014-09-08,98.58,98.58,98.58,98.58,-0.04000000000000625,38553,529383
2014-09-09,98.545,98.545,98.545,98.545,-0.03499999999999659,30634,523266
2014-09-10,98.525,98.53,98.52,98.53,-0.015000000000000568,33816,524461
2014-09-11,98.52,98.52,98.52,98.52,-0.010000000000005116,38612,527486
2014-09-12,98.495,98.51,98.49,98.51,-0.009999999999990905,37527,535158
2014-09-15,98.525,98.525,98.525,98.525,0.015000000000000568,52042,546608
2014-09-16,98.54,98.56,98.535,98.555,0.030000000000001137,57896,557935
2014-09-17,98.55,98.55,98.495,98.51,-0.045000000000001705,83082,570836
2014-09-18,98.445,98.475,98.44,98.475,-0.0350000000000108,43441,572371
2014-09-19,98.475,98.475,98.47,98.475,0,37100,579913
2014-09-22,98.485,98.52,98.485,98.51,0.0350000000000108,33829,582403
2014-09-23,98.52,98.53,98.515,98.525,0.015000000000000568,23422,583182
2014-09-24,98.525,98.525,98.505,98.505,-0.020000000000010232,31193,588632
2014-09-25,98.51,98.535,98.51,98.535,0.030000000000001137,78274,593343
2014-09-26,98.55,98.55,98.48,98.48,-0.05499999999999261,40996,596178
2014-09-29,98.485,98.485,98.485,98.485,0.0049999999999954525,22866,593987
2014-09-30,98.47,98.48,98.465,98.475,-0.010000000000005116,35080,561259
2014-10-01,98.51,98.585,98.51,98.54,0.06500000000001194,70023,569262
2014-10-02,98.585,98.59,98.54,98.54,0,49484,571680
2014-10-03,98.495,98.505,98.495,98.505,-0.0350000000000108,55756,576552
2014-10-06,98.545,98.545,98.535,98.535,0.030000000000001137,35009,583923
2014-10-07,98.56,98.63,98.56,98.615,0.0799999999999983,53176,588877
2014-10-08,98.63,98.735,98.63,98.715,0.10000000000000853,79402,595125
2014-10-09,98.745,98.745,98.715,98.715,0,82212,611703
2014-10-10,98.75,98.765,98.75,98.75,0.03499999999999659,41957,615551
2014-10-13,98.825,98.845,98.825,98.845,0.09499999999999886,20322,614916
2014-10-14,98.845,98.91,98.845,98.87,0.025000000000005684,55383,618670
2014-10-15,99.02,99.175,99.02,99.055,0.18500000000000227,95546,621230
2014-10-16,99.08,99.155,98.99,99.025,-0.030000000000001137,51103,621861
2014-10-17,99.03,99.03,98.97,98.97,-0.05500000000000682,30020,627112
2014-10-20,98.965,99.005,98.96,99.005,0.03499999999999659,31320,628494
2014-10-21,99.02,99.03,98.98,99.01,0.005000000000009663,32094,632860
2014-10-22,98.98,98.98,98.98,98.98,-0.030000000000001137,32273,634314
2014-10-23,98.935,98.94,98.93,98.94,-0.04000000000000625,31227,638300
2014-10-24,98.96,98.96,98.945,98.945,0.0049999999999954525,35481,647113
2014-10-27,98.945,98.965,98.945,98.955,0.010000000000005116,25081,655092
2014-10-28,98.965,98.965,98.945,98.945,-0.010000000000005116,24913,659176
2014-10-29,98.945,98.945,98.835,98.845,-0.09999999999999432,84787,675861
2014-10-30,98.845,98.86,98.845,98.86,0.015000000000000568,39823,680445
2014-10-31,98.86,98.86,98.815,98.825,-0.03499999999999659,49267,659219
2014-11-03,98.835,98.835,98.79,98.805,-0.01999999999999602,26584,657080
2014-11-04,98.805,98.805,98.805,98.805,0,16330,661079
2014-11-05,98.785,98.785,98.785,98.785,-0.020000000000010232,43780,665809
2014-11-06,98.785,98.785,98.745,98.76,-0.024999999999991473,40396,674628
2014-11-07,98.74,98.835,98.74,98.83,0.06999999999999318,62380,686988
2014-11-10,98.855,98.855,98.78,98.79,-0.03999999999999204,20065,688877
2014-11-11,98.78,98.78,98.78,98.78,-0.010000000000005116,3969,688001
2014-11-12,98.795,98.795,98.785,98.785,0.0049999999999954525,83413,695697
2014-11-13,98.795,98.805,98.795,98.805,0.020000000000010232,31752,700431
2014-11-14,98.805,98.825,98.805,98.82,0.014999999999986358,39258,706617
2014-11-17,98.845,98.845,98.84,98.84,0.020000000000010232,37402,710738
2014-11-18,98.845,98.845,98.845,98.845,0.0049999999999954525,26247,712743
2014-11-19,98.86,98.86,98.8,98.825,-0.01999999999999602,66327,714915
2014-11-20,98.83,98.845,98.83,98.845,0.01999999999999602,40731,721354
2014-11-21,98.83,98.85,98.83,98.85,0.0049999999999954525,27582,728882
2014-11-24,98.84,98.855,98.84,98.855,0.005000000000009663,16397,731009
2014-11-25,98.855,98.875,98.855,98.875,0.01999999999999602,44129,732393
2014-11-26,98.88,98.895,98.88,98.885,0.010000000000005116,21079,735530
2014-11-28,98.91,98.93,98.91,98.93,0.045000000000001705,9886,694178
2014-12-01,98.97,98.975,98.925,98.925,-0.005000000000009663,41353,693725
2014-12-02,98.905,98.905,98.855,98.865,-0.060000000000002274,56898,698240
2014-12-03,98.84,98.845,98.815,98.83,-0.03499999999999659,39522,698254
2014-12-04,98.83,98.845,98.83,98.845,0.015000000000000568,24657,696975
2014-12-05,98.705,98.725,98.68,98.7,-0.14499999999999602,102659,704490
2014-12-08,98.675,98.71,98.67,98.7,0,35664,708939
2014-12-09,98.715,98.75,98.715,98.725,0.024999999999991473,77947,711164
2014-12-10,98.73,98.79,98.73,98.79,0.06500000000001194,35629,718083
2014-12-11,98.81,98.81,98.75,98.77,-0.020000000000010232,52718,723954
2014-12-12,98.795,98.88,98.795,98.85,0.0799999999999983,67151,731673
2014-12-15,98.82,98.82,98.8,98.81,-0.03999999999999204,27397,732453
2014-12-16,98.825,98.97,98.825,98.865,0.05499999999999261,79790,745558
2014-12-17,98.87,98.91,98.78,98.78,-0.08499999999999375,148029,742745
2014-12-18,98.78,98.795,98.725,98.755,-0.025000000000005684,95922,739499
2014-12-19,98.74,98.765,98.725,98.73,-0.024999999999991473,53253,737589
2014-12-22,98.72,98.72,98.705,98.71,-0.020000000000010232,52659,739765
2014-12-23,98.705,98.71,98.645,98.66,-0.04999999999999716,38991,740845
2014-12-24,98.67,98.675,98.64,98.65,-0.009999999999990905,10520,740027
2014-12-26,98.66,98.66,98.64,98.645,-0.005000000000009663,8620,740344
2014-12-29,98.65,98.71,98.65,98.695,0.04999999999999716,40733,748542
2014-12-30,98.715,98.715,98.71,98.71,0.015000000000000568,17634,749504
2014-12-31,98.725,98.735,98.725,98.725,0.015000000000000568,19943,685109
2015-01-02,98.695,98.755,98.695,98.755,0.030000000000001137,36883,687740
2015-01-05,98.73,98.765,98.73,98.755,0,37362,684788
2015-01-06,98.785,98.885,98.785,98.81,0.05500000000000682,68469,683792
2015-01-07,98.84,98.845,98.8,98.83,0.01999999999999602,59313,690939
2015-01-08,98.82,98.845,98.815,98.84,0.010000000000005116,64948,701711
2015-01-09,98.84,98.93,98.835,98.905,0.06499999999999773,105334,710736
2015-01-12,98.915,98.965,98.915,98.955,0.04999999999999716,38380,716459
2015-01-13,98.97,99,98.955,98.995,0.04000000000000625,58681,726402
2015-01-14,99.03,99.14,99.025,99.06,0.06499999999999773,83506,728572
2015-01-15,99.02,99.155,99.01,99.135,0.07500000000000284,76271,731075
2015-01-16,99.175,99.175,99.075,99.09,-0.045000000000001705,71272,730182
2015-01-20,99.105,99.105,99.05,99.065,-0.025000000000005684,66563,732631
2015-01-21,99.045,99.085,99.035,99.045,-0.01999999999999602,59363,739565
2015-01-22,99.025,99.065,99,99.005,-0.04000000000000625,37433,729654
2015-01-23,99.045,99.06,99.02,99.025,0.020000000000010232,39796,732434
2015-01-26,99.055,99.055,99,99.005,-0.020000000000010232,42620,733993
2015-01-27,99.015,99.055,99.01,99.02,0.015000000000000568,45354,735711
2015-01-28,99.025,99.1,99.015,99.075,0.05500000000000682,57133,740352
2015-01-29,99.07,99.07,99.045,99.07,-0.005000000000009663,34220,737591
2015-01-30,99.075,99.145,99.075,99.13,0.060000000000002274,66904,690966
2015-02-02,99.145,99.16,99.135,99.145,0.015000000000000568,42455,696441
2015-02-03,99.15,99.15,99.06,99.075,-0.06999999999999318,61320,700393
2015-02-04,99.055,99.1,99.025,99.065,-0.010000000000005116,55078,702948
2015-02-05,99.105,99.11,99.045,99.055,-0.009999999999990905,35542,706138
2015-02-06,99.065,99.065,98.855,98.88,-0.17500000000001137,165677,704581
2015-02-09,98.89,98.92,98.83,98.865,-0.015000000000000568,74473,695026
2015-02-10,98.835,98.845,98.815,98.835,-0.030000000000001137,37361,689876
2015-02-11,98.85,98.86,98.815,98.84,0.005000000000009663,45588,681686
2015-02-12,98.83,98.885,98.805,98.875,0.03499999999999659,54771,682153
2015-02-13,98.885,98.885,98.86,98.87,-0.0049999999999954525,23750,681863
2015-02-17,98.85,98.885,98.785,98.82,-0.05000000000001137,53498,679680
2015-02-18,98.845,98.93,98.805,98.9,0.0800000000000125,42603,683294
2015-02-19,98.925,98.93,98.875,98.885,-0.015000000000000568,39532,679490
2015-02-20,98.89,98.93,98.855,98.86,-0.025000000000005684,54021,681620
2015-02-23,98.865,98.9,98.85,98.885,0.025000000000005684,40024,694830
2015-02-24,98.88,98.975,98.87,98.965,0.0799999999999983,109965,698711
2015-02-25,98.96,98.975,98.955,98.955,-0.010000000000005116,61213,702817
2015-02-26,98.975,98.98,98.91,98.915,-0.03999999999999204,80200,711884
2015-02-27,98.895,98.945,98.895,98.935,0.01999999999999602,43663,648903
2015-03-02,98.935,98.935,98.88,98.89,-0.045000000000001705,44260,656516
2015-03-03,98.88,98.89,98.86,98.87,-0.01999999999999602,28054,659157
2015-03-04,98.87,98.895,98.865,98.88,0.009999999999990905,34281,665195
2015-03-05,98.885,98.92,98.885,98.91,0.030000000000001137,39961,670072
2015-03-06,98.91,98.96,98.795,98.8,-0.10999999999999943,171126,693109
2015-03-09,98.79,98.84,98.785,98.825,0.025000000000005684,80107,712185
2015-03-10,98.83,98.865,98.83,98.845,0.01999999999999602,88038,723522
2015-03-11,98.86,98.86,98.825,98.845,0,82969,728513
2015-03-12,98.85,98.9,98.85,98.885,0.04000000000000625,82094,731374
2015-03-13,98.88,98.915,98.875,98.89,0.0049999999999954525,54875,741948
2015-03-16,98.9,98.925,98.895,98.91,0.01999999999999602,59452,758107
2015-03-17,98.925,98.93,98.9,98.9,-0.009999999999990905,68288,761833
2015-03-18,98.895,99.095,98.895,99.055,0.15500000000000114,133230,767800
2015-03-19,99.095,99.1,98.99,99.005,-0.05000000000001137,164314,754874
2015-03-20,99.02,99.06,99.015,99.045,0.04000000000000625,39937,757216
2015-03-23,99.055,99.065,99.04,99.045,0,39906,751154
2015-03-24,99.065,99.085,99.055,99.075,0.030000000000001137,45699,749830
2015-03-25,99.09,99.115,99.055,99.07,-0.005000000000009663,47400,753642
2015-03-26,99.06,99.075,99.025,99.045,-0.024999999999991473,35774,755363
2015-03-27,99.055,99.1,99.045,99.095,0.04999999999999716,63905,767717
2015-03-30,99.09,99.11,99.08,99.1,0.0049999999999954525,32767,771131
2015-03-31,99.11,99.135,99.11,99.125,0.025000000000005684,43954,697921
2015-04-01,99.115,99.165,99.115,99.155,0.030000000000001137,39552,700447
2015-04-02,99.165,99.18,99.145,99.155,0,45496,708453
2015-04-03,99.16,99.24,99.16,99.23,0.07500000000000284,55642,716148
2015-04-06,99.22,99.23,99.21,99.215,-0.015000000000000568,28115,717062
2015-04-07,99.205,99.205,99.19,99.195,-0.020000000000010232,44326,716978
2015-04-08,99.165,99.19,99.165,99.19,-0.0049999999999954525,85936,727172
2015-04-09,99.185,99.195,99.16,99.165,-0.024999999999991473,27810,730743
2015-04-10,99.16,99.165,99.15,99.15,-0.015000000000000568,25045,735466
2015-04-13,99.15,99.185,99.15,99.17,0.01999999999999602,44393,736854
2015-04-14,99.185,99.23,99.175,99.2,0.030000000000001137,81647,749700
2015-04-15,99.215,99.225,99.21,99.22,0.01999999999999602,38434,752682
2015-04-16,99.225,99.25,99.215,99.25,0.030000000000001137,54636,761247
2015-04-17,99.28,99.28,99.23,99.23,-0.01999999999999602,61415,765149
2015-04-20,99.22,99.24,99.19,99.2,-0.030000000000001137,44146,769892
2015-04-21,99.22,99.22,99.17,99.195,-0.005000000000009663,37991,769859
2015-04-22,99.2,99.2,99.17,99.18,-0.014999999999986358,42867,777606
2015-04-23,99.175,99.195,99.175,99.195,0.014999999999986358,21788,779588
2015-04-24,99.195,99.235,99.195,99.235,0.04000000000000625,47511,794923
2015-04-27,99.24,99.24,99.215,99.23,-0.0049999999999954525,20421,797813
2015-04-28,99.21,99.215,99.2,99.215,-0.015000000000000568,30975,803472
2015-04-29,99.21,99.22,99.185,99.205,-0.010000000000005116,83972,803333
2015-04-30,99.21,99.21,99.15,99.185,-0.01999999999999602,148637,765065
2015-05-01,99.17,99.175,99.14,99.145,-0.04000000000000625,64915,764314
2015-05-04,99.145,99.165,99.145,99.15,0.005000000000009663,13944,764114
2015-05-05,99.145,99.17,99.105,99.125,-0.025000000000005684,29624,767617
2015-05-06,99.105,99.13,99.085,99.105,-0.01999999999999602,66579,784839
2015-05-07,99.1,99.12,99.075,99.105,0,43960,790763
2015-05-08,99.095,99.19,99.08,99.17,0.06499999999999773,145356,801815
2015-05-11,99.165,99.17,99.13,99.13,-0.04000000000000625,49050,805266
2015-05-12,99.12,99.15,99.095,99.14,0.010000000000005116,37334,807262
2015-05-13,99.145,99.195,99.135,99.18,0.04000000000000625,57632,818319
2015-05-14,99.2,99.23,99.2,99.23,0.04999999999999716,70345,834996
2015-05-15,99.235,99.255,99.23,99.24,0.009999999999990905,61162,849798
2015-05-18,99.245,99.245,99.205,99.21,-0.030000000000001137,24681,849365
2015-05-19,99.2,99.215,99.165,99.17,-0.03999999999999204,50756,848963
2015-05-20,99.155,99.2,99.155,99.195,0.024999999999991473,61003,856130
2015-05-21,99.2,99.215,99.2,99.21,0.015000000000000568,48693,857955
2015-05-22,99.21,99.22,99.155,99.17,-0.03999999999999204,76562,861885
2015-05-26,99.15,99.175,99.14,99.175,0.0049999999999954525,62251,854237
2015-05-27,99.155,99.17,99.15,99.17,-0.0049999999999954525,37201,846894
2015-05-28,99.175,99.195,99.175,99.195,0.024999999999991473,43566,859611
2015-05-29,99.19,99.22,99.19,99.22,0.025000000000005684,46516,762858
2015-06-01,99.195,99.225,99.17,99.175,-0.045000000000001705,34804,772500
2015-06-02,99.16,99.17,99.155,99.17,-0.0049999999999954525,58431,781020
2015-06-03,99.17,99.17,99.135,99.15,-0.01999999999999602,37113,791525
2015-06-04,99.15,99.18,99.135,99.16,0.009999999999990905,58525,803274
2015-06-05,99.175,99.175,99.075,99.1,-0.060000000000002274,129475,815463
2015-06-08,99.095,99.135,99.095,99.13,0.030000000000001137,27351,816936
2015-06-09,99.135,99.135,99.09,99.1,-0.030000000000001137,39761,817282
2015-06-10,99.08,99.08,99.07,99.075,-0.024999999999991473,46141,824184
2015-06-11,99.07,99.085,99.05,99.085,0.009999999999990905,74905,833419
2015-06-12,99.08,99.095,99.07,99.085,0,82457,847376
2015-06-15,99.11,99.145,99.105,99.115,0.030000000000001137,70725,858499
2015-06-16,99.11,99.135,99.105,99.13,0.015000000000000568,67126,868620
2015-06-17,99.12,99.19,99.09,99.17,0.04000000000000625,237217,879460
2015-06-18,99.215,99.225,99.185,99.19,0.01999999999999602,150707,859739
2015-06-19,99.215,99.245,99.205,99.235,0.045000000000001705,68095,868992
2015-06-22,99.22,99.225,99.205,99.22,-0.015000000000000568,47009,873219
2015-06-23,99.205,99.205,99.19,99.195,-0.025000000000005684,47215,871840
2015-06-24,99.195,99.22,99.195,99.215,0.020000000000010232,46515,882215
2015-06-25,99.215,99.215,99.195,99.21,-0.005000000000009663,53003,897215
2015-06-26,99.21,99.21,99.175,99.18,-0.029999999999986926,44865,896960
2015-06-29,99.28,99.295,99.23,99.25,0.06999999999999318,140231,904485
2015-06-30,99.225,99.255,99.225,99.24,-0.010000000000005116,63854,839896
2015-07-01,99.22,99.22,99.19,99.2,-0.03999999999999204,55650,843416
2015-07-02,99.185,99.255,99.18,99.245,0.045000000000001705,156769,841882
2015-07-06,99.315,99.32,99.265,99.3,0.05499999999999261,88271,855476
2015-07-07,99.295,99.35,99.29,99.33,0.030000000000001137,74249,866553
2015-07-08,99.335,99.365,99.32,99.365,0.03499999999999659,73807,880779
2015-07-09,99.34,99.345,99.325,99.335,-0.030000000000001137,101108,895318
2015-07-10,99.3,99.3,99.25,99.255,-0.0799999999999983,96440,886595
2015-07-13,99.24,99.275,99.225,99.245,-0.009999999999990905,55978,887288
2015-07-14,99.235,99.28,99.23,99.27,0.024999999999991473,60814,889222
2015-07-15,99.27,99.29,99.24,99.285,0.015000000000000568,98153,904283
2015-07-16,99.24,99.25,99.235,99.25,-0.03499999999999659,93681,896302
2015-07-17,99.245,99.245,99.22,99.225,-0.025000000000005684,42809,898474
2015-07-20,99.205,99.21,99.18,99.19,-0.03499999999999659,46529,892012
2015-07-21,99.19,99.215,99.175,99.205,0.015000000000000568,40886,888107
2015-07-22,99.21,99.21,99.185,99.19,-0.015000000000000568,35111,890140
2015-07-23,99.205,99.21,99.18,99.21,0.01999999999999602,25893,891618
2015-07-24,99.215,99.25,99.205,99.225,0.015000000000000568,41750,892493
2015-07-27,99.235,99.265,99.23,99.26,0.0350000000000108,58724,896370
2015-07-28,99.265,99.265,99.24,99.255,-0.005000000000009663,66202,903332
2015-07-29,99.245,99.25,99.235,99.245,-0.009999999999990905,143363,909046
2015-07-30,99.22,99.22,99.185,99.21,-0.0350000000000108,111329,906604
2015-07-31,99.19,99.29,99.19,99.265,0.05500000000000682,163189,789022
2015-08-03,99.26,99.29,99.26,99.28,0.015000000000000568,40950,791986
2015-08-04,99.28,99.285,99.215,99.22,-0.060000000000002274,77426,796935
2015-08-05,99.2,99.225,99.18,99.21,-0.010000000000005116,136213,817842
2015-08-06,99.215,99.245,99.21,99.23,0.020000000000010232,93380,821156
2015-08-07,99.23,99.245,99.19,99.21,-0.020000000000010232,152347,838354
2015-08-10,99.195,99.22,99.195,99.205,-0.0049999999999954525,67296,844608
2015-08-11,99.21,99.28,99.21,99.265,0.060000000000002274,156345,877169
2015-08-12,99.27,99.335,99.27,99.285,0.01999999999999602,169300,883640
2015-08-13,99.28,99.29,99.245,99.25,-0.03499999999999659,81218,874832
2015-08-14,99.24,99.255,99.225,99.235,-0.015000000000000568,86170,861614
2015-08-17,99.24,99.265,99.235,99.26,0.025000000000005684,66457,860065
2015-08-18,99.265,99.265,99.245,99.255,-0.005000000000009663,38342,860904
2015-08-19,99.255,99.33,99.25,99.315,0.060000000000002274,157444,854341
2015-08-20,99.31,99.33,99.305,99.315,0,104344,861394
2015-08-21,99.345,99.38,99.34,99.365,0.04999999999999716,158009,886446
2015-08-24,99.395,99.495,99.385,99.46,0.09499999999999886,233853,872666
2015-08-25,99.44,99.445,99.405,99.41,-0.04999999999999716,134898,892199
2015-08-26,99.445,99.465,99.4,99.44,0.030000000000001137,182899,914416
2015-08-27,99.45,99.45,99.4,99.43,-0.009999999999990905,131861,930641
2015-08-28,99.42,99.43,99.365,99.375,-0.05500000000000682,178864,940038
2015-08-31,99.365,99.385,99.355,99.36,-0.015000000000000568,65369,805010
2015-09-01,99.385,99.415,99.375,99.405,0.045000000000001705,117573,820522
2015-09-02,99.4,99.415,99.39,99.41,0.0049999999999954525,119891,820948
2015-09-03,99.415,99.425,99.4,99.41,0,126641,818917
2015-09-04,99.42,99.48,99.375,99.415,0.005000000000009663,179825,821113
2015-09-08,99.405,99.405,99.385,99.395,-0.020000000000010232,113389,834541
2015-09-09,99.385,99.4,99.37,99.385,-0.009999999999990905,101830,844950
2015-09-10,99.39,99.4,99.375,99.385,0,124918,865010
2015-09-11,99.38,99.4,99.375,99.4,0.015000000000000568,100371,895369
2015-09-14,99.395,99.405,99.39,99.395,-0.005000000000009663,138290,933744
2015-09-15,99.39,99.4,99.335,99.345,-0.04999999999999716,277987,944844
2015-09-16,99.35,99.365,99.33,99.345,0,211821,971239
2015-09-17,99.355,99.465,99.34,99.445,0.09999999999999432,464557,930880
2015-09-18,99.47,99.49,99.46,99.475,0.030000000000001137,164247,896483
2015-09-21,99.46,99.46,99.45,99.45,-0.024999999999991473,82369,899520
2015-09-22,99.47,99.5,99.47,99.495,0.045000000000001705,168623,890519
2015-09-23,99.5,99.5,99.475,99.485,-0.010000000000005116,46290,885127
2015-09-24,99.48,99.52,99.475,99.5,0.015000000000000568,78879,885006
2015-09-25,99.475,99.495,99.45,99.485,-0.015000000000000568,138523,892191
2015-09-28,99.485,99.51,99.48,99.51,0.025000000000005684,123436,904757
2015-09-29,99.51,99.535,99.5,99.535,0.024999999999991473,72129,914433
2015-09-30,99.51,99.53,99.505,99.52,-0.015000000000000568,63286,831302
2015-10-01,99.525,99.525,99.5,99.505,-0.015000000000000568,94461,843656
2015-10-02,99.5,99.61,99.495,99.58,0.07500000000000284,241295,853305
2015-10-05,99.58,99.58,99.545,99.55,-0.030000000000001137,42634,849863
2015-10-06,99.565,99.565,99.55,99.56,0.010000000000005116,46941,860543
2015-10-07,99.545,99.545,99.53,99.535,-0.025000000000005684,49567,863053
2015-10-08,99.54,99.55,99.505,99.535,0,100059,850394
2015-10-09,99.53,99.54,99.52,99.53,-0.0049999999999954525,54200,849622
2015-10-12,99.525,99.54,99.52,99.53,0,9482,850919
2015-10-13,99.54,99.565,99.54,99.555,0.025000000000005684,133194,902824
2015-10-14,99.57,99.625,99.57,99.62,0.06499999999999773,132671,892787
2015-10-15,99.62,99.62,99.58,99.585,-0.0350000000000108,90169,900181
2015-10-16,99.58,99.58,99.57,99.575,-0.009999999999990905,29032,900105
2015-10-19,99.575,99.595,99.57,99.585,0.009999999999990905,38063,905119
2015-10-20,99.58,99.6,99.565,99.57,-0.015000000000000568,59426,912623
2015-10-21,99.58,99.58,99.57,99.575,0.005000000000009663,36039,914015
2015-10-22,99.58,99.595,99.58,99.59,0.015000000000000568,80349,922357
2015-10-23,99.575,99.575,99.54,99.55,-0.04000000000000625,64244,922672
2015-10-26,99.555,99.56,99.545,99.555,0.005000000000009663,50338,910763
2015-10-27,99.565,99.58,99.555,99.57,0.014999999999986358,68450,926679
2015-10-28,99.56,99.565,99.48,99.495,-0.07499999999998863,179958,920749
2015-10-29,99.485,99.495,99.47,99.47,-0.025000000000005684,108632,913945
2015-10-30,99.475,99.48,99.45,99.47,0,72890,740564
2015-11-02,99.455,99.46,99.45,99.45,-0.01999999999999602,94791,727123
2015-11-03,99.445,99.455,99.44,99.445,-0.005000000000009663,29657,726822
2015-11-04,99.44,99.445,99.405,99.415,-0.029999999999986926,98712,749716
2015-11-05,99.425,99.435,99.415,99.42,0.0049999999999954525,76124,736161
2015-11-06,99.425,99.425,99.3,99.355,-0.06499999999999773,146597,755580
2015-11-09,99.34,99.37,99.34,99.37,0.015000000000000568,61003,758700
2015-11-10,99.375,99.38,99.365,99.38,0.009999999999990905,44512,763010
2015-11-11,99.375,99.375,99.36,99.365,-0.015000000000000568,17440,758841
2015-11-12,99.36,99.38,99.36,99.37,0.005000000000009663,46356,753290
2015-11-13,99.375,99.4,99.37,99.39,0.01999999999999602,42404,758610
2015-11-16,99.42,99.43,99.395,99.405,0.015000000000000568,42368,765748
2015-11-17,99.4,99.405,99.385,99.405,0,84087,782860
2015-11-18,99.4,99.4,99.38,99.395,-0.010000000000005116,77316,776954
2015-11-19,99.395,99.405,99.39,99.4,0.005000000000009663,40590,782574
2015-11-20,99.4,99.4,99.385,99.39,-0.010000000000005116,79406,791484
2015-11-23,99.375,99.375,99.36,99.36,-0.030000000000001137,90832,807820
2015-11-24,99.36,99.375,99.36,99.365,0.0049999999999954525,87919,829394
2015-11-25,99.37,99.37,99.36,99.365,0,71461,842285
2015-11-27,99.365,99.37,99.365,99.37,0.005000000000009663,22268,842011
2015-11-30,99.365,99.365,99.355,99.365,-0.005000000000009663,69225,649246
2015-12-01,99.355,99.385,99.35,99.385,0.020000000000010232,112197,662350
2015-12-02,99.375,99.38,99.35,99.36,-0.025000000000005684,96805,663043
2015-12-03,99.355,99.355,99.335,99.35,-0.010000000000005116,77898,658992
2015-12-04,99.35,99.365,99.32,99.345,-0.0049999999999954525,127506,678014
2015-12-07,99.335,99.345,99.325,99.345,0,63807,676342
2015-12-08,99.345,99.345,99.32,99.325,-0.01999999999999602,93796,676945
2015-12-09,99.33,99.37,99.325,99.365,0.03999999999999204,182064,695828
2015-12-10,99.365,99.365,99.345,99.35,-0.015000000000000568,118081,714165
2015-12-11,99.345,99.42,99.345,99.41,0.060000000000002274,212634,731379
2015-12-14,99.405,99.415,99.4,99.405,-0.0049999999999954525,154175,752024
2015-12-15,99.405,99.41,99.395,99.4,-0.0049999999999954525,142538,769791
2015-12-16,99.4,99.405,99.355,99.365,-0.0350000000000108,355398,769130
2015-12-17,99.365,99.37,99.345,99.36,-0.0049999999999954525,156091,742228
2015-12-18,99.365,99.37,99.35,99.36,0,82280,735217
2015-12-21,99.35,99.355,99.35,99.355,-0.0049999999999954525,37078,731372
2015-12-22,99.35,99.35,99.34,99.345,-0.010000000000005116,33503,729687
2015-12-23,99.345,99.345,99.335,99.34,-0.0049999999999954525,55051,744316
2015-12-24,99.34,99.345,99.325,99.33,-0.010000000000005116,15531,746466
2015-12-28,99.33,99.33,99.325,99.33,0,7185,746763
2015-12-29,99.325,99.325,99.3,99.3,-0.030000000000001137,24551,747871
2015-12-30,99.31,99.31,99.295,99.3,0,32256,742610
2015-12-31,99.31,99.325,99.31,99.32,0.01999999999999602,81028,681401
2016-01-04,99.34,99.345,99.33,99.33,0.010000000000005116,60473,686640
2016-01-05,99.33,99.345,99.33,99.34,0.010000000000005116,51248,690098
2016-01-06,99.345,99.375,99.345,99.375,0.03499999999999659,104861,704857
2016-01-07,99.37,99.415,99.37,99.41,0.03499999999999659,198201,726022
2016-01-08,99.405,99.41,99.36,99.4,-0.009999999999990905,148188,738692
2016-01-11,99.42,99.425,99.385,99.415,0.015000000000000568,107919,741328
2016-01-12,99.41,99.43,99.395,99.425,0.009999999999990905,107596,748561
2016-01-13,99.415,99.435,99.405,99.425,0,111070,761877
2016-01-14,99.435,99.45,99.415,99.44,0.015000000000000568,100391,768022
2016-01-15,99.46,99.515,99.46,99.49,0.04999999999999716,240291,777440
2016-01-19,99.49,99.49,99.455,99.47,-0.01999999999999602,76306,781508
2016-01-20,99.475,99.515,99.47,99.5,0.030000000000001137,152530,814926
2016-01-21,99.495,99.515,99.49,99.505,0.0049999999999954525,125229,807104
2016-01-22,99.5,99.5,99.475,99.48,-0.024999999999991473,89516,805182
2016-01-25,99.475,99.485,99.465,99.48,0,69558,811903
2016-01-26,99.48,99.495,99.475,99.49,0.009999999999990905,64289,819618
2016-01-27,99.49,99.495,99.455,99.49,0,113471,810315
2016-01-28,99.5,99.51,99.49,99.51,0.020000000000010232,131814,829897
2016-01-29,99.515,99.555,99.515,99.535,0.024999999999991473,228760,708886
2016-02-01,99.525,99.54,99.5,99.51,-0.024999999999991473,131618,723226
2016-02-02,99.515,99.555,99.515,99.545,0.03499999999999659,99400,740448
2016-02-03,99.555,99.57,99.53,99.55,0.0049999999999954525,222809,769705
2016-02-04,99.55,99.56,99.545,99.55,0,95205,766833
2016-02-05,99.555,99.555,99.515,99.525,-0.024999999999991473,176256,765032
2016-02-08,99.525,99.6,99.52,99.6,0.07499999999998863,230441,767028
2016-02-09,99.59,99.61,99.59,99.595,-0.0049999999999954525,230727,779818
2016-02-10,99.59,99.595,99.555,99.595,0,143948,774206
2016-02-11,99.595,99.67,99.595,99.63,0.03499999999999659,272409,751330
2016-02-12,99.625,99.63,99.59,99.61,-0.01999999999999602,125904,754851
2016-02-16,99.6,99.61,99.58,99.59,-0.01999999999999602,58144,766270
2016-02-17,99.59,99.59,99.555,99.57,-0.020000000000010232,108336,775413
2016-02-18,99.575,99.59,99.56,99.575,0.005000000000009663,63726,767384
2016-02-19,99.59,99.59,99.555,99.56,-0.015000000000000568,45099,769906
2016-02-22,99.555,99.555,99.54,99.545,-0.015000000000000568,43695,768882
2016-02-23,99.55,99.555,99.535,99.545,0,84144,786174
2016-02-24,99.55,99.575,99.55,99.55,0.0049999999999954525,98699,797200
2016-02-25,99.55,99.565,99.545,99.56,0.010000000000005116,90448,819252
2016-02-26,99.555,99.555,99.515,99.52,-0.04000000000000625,97163,818785
2016-02-29,99.52,99.535,99.505,99.525,0.005000000000009663,105434,724729
2016-03-01,99.535,99.54,99.505,99.51,-0.015000000000000568,93114,725225
2016-03-02,99.505,99.51,99.49,99.505,-0.005000000000009663,139107,741349
2016-03-03,99.51,99.515,99.495,99.515,0.010000000000005116,83377,749202
2016-03-04,99.51,99.515,99.485,99.5,-0.015000000000000568,115524,768908
2016-03-07,99.5,99.5,99.475,99.475,-0.025000000000005684,63474,767334
2016-03-08,99.485,99.495,99.48,99.485,0.010000000000005116,63195,770518
2016-03-09,99.485,99.485,99.465,99.47,-0.015000000000000568,77702,764119
2016-03-10,99.47,99.48,99.46,99.47,0,76943,765790
2016-03-11,99.465,99.465,99.445,99.455,-0.015000000000000568,103811,764608
2016-03-14,99.45,99.455,99.435,99.445,-0.010000000000005116,196708,817329
2016-03-15,99.445,99.45,99.43,99.435,-0.009999999999990905,112881,815626
2016-03-16,99.43,99.515,99.415,99.51,0.07500000000000284,401432,792781
2016-03-17,99.515,99.53,99.49,99.495,-0.015000000000000568,136421,786810
2016-03-18,99.5,99.5,99.49,99.495,0,87558,789814
2016-03-21,99.495,99.495,99.47,99.475,-0.020000000000010232,76185,789744
2016-03-22,99.475,99.49,99.46,99.465,-0.009999999999990905,67176,779098
2016-03-23,99.465,99.485,99.46,99.485,0.01999999999999602,98324,799042
2016-03-24,99.475,99.485,99.465,99.48,-0.0049999999999954525,73021,808376
2016-03-28,99.47,99.485,99.47,99.48,0,35889,808663
2016-03-29,99.485,99.52,99.485,99.515,0.03499999999999659,146651,822071
2016-03-30,99.515,99.54,99.51,99.535,0.01999999999999602,131333,843131
2016-03-31,99.54,99.54,99.53,99.535,0,166614,800048
2016-04-01,99.54,99.54,99.51,99.525,-0.009999999999990905,122814,814921
2016-04-04,99.525,99.54,99.525,99.535,0.009999999999990905,67562,825783
2016-04-05,99.54,99.555,99.535,99.55,0.015000000000000568,109674,855670
2016-04-06,99.55,99.555,99.535,99.545,-0.0049999999999954525,91459,874770
2016-04-07,99.55,99.57,99.545,99.56,0.015000000000000568,114177,896476
2016-04-08,99.565,99.565,99.55,99.555,-0.0049999999999954525,67859,909245
2016-04-11,99.555,99.56,99.55,99.555,0,59778,930803
2016-04-12,99.555,99.555,99.55,99.555,0,41688,935153
2016-04-13,99.55,99.56,99.545,99.555,0,97899,947630
2016-04-14,99.555,99.56,99.55,99.555,0,85337,951832
2016-04-15,99.555,99.565,99.55,99.56,0.0049999999999954525,61771,965136
2016-04-18,99.565,99.57,99.56,99.56,0,88965,985117
2016-04-19,99.565,99.565,99.545,99.55,-0.010000000000005116,110397,1001100
2016-04-20,99.55,99.55,99.535,99.535,-0.015000000000000568,80827,995630
2016-04-21,99.535,99.54,99.53,99.535,0,243085,990813
2016-04-22,99.54,99.54,99.535,99.535,0,54376,981498
2016-04-25,99.535,99.54,99.53,99.535,0,84871,995921
2016-04-26,99.535,99.535,99.53,99.53,-0.0049999999999954525,99318,978589
2016-04-27,99.535,99.55,99.5,99.535,0.0049999999999954525,292871,959525
2016-04-28,99.545,99.555,99.54,99.555,0.020000000000010232,115527,962888
2016-04-29,99.555,99.56,99.545,99.555,0,62634,838580
2016-05-02,99.555,99.56,99.55,99.555,0,48625,830611
2016-05-03,99.555,99.565,99.55,99.56,0.0049999999999954525,93088,836320
2016-05-04,99.56,99.565,99.56,99.56,0,105426,848318
2016-05-05,99.565,99.57,99.56,99.565,0.0049999999999954525,183034,904711
2016-05-06,99.565,99.59,99.56,99.565,0,215210,904871
2016-05-09,99.57,99.585,99.565,99.58,0.015000000000000568,65039,912603
2016-05-10,99.58,99.585,99.58,99.58,0,64678,931241
2016-05-11,99.58,99.59,99.58,99.585,0.0049999999999954525,78480,947913
2016-05-12,99.585,99.585,99.58,99.58,-0.0049999999999954525,47527,943614
2016-05-13,99.58,99.585,99.575,99.58,0,86384,953678
2016-05-16,99.585,99.585,99.575,99.575,-0.0049999999999954525,42316,954812
2016-05-17,99.575,99.575,99.54,99.55,-0.025000000000005684,150754,937418
2016-05-18,99.545,99.545,99.48,99.49,-0.060000000000002274,316225,934889
2016-05-19,99.48,99.495,99.475,99.49,0,268018,922786
2016-05-20,99.48,99.49,99.47,99.485,-0.0049999999999954525,150886,962631
2016-05-23,99.485,99.485,99.46,99.465,-0.01999999999999602,102236,984471
2016-05-24,99.465,99.465,99.45,99.465,0,218467,954886
2016-05-25,99.46,99.465,99.45,99.465,0,146148,966135
2016-05-26,99.46,99.475,99.46,99.475,0.009999999999990905,162273,986378
2016-05-27,99.475,99.475,99.44,99.465,-0.009999999999990905,100785,985358
2016-05-31,99.445,99.475,99.445,99.47,0.0049999999999954525,239928,892492
2016-06-01,99.47,99.485,99.465,99.47,0,156775,895987
2016-06-02,99.475,99.48,99.465,99.465,-0.0049999999999954525,178377,929457
2016-06-03,99.465,99.56,99.46,99.555,0.09000000000000341,445366,918957
2016-06-06,99.555,99.57,99.54,99.57,0.014999999999986358,272854,908266
2016-06-07,99.57,99.585,99.565,99.58,0.010000000000005116,123354,907876
2016-06-08,99.58,99.58,99.575,99.58,0,67039,910374
2016-06-09,99.575,99.58,99.57,99.58,0,93660,928772
2016-06-10,99.575,99.59,99.57,99.585,0.0049999999999954525,98375,947361
2016-06-13,99.59,99.595,99.585,99.59,0.005000000000009663,145821,969095
2016-06-14,99.59,99.595,99.585,99.59,0,179688,985631
2016-06-15,99.59,99.62,99.58,99.615,0.024999999999991473,297860,1013558
2016-06-16,99.62,99.625,99.605,99.615,0,312773,1037365
2016-06-17,99.61,99.61,99.605,99.61,-0.0049999999999954525,62437,1038652
2016-06-20,99.605,99.605,99.595,99.605,-0.0049999999999954525,81930,1027579
2016-06-21,99.605,99.605,99.6,99.6,-0.005000000000009663,96603,1020338
2016-06-22,99.6,99.61,99.6,99.605,0.005000000000009663,101406,1013820
2016-06-23,99.605,99.605,99.59,99.6,-0.005000000000009663,130616,1011590
2016-06-24,99.59,99.68,99.59,99.65,0.05000000000001137,565868,957545
2016-06-27,99.66,99.665,99.64,99.645,-0.005000000000009663,191755,958608
2016-06-28,99.64,99.64,99.63,99.635,-0.009999999999990905,141837,954018
2016-06-29,99.625,99.63,99.62,99.625,-0.010000000000005116,174923,944412
2016-06-30,99.625,99.625,99.62,99.625,0,134884,833947
2016-07-01,99.625,99.625,99.62,99.625,0,116709,835154
2016-07-05,99.625,99.625,99.62,99.625,0,87575,834392
2016-07-06,99.62,99.625,99.62,99.625,0,143005,818269
2016-07-07,99.62,99.625,99.615,99.62,-0.0049999999999954525,101938,807145
2016-07-08,99.62,99.62,99.61,99.615,-0.005000000000009663,171668,817194
2016-07-11,99.615,99.615,99.61,99.615,0,51015,813638
2016-07-12,99.615,99.615,99.61,99.615,0,83668,811566
2016-07-13,99.61,99.615,99.61,99.615,0,64454,820801
2016-07-14,99.61,99.615,99.605,99.61,-0.0049999999999954525,100199,817388
2016-07-15,99.61,99.61,99.6,99.605,-0.0049999999999954525,122190,810631
2016-07-18,99.6,99.61,99.6,99.605,0,62663,814246
2016-07-19,99.605,99.61,99.605,99.605,0,109222,830024
2016-07-20,99.605,99.61,99.605,99.605,0,111804,835858
2016-07-21,99.605,99.61,99.6,99.605,0,145841,847950
2016-07-22,99.605,99.605,99.6,99.6,-0.005000000000009663,59984,845610
2016-07-25,99.6,99.605,99.6,99.605,0.005000000000009663,44645,844648
2016-07-26,99.6,99.605,99.595,99.6,-0.005000000000009663,103162,863810
2016-07-27,99.6,99.61,99.595,99.605,0.005000000000009663,187603,878519
2016-07-28,99.605,99.605,99.6,99.6,-0.005000000000009663,112243,889041
2016-07-29,99.605,99.61,99.6,99.605,0.005000000000009663,237744,752886
2016-08-01,99.6075,99.6075,99.605,99.6075,0.0024999999999977263,81492,760252
2016-08-02,99.6075,99.6075,99.6,99.6,-0.00750000000000739,123279,764199
2016-08-03,99.6,99.6025,99.6,99.6,0,84527,767665
2016-08-04,99.6025,99.6025,99.6,99.6025,0.002500000000011937,158973,798050
2016-08-05,99.6025,99.605,99.6,99.6025,0,208035,805008
2016-08-08,99.6025,99.6025,99.6,99.6,-0.002500000000011937,97455,802653
2016-08-09,99.6025,99.6025,99.6,99.6025,0.002500000000011937,82577,811087
2016-08-10,99.6,99.6025,99.6,99.6025,0,96568,825802
2016-08-11,99.6025,99.6025,99.6,99.6,-0.002500000000011937,136456,828516
2016-08-12,99.6025,99.6025,99.6,99.6025,0.002500000000011937,120564,831116
2016-08-15,99.6025,99.6025,99.6025,99.6025,0,71896,825205
2016-08-16,99.6025,99.6025,99.6,99.6025,0,178856,840584
2016-08-17,99.6,99.6025,99.6,99.6025,0,199700,861974
2016-08-18,99.6025,99.6025,99.6,99.6025,0,148846,897821
2016-08-19,99.6025,99.6025,99.6,99.6,-0.002500000000011937,49980,899164
2016-08-22,99.6,99.6025,99.6,99.6025,0.002500000000011937,87565,908625
2016-08-23,99.6025,99.6025,99.6,99.6025,0,91477,915804
2016-08-24,99.6025,99.6025,99.6,99.6025,0,114098,936871
2016-08-25,99.6025,99.6025,99.6,99.6025,0,179670,960588
2016-08-26,99.6025,99.6025,99.6,99.6025,0,295190,978166
2016-08-29,99.6025,99.6025,99.6,99.6025,0,124098,987172
2016-08-30,99.6025,99.605,99.6025,99.6025,0,171817,1018072
2016-08-31,99.6025,99.605,99.6025,99.6025,0,172408,901890
Downloaded from Barchart.com as of 01-13-2024 02:08pm CST