"Symbol: ZQV19",,,,,,"Study: VOL (LikeMain)",
"Date Time","Open","High","Low","Close","Change","Volume","Open Interest"
2016-10-31,98.91,98.91,98.91,98.91,0,,
2016-11-01,98.945,98.945,98.875,98.945,0.03499999999999659,,
2016-11-02,98.965,98.98,98.965,98.965,0.020000000000010232,,
2016-11-03,98.965,98.965,98.945,98.965,0,,
2016-11-04,98.975,98.985,98.955,98.975,0.009999999999990905,,
2016-11-07,98.925,98.925,98.92,98.925,-0.04999999999999716,,
2016-11-08,98.865,98.865,98.855,98.865,-0.060000000000002274,,
2016-11-09,98.735,99.01,98.69,98.735,-0.12999999999999545,,
2016-11-10,98.57,98.57,98.54,98.57,-0.16500000000000625,,
2016-11-11,98.505,98.505,98.505,98.505,-0.06499999999999773,,
2016-11-14,98.405,98.405,98.35,98.405,-0.09999999999999432,,
2016-11-15,98.39,98.435,98.39,98.39,-0.015000000000000568,,
2016-11-16,98.405,98.425,98.405,98.405,0.015000000000000568,,
2016-11-17,98.38,98.41,98.375,98.38,-0.025000000000005684,,
2016-11-18,98.295,98.295,98.28,98.295,-0.08499999999999375,,
2016-11-21,98.295,98.325,98.295,98.295,0,,
2016-11-22,98.335,98.36,98.325,98.325,0.030000000000001137,12,12
2016-11-23,98.275,98.34,98.225,98.275,-0.04999999999999716,,12
2016-11-25,98.26,98.26,98.245,98.26,-0.015000000000000568,,12
2016-11-28,98.315,98.315,98.315,98.315,0.05499999999999261,,12
2016-11-29,98.355,98.355,98.295,98.355,0.04000000000000625,,12
2016-11-30,98.285,98.285,98.265,98.285,-0.07000000000000739,,12
2016-12-01,98.205,98.205,98.16,98.205,-0.0799999999999983,,12
2016-12-02,98.265,98.275,98.265,98.265,0.060000000000002274,,12
2016-12-05,98.235,98.235,98.205,98.235,-0.030000000000001137,,12
2016-12-06,98.23,98.245,98.225,98.23,-0.0049999999999954525,,12
2016-12-07,98.285,98.285,98.285,98.285,0.05499999999999261,,12
2016-12-08,98.26,98.26,98.23,98.26,-0.024999999999991473,,12
2016-12-09,98.185,98.185,98.18,98.185,-0.07500000000000284,,12
2016-12-12,98.185,98.195,98.16,98.185,0,,12
2016-12-13,98.165,98.205,98.16,98.165,-0.01999999999999602,,12
2016-12-14,98.065,98.205,98.065,98.065,-0.10000000000000853,,12
2016-12-15,97.935,97.935,97.91,97.935,-0.12999999999999545,,12
2016-12-16,97.945,97.965,97.945,97.945,0.009999999999990905,,12
2016-12-19,97.99,98.01,97.99,97.99,0.045000000000001705,,12
2016-12-20,97.97,97.97,97.95,97.97,-0.01999999999999602,,12
2016-12-21,97.995,98,97.995,97.995,0.025000000000005684,,12
2016-12-22,97.995,98,97.97,97.995,0,,12
2016-12-23,98,98.005,98,98,0.0049999999999954525,,12
2016-12-27,97.96,97.96,97.96,97.96,-0.04000000000000625,,12
2016-12-28,98.025,98.025,97.955,98.025,0.06500000000001194,,12
2016-12-29,98.07,98.09,98.07,98.07,0.044999999999987494,,12
2016-12-30,98.095,98.095,98.095,98.095,0.025000000000005684,,12
2017-01-03,98.08,98.08,98.015,98.08,-0.015000000000000568,,12
2017-01-04,98.09,98.105,98.075,98.09,0.010000000000005116,,12
2017-01-05,98.195,98.21,98.195,98.195,0.10499999999998977,,12
2017-01-06,98.1,98.205,98.09,98.1,-0.09499999999999886,,12
2017-01-09,98.165,98.17,98.165,98.165,0.06500000000001194,,12
2017-01-10,98.175,98.19,98.175,98.175,0.009999999999990905,,12
2017-01-11,98.18,98.225,98.14,98.18,0.005000000000009663,,12
2017-01-12,98.2,98.24,98.2,98.2,0.01999999999999602,,12
2017-01-13,98.175,98.235,98.12,98.175,-0.025000000000005684,,12
2017-01-17,98.255,98.26,98.255,98.255,0.0799999999999983,,12
2017-01-18,98.19,98.19,98.175,98.19,-0.06499999999999773,,12
2017-01-19,98.11,98.11,98.065,98.11,-0.0799999999999983,,12
2017-01-20,98.125,98.125,98.07,98.125,0.015000000000000568,,12
2017-01-23,98.195,98.225,98.195,98.195,0.06999999999999318,,12
2017-01-24,98.135,98.135,98.135,98.135,-0.05999999999998806,,12
2017-01-25,98.08,98.08,98.075,98.08,-0.05500000000000682,,12
2017-01-26,98.095,98.1,98.045,98.095,0.015000000000000568,,12
2017-01-27,98.12,98.12,98.075,98.12,0.025000000000005684,,12
2017-01-30,98.12,98.145,98.11,98.12,0,,12
2017-01-31,98.155,98.175,98.11,98.155,0.03499999999999659,,12
2017-02-01,98.14,98.14,98.08,98.14,-0.015000000000000568,,12
2017-02-02,98.14,98.175,98.135,98.14,0,,12
2017-02-03,98.115,98.185,98.105,98.115,-0.025000000000005684,,12
2017-02-06,98.2,98.2,98.2,98.2,0.08500000000000796,,12
2017-02-07,98.225,98.24,98.17,98.225,0.024999999999991473,,12
2017-02-08,98.27,98.29,98.27,98.27,0.045000000000001705,,12
2017-02-09,98.21,98.21,98.21,98.21,-0.060000000000002274,,12
2017-02-10,98.195,98.195,98.185,98.195,-0.015000000000000568,,12
2017-02-13,98.16,98.16,98.155,98.16,-0.03499999999999659,,12
2017-02-14,98.11,98.11,98.105,98.11,-0.04999999999999716,,12
2017-02-15,98.055,98.055,98.05,98.055,-0.05499999999999261,,12
2017-02-16,98.105,98.115,98.105,98.105,0.04999999999999716,,12
2017-02-17,98.145,98.165,98.145,98.145,0.03999999999999204,,12
2017-02-21,98.125,98.125,98.105,98.125,-0.01999999999999602,,12
2017-02-22,98.14,98.16,98.1,98.14,0.015000000000000568,,12
2017-02-23,98.18,98.195,98.18,98.18,0.04000000000000625,,12
2017-02-24,98.255,98.255,98.255,98.255,0.07499999999998863,,12
2017-02-27,98.18,98.18,98.18,98.18,-0.07499999999998863,,12
2017-02-28,98.18,98.21,98.165,98.18,0,,12
2017-03-01,98.055,98.055,98.055,98.055,-0.125,,12
2017-03-02,97.99,97.99,97.98,97.99,-0.06500000000001194,,12
2017-03-03,97.99,98,97.95,97.99,0,,12
2017-03-06,97.99,98.015,97.985,97.99,0,,12
2017-03-07,97.98,97.98,97.97,97.98,-0.009999999999990905,,12
2017-03-08,97.935,97.935,97.92,97.935,-0.045000000000001705,,12
2017-03-09,97.89,97.89,97.885,97.89,-0.045000000000001705,,12
2017-03-10,97.905,97.905,97.875,97.905,0.015000000000000568,,12
2017-03-13,97.885,97.885,97.88,97.885,-0.01999999999999602,,12
2017-03-14,97.885,97.89,97.88,97.885,0,,12
2017-03-15,97.99,98.005,97.88,97.99,0.10499999999998977,,12
2017-03-16,97.99,97.99,97.985,97.99,0,,12
2017-03-17,98.005,98.01,98.005,98.005,0.015000000000000568,,12
2017-03-20,98.04,98.04,98.04,98.04,0.0350000000000108,,12
2017-03-21,98.06,98.09,98.025,98.06,0.01999999999999602,,12
2017-03-22,98.105,98.125,98.105,98.105,0.045000000000001705,,12
2017-03-23,98.09,98.09,98.06,98.09,-0.015000000000000568,,12
2017-03-24,98.06,98.075,98.045,98.075,-0.015000000000000568,1,12
2017-03-27,98.11,98.13,98.11,98.11,0.03499999999999659,,12
2017-03-28,98.075,98.12,98.065,98.075,-0.03499999999999659,,12
2017-03-29,98.08,98.09,98.08,98.08,0.0049999999999954525,,12
2017-03-30,98.045,98.045,98.045,98.045,-0.03499999999999659,,12
2017-03-31,98.07,98.07,98.07,98.07,0.024999999999991473,,12
2017-04-03,98.135,98.15,98.135,98.135,0.06500000000001194,,12
2017-04-04,98.15,98.17,98.15,98.15,0.015000000000000568,,12
2017-04-05,98.185,98.195,98.145,98.185,0.03499999999999659,,12
2017-04-06,98.185,98.2,98.165,98.185,0,,12
2017-04-07,98.14,98.215,98.135,98.14,-0.045000000000001705,,12
2017-04-10,98.165,98.185,98.165,98.165,0.025000000000005684,,12
2017-04-11,98.24,98.25,98.24,98.24,0.07499999999998863,,12
2017-04-12,98.25,98.295,98.25,98.25,0.010000000000005116,,12
2017-04-13,98.315,98.32,98.315,98.315,0.06499999999999773,,12
2017-04-17,98.305,98.335,98.3,98.305,-0.009999999999990905,,12
2017-04-18,98.38,98.38,98.38,98.38,0.07499999999998863,,12
2017-04-19,98.36,98.36,98.335,98.36,-0.01999999999999602,,12
2017-04-20,98.29,98.29,98.29,98.29,-0.06999999999999318,,12
2017-04-21,98.31,98.32,98.31,98.31,0.01999999999999602,,12
2017-04-24,98.265,98.265,98.185,98.265,-0.045000000000001705,,12
2017-04-25,98.19,98.19,98.185,98.19,-0.07500000000000284,,12
2017-04-26,98.215,98.215,98.185,98.215,0.025000000000005684,,12
2017-04-27,98.245,98.255,98.245,98.245,0.030000000000001137,,12
2017-04-28,98.235,98.235,98.215,98.235,-0.010000000000005116,,12
2017-05-01,98.215,98.215,98.2,98.215,-0.01999999999999602,,12
2017-05-02,98.245,98.245,98.2,98.245,0.030000000000001137,,12
2017-05-03,98.215,98.215,98.21,98.215,-0.030000000000001137,,12
2017-05-04,98.185,98.185,98.165,98.185,-0.030000000000001137,,12
2017-05-05,98.185,98.19,98.155,98.185,0,,12
2017-05-08,98.17,98.19,98.155,98.17,-0.015000000000000568,,12
2017-05-09,98.13,98.135,98.125,98.135,-0.03499999999999659,15,16
2017-05-10,98.125,98.17,98.125,98.125,-0.010000000000005116,,16
2017-05-11,98.145,98.145,98.145,98.145,0.01999999999999602,,16
2017-05-12,98.225,98.23,98.225,98.225,0.0799999999999983,,16
2017-05-15,98.245,98.245,98.245,98.245,0.020000000000010232,,16
2017-05-16,98.255,98.27,98.235,98.255,0.009999999999990905,,16
2017-05-17,98.37,98.37,98.37,98.37,0.1150000000000091,,16
2017-05-18,98.335,98.335,98.33,98.335,-0.0350000000000108,,16
2017-05-19,98.31,98.31,98.295,98.31,-0.024999999999991473,,16
2017-05-22,98.3,98.3,98.3,98.3,-0.010000000000005116,,16
2017-05-23,98.26,98.305,98.26,98.26,-0.03999999999999204,,16
2017-05-24,98.28,98.29,98.255,98.28,0.01999999999999602,,16
2017-05-25,98.29,98.295,98.29,98.29,0.010000000000005116,,16
2017-05-26,98.285,98.31,98.275,98.285,-0.005000000000009663,,16
2017-05-30,98.32,98.325,98.275,98.325,0.04000000000000625,18,25
2017-05-31,98.335,98.335,98.315,98.335,0.009999999999990905,,25
2017-06-01,98.325,98.325,98.3,98.325,-0.009999999999990905,,25
2017-06-02,98.36,98.38,98.36,98.36,0.03499999999999659,,25
2017-06-05,98.35,98.35,98.345,98.35,-0.010000000000005116,,25
2017-06-06,98.36,98.38,98.36,98.36,0.010000000000005116,,25
2017-06-07,98.345,98.345,98.335,98.345,-0.015000000000000568,,25
2017-06-08,98.33,98.33,98.315,98.33,-0.015000000000000568,,25
2017-06-09,98.335,98.335,98.305,98.335,0.0049999999999954525,,25
2017-06-12,98.34,98.35,98.325,98.34,0.005000000000009663,,25
2017-06-13,98.315,98.315,98.315,98.315,-0.025000000000005684,,25
2017-06-14,98.39,98.42,98.365,98.365,0.04999999999999716,1,26
2017-06-15,98.355,98.355,98.355,98.355,-0.009999999999990905,,26
2017-06-16,98.38,98.38,98.38,98.38,0.024999999999991473,,26
2017-06-19,98.35,98.35,98.35,98.35,-0.030000000000001137,,26
2017-06-20,98.375,98.375,98.375,98.375,0.025000000000005684,,26
2017-06-21,98.38,98.39,98.37,98.38,0.0049999999999954525,,26
2017-06-22,98.41,98.41,98.41,98.41,0.030000000000001137,,26
2017-06-23,98.4,98.4,98.4,98.4,-0.009999999999990905,,26
2017-06-26,98.395,98.395,98.39,98.39,-0.010000000000005116,24,50
2017-06-27,98.345,98.345,98.335,98.345,-0.045000000000001705,,50
2017-06-28,98.345,98.345,98.325,98.345,0,,50
2017-06-29,98.31,98.31,98.285,98.31,-0.03499999999999659,,50
2017-06-30,98.275,98.275,98.275,98.275,-0.03499999999999659,,50
2017-07-03,98.22,98.22,98.22,98.22,-0.05500000000000682,,50
2017-07-05,98.215,98.225,98.195,98.21,-0.010000000000005116,68,114
2017-07-06,98.185,98.205,98.175,98.195,-0.015000000000000568,24,138
2017-07-07,98.18,98.18,98.175,98.18,-0.014999999999986358,,138
2017-07-10,98.21,98.21,98.21,98.21,0.029999999999986926,,138
2017-07-11,98.235,98.245,98.2,98.235,0.025000000000005684,,138
2017-07-12,98.29,98.31,98.29,98.29,0.05500000000000682,,138
2017-07-13,98.29,98.29,98.275,98.29,0,,138
2017-07-14,98.31,98.33,98.31,98.31,0.01999999999999602,,138
2017-07-17,98.33,98.33,98.33,98.33,0.01999999999999602,,138
2017-07-18,98.355,98.365,98.355,98.355,0.025000000000005684,,138
2017-07-19,98.35,98.35,98.345,98.35,-0.005000000000009663,,138
2017-07-20,98.345,98.355,98.34,98.345,-0.0049999999999954525,,138
2017-07-21,98.37,98.37,98.37,98.37,0.025000000000005684,,138
2017-07-24,98.355,98.355,98.35,98.355,-0.015000000000000568,,138
2017-07-25,98.3,98.3,98.3,98.3,-0.05500000000000682,,138
2017-07-26,98.35,98.35,98.35,98.35,0.04999999999999716,,138
2017-07-27,98.35,98.35,98.33,98.35,0,,138
2017-07-28,98.365,98.365,98.315,98.365,0.015000000000000568,,138
2017-07-31,98.365,98.365,98.365,98.365,0,,138
2017-08-01,98.385,98.385,98.385,98.385,0.020000000000010232,,138
2017-08-02,98.4,98.4,98.4,98.4,0.015000000000000568,,138
2017-08-03,98.42,98.42,98.42,98.42,0.01999999999999602,,138
2017-08-04,98.395,98.395,98.395,98.395,-0.025000000000005684,,138
2017-08-07,98.395,98.395,98.395,98.395,0,,138
2017-08-08,98.385,98.385,98.385,98.385,-0.009999999999990905,,138
2017-08-09,98.405,98.405,98.405,98.405,0.01999999999999602,,138
2017-08-10,98.42,98.42,98.42,98.42,0.015000000000000568,,138
2017-08-11,98.475,98.475,98.475,98.475,0.05499999999999261,,138
2017-08-14,98.445,98.445,98.445,98.445,-0.030000000000001137,,138
2017-08-15,98.415,98.415,98.415,98.415,-0.029999999999986926,,138
2017-08-16,98.44,98.44,98.44,98.44,0.024999999999991473,,138
2017-08-17,98.45,98.45,98.45,98.45,0.010000000000005116,,138
2017-08-18,98.455,98.455,98.455,98.455,0.0049999999999954525,,138
2017-08-21,98.475,98.475,98.475,98.475,0.01999999999999602,,138
2017-08-22,98.455,98.455,98.45,98.45,-0.024999999999991473,60,78
2017-08-23,98.485,98.485,98.485,98.485,0.03499999999999659,,78
2017-08-24,98.475,98.48,98.47,98.47,-0.015000000000000568,4,76
2017-08-25,98.485,98.485,98.455,98.485,0.015000000000000568,,76
2017-08-28,98.505,98.505,98.505,98.505,0.01999999999999602,,76
2017-08-29,98.535,98.55,98.535,98.535,0.030000000000001137,,76
2017-08-30,98.515,98.515,98.505,98.515,-0.01999999999999602,,76
2017-08-31,98.525,98.525,98.525,98.525,0.010000000000005116,,76
2017-09-01,98.5,98.5,98.495,98.5,-0.025000000000005684,,76
2017-09-05,98.575,98.58,98.575,98.575,0.07500000000000284,,76
2017-09-06,98.535,98.535,98.535,98.535,-0.04000000000000625,,76
2017-09-07,98.56,98.58,98.56,98.57,0.03499999999999659,24,52
2017-09-08,98.56,98.56,98.56,98.56,-0.009999999999990905,,52
2017-09-11,98.505,98.505,98.505,98.505,-0.05500000000000682,,52
2017-09-12,98.465,98.465,98.46,98.465,-0.03999999999999204,,52
2017-09-13,98.44,98.44,98.44,98.44,-0.025000000000005684,,52
2017-09-14,98.415,98.415,98.41,98.415,-0.024999999999991473,,52
2017-09-15,98.39,98.39,98.385,98.39,-0.025000000000005684,,52
2017-09-18,98.38,98.38,98.37,98.38,-0.010000000000005116,,52
2017-09-19,98.37,98.395,98.365,98.37,-0.009999999999990905,,52
2017-09-20,98.32,98.39,98.31,98.32,-0.05000000000001137,,52
2017-09-21,98.295,98.295,98.285,98.295,-0.024999999999991473,,52
2017-09-22,98.305,98.31,98.305,98.305,0.010000000000005116,,52
2017-09-25,98.335,98.35,98.335,98.335,0.029999999999986926,,52
2017-09-26,98.325,98.325,98.31,98.325,-0.009999999999990905,,52
2017-09-27,98.285,98.285,98.27,98.285,-0.04000000000000625,,52
2017-09-28,98.305,98.315,98.275,98.305,0.020000000000010232,,52
2017-09-29,98.275,98.31,98.265,98.275,-0.030000000000001137,,52
2017-10-02,98.26,98.26,98.245,98.26,-0.015000000000000568,,52
2017-10-03,98.275,98.275,98.25,98.275,0.015000000000000568,,52
2017-10-04,98.27,98.3,98.26,98.27,-0.005000000000009663,,52
2017-10-05,98.245,98.245,98.24,98.245,-0.024999999999991473,,52
2017-10-06,98.22,98.22,98.2,98.22,-0.025000000000005684,,52
2017-10-09,98.215,98.215,98.215,98.215,-0.0049999999999954525,,52
2017-10-10,98.24,98.24,98.24,98.24,0.024999999999991473,,52
2017-10-11,98.235,98.25,98.23,98.235,-0.0049999999999954525,,52
2017-10-12,98.235,98.255,98.235,98.235,0,25,41
2017-10-13,98.26,98.265,98.22,98.26,0.025000000000005684,,41
2017-10-16,98.19,98.19,98.19,98.19,-0.07000000000000739,,41
2017-10-17,98.175,98.175,98.17,98.175,-0.015000000000000568,,41
2017-10-18,98.16,98.16,98.14,98.16,-0.015000000000000568,,41
2017-10-19,98.17,98.195,98.17,98.17,0.010000000000005116,,41
2017-10-20,98.14,98.14,98.14,98.14,-0.030000000000001137,,41
2017-10-23,98.15,98.155,98.15,98.15,0.010000000000005116,,41
2017-10-24,98.145,98.145,98.13,98.145,-0.005000000000009663,,41
2017-10-25,98.115,98.115,98.1,98.115,-0.030000000000001137,36,26
2017-10-26,98.115,98.12,98.095,98.1,-0.015000000000000568,14,35
2017-10-27,98.115,98.115,98.115,98.115,0.015000000000000568,50,35
2017-10-30,98.165,98.165,98.165,98.165,0.05000000000001137,2,35
2017-10-31,98.165,98.165,98.16,98.165,0,,35
2017-11-01,98.135,98.175,98.135,98.155,-0.010000000000005116,25,60
2017-11-02,98.165,98.18,98.165,98.165,0.010000000000005116,,60
2017-11-03,98.16,98.195,98.155,98.155,-0.010000000000005116,20,80
2017-11-06,98.18,98.18,98.18,98.18,0.025000000000005684,,80
2017-11-07,98.18,98.18,98.175,98.18,0,,80
2017-11-08,98.185,98.185,98.185,98.185,0.0049999999999954525,,80
2017-11-09,98.19,98.19,98.17,98.19,0.0049999999999954525,,80
2017-11-10,98.15,98.15,98.15,98.15,-0.03999999999999204,,80
2017-11-13,98.125,98.125,98.125,98.125,-0.025000000000005684,,80
2017-11-14,98.135,98.135,98.115,98.135,0.010000000000005116,,80
2017-11-15,98.15,98.165,98.145,98.155,0.01999999999999602,24,88
2017-11-16,98.125,98.13,98.125,98.125,-0.030000000000001137,17,97
2017-11-17,98.13,98.135,98.13,98.13,0.0049999999999954525,,97
2017-11-20,98.1,98.14,98.1,98.1,-0.030000000000001137,,97
2017-11-21,98.075,98.075,98.075,98.075,-0.024999999999991473,,97
2017-11-22,98.13,98.13,98.13,98.13,0.05499999999999261,,97
2017-11-24,98.11,98.11,98.11,98.11,-0.01999999999999602,,97
2017-11-27,98.115,98.12,98.1,98.115,0.0049999999999954525,,97
2017-11-28,98.1,98.125,98.1,98.1,-0.015000000000000568,,97
2017-11-29,98.075,98.08,98.065,98.08,-0.01999999999999602,9,102
2017-11-30,98.06,98.06,98.025,98.03,-0.04999999999999716,35,137
2017-12-01,98.05,98.05,98.05,98.05,0.01999999999999602,,137
2017-12-04,98,98.015,98,98.005,-0.045000000000001705,132,80
2017-12-05,97.995,98.01,97.995,98.005,0,44,95
2017-12-06,98.045,98.045,98.04,98.04,0.0350000000000108,64,136
2017-12-07,98.04,98.05,98.035,98.035,-0.005000000000009663,50,162
2017-12-08,98.035,98.05,98.02,98.035,0,,162
2017-12-11,98.01,98.01,98.01,98.01,-0.024999999999991473,,162
2017-12-12,97.995,97.995,97.975,97.995,-0.015000000000000568,,162
2017-12-13,98,98.055,97.975,98.05,0.05499999999999261,29,157
2017-12-14,98.025,98.025,98.01,98.025,-0.024999999999991473,14,157
2017-12-15,98.005,98.005,97.995,98.005,-0.020000000000010232,25,142
2017-12-18,98.005,98.005,98,98.005,0,,142
2017-12-19,97.975,97.975,97.965,97.975,-0.030000000000001137,,142
2017-12-20,97.96,97.985,97.95,97.965,-0.009999999999990905,32,142
2017-12-21,97.96,97.965,97.95,97.95,-0.015000000000000568,30,142
2017-12-22,97.93,97.93,97.93,97.93,-0.01999999999999602,,142
2017-12-26,97.93,97.935,97.93,97.935,0.0049999999999954525,34,172
2017-12-27,97.945,97.95,97.945,97.95,0.015000000000000568,22,194
2017-12-28,97.95,97.95,97.93,97.935,-0.015000000000000568,78,240
2017-12-29,97.95,97.95,97.95,97.95,0.015000000000000568,,240
2018-01-02,97.92,97.925,97.92,97.925,-0.025000000000005684,35,205
2018-01-03,97.915,97.935,97.915,97.915,-0.009999999999990905,21,206
2018-01-04,97.895,97.895,97.875,97.885,-0.030000000000001137,76,203
2018-01-05,97.875,97.9,97.875,97.875,-0.010000000000005116,5,203
2018-01-08,97.88,97.885,97.88,97.88,0.0049999999999954525,,203
2018-01-09,97.87,97.89,97.865,97.87,-0.009999999999990905,,203
2018-01-10,97.84,97.86,97.84,97.86,-0.010000000000005116,94,282
2018-01-11,97.865,97.865,97.85,97.86,0,15,285
2018-01-12,97.845,97.85,97.81,97.825,-0.03499999999999659,50,270
2018-01-16,97.825,97.83,97.815,97.815,-0.010000000000005116,20,283
2018-01-17,97.79,97.8,97.775,97.78,-0.03499999999999659,2,283
2018-01-18,97.76,97.78,97.75,97.78,0,26,289
2018-01-19,97.775,97.775,97.75,97.755,-0.025000000000005684,99,300
2018-01-22,97.715,97.715,97.715,97.715,-0.03999999999999204,,300
2018-01-23,97.75,97.755,97.74,97.755,0.03999999999999204,102,388
2018-01-24,97.75,97.75,97.74,97.74,-0.015000000000000568,101,430
2018-01-25,97.715,97.745,97.71,97.74,0,436,476
2018-01-26,97.715,97.715,97.695,97.705,-0.03499999999999659,115,499
2018-01-29,97.68,97.695,97.665,97.695,-0.010000000000005116,80,474
2018-01-30,97.675,97.7,97.675,97.685,-0.009999999999990905,76,508
2018-01-31,97.675,97.68,97.635,97.66,-0.025000000000005684,62,548
2018-02-01,97.645,97.645,97.625,97.635,-0.024999999999991473,121,528
2018-02-02,97.62,97.64,97.59,97.62,-0.015000000000000568,359,675
2018-02-05,97.65,97.785,97.64,97.715,0.09499999999999886,358,691
2018-02-06,97.745,97.79,97.695,97.71,-0.005000000000009663,920,1208
2018-02-07,97.7,97.715,97.675,97.685,-0.024999999999991473,176,1181
2018-02-08,97.7,97.74,97.67,97.705,0.01999999999999602,735,1511
2018-02-09,97.74,97.83,97.725,97.78,0.07500000000000284,355,1456
2018-02-12,97.73,97.755,97.73,97.74,-0.04000000000000625,446,1730
2018-02-13,97.75,97.75,97.72,97.73,-0.009999999999990905,232,1607
2018-02-14,97.735,97.735,97.63,97.64,-0.09000000000000341,110,1647
2018-02-15,97.61,97.64,97.61,97.63,-0.010000000000005116,146,1651
2018-02-16,97.625,97.65,97.615,97.645,0.015000000000000568,94,1684
2018-02-20,97.6,97.615,97.59,97.615,-0.030000000000001137,278,1763
2018-02-21,97.605,97.615,97.55,97.565,-0.04999999999999716,259,1697
2018-02-22,97.58,97.585,97.565,97.575,0.010000000000005116,784,1787
2018-02-23,97.59,97.615,97.58,97.605,0.030000000000001137,919,2132
2018-02-26,97.62,97.64,97.61,97.615,0.009999999999990905,472,2354
2018-02-27,97.61,97.62,97.545,97.565,-0.04999999999999716,709,2441
2018-02-28,97.555,97.57,97.55,97.565,0,519,2797
2018-03-01,97.58,97.63,97.555,97.625,0.060000000000002274,679,3075
2018-03-02,97.605,97.64,97.585,97.59,-0.03499999999999659,492,3173
2018-03-05,97.615,97.625,97.585,97.59,0,511,3364
2018-03-06,97.575,97.595,97.575,97.58,-0.010000000000005116,129,3324
2018-03-07,97.59,97.595,97.56,97.56,-0.01999999999999602,236,3219
2018-03-08,97.565,97.58,97.555,97.56,0,793,3546
2018-03-09,97.555,97.57,97.53,97.545,-0.015000000000000568,311,3610
2018-03-12,97.54,97.555,97.54,97.545,0,182,3582
2018-03-13,97.55,97.575,97.545,97.565,0.01999999999999602,248,3621
2018-03-14,97.56,97.595,97.555,97.575,0.010000000000005116,837,4046
2018-03-15,97.57,97.585,97.545,97.545,-0.030000000000001137,513,4111
2018-03-16,97.55,97.555,97.525,97.53,-0.015000000000000568,398,4207
2018-03-19,97.515,97.535,97.51,97.525,-0.0049999999999954525,730,4300
2018-03-20,97.5,97.515,97.49,97.5,-0.025000000000005684,1116,4533
2018-03-21,97.49,97.51,97.44,97.475,-0.025000000000005684,2072,4949
2018-03-22,97.505,97.545,97.485,97.525,0.05000000000001137,4792,6274
2018-03-23,97.57,97.57,97.525,97.54,0.015000000000000568,3784,7013
2018-03-26,97.53,97.545,97.52,97.53,-0.010000000000005116,2057,7580
2018-03-27,97.525,97.585,97.52,97.575,0.045000000000001705,3354,8532
2018-03-28,97.59,97.605,97.565,97.575,0,5799,11111
2018-03-29,97.575,97.6,97.57,97.59,0.015000000000000568,1325,11143
2018-04-02,97.575,97.625,97.57,97.62,0.030000000000001137,1026,11568
2018-04-03,97.615,97.615,97.58,97.58,-0.04000000000000625,1432,12000
2018-04-04,97.61,97.615,97.575,97.585,0.0049999999999954525,2433,12063
2018-04-05,97.565,97.565,97.555,97.555,-0.029999999999986926,1384,12039
2018-04-06,97.57,97.615,97.555,97.605,0.04999999999999716,1668,12876
2018-04-09,97.605,97.605,97.58,97.595,-0.010000000000005116,982,13255
2018-04-10,97.58,97.59,97.57,97.57,-0.025000000000005684,1230,13526
2018-04-11,97.58,97.6,97.57,97.575,0.005000000000009663,694,13606
2018-04-12,97.58,97.585,97.535,97.535,-0.04000000000000625,2046,14124
2018-04-13,97.545,97.55,97.51,97.515,-0.01999999999999602,1544,14255
2018-04-16,97.5,97.51,97.48,97.495,-0.01999999999999602,898,14153
2018-04-17,97.495,97.495,97.475,97.49,-0.005000000000009663,666,14163
2018-04-18,97.48,97.48,97.445,97.455,-0.03499999999999659,1242,13932
2018-04-19,97.46,97.46,97.445,97.455,0,677,13852
2018-04-20,97.46,97.465,97.425,97.435,-0.01999999999999602,1284,13733
2018-04-23,97.415,97.42,97.405,97.415,-0.01999999999999602,429,13692
2018-04-24,97.415,97.425,97.395,97.425,0.009999999999990905,2101,13772
2018-04-25,97.41,97.425,97.4,97.415,-0.009999999999990905,1212,13669
2018-04-26,97.425,97.43,97.41,97.415,0,955,14000
2018-04-27,97.425,97.43,97.41,97.425,0.009999999999990905,317,14196
2018-04-30,97.41,97.425,97.41,97.425,0,674,14063
2018-05-01,97.42,97.42,97.405,97.41,-0.015000000000000568,739,14361
2018-05-02,97.395,97.42,97.39,97.415,0.005000000000009663,325,14383
2018-05-03,97.42,97.45,97.42,97.44,0.024999999999991473,1478,14326
2018-05-04,97.44,97.48,97.42,97.43,-0.009999999999990905,1810,13816
2018-05-07,97.425,97.43,97.415,97.42,-0.010000000000005116,1208,13201
2018-05-08,97.42,97.425,97.4,97.405,-0.015000000000000568,438,13299
2018-05-09,97.39,97.395,97.385,97.39,-0.015000000000000568,604,13533
2018-05-10,97.395,97.415,97.385,97.385,-0.0049999999999954525,609,13723
2018-05-11,97.395,97.395,97.385,97.385,0,952,14080
2018-05-14,97.385,97.395,97.375,97.375,-0.010000000000005116,1763,14850
2018-05-15,97.37,97.375,97.315,97.325,-0.04999999999999716,1934,15441
2018-05-16,97.33,97.34,97.31,97.32,-0.005000000000009663,5642,14879
2018-05-17,97.315,97.33,97.31,97.32,0,2900,15666
2018-05-18,97.315,97.35,97.315,97.345,0.025000000000005684,4641,17537
2018-05-21,97.345,97.345,97.325,97.33,-0.015000000000000568,914,17294
2018-05-22,97.33,97.34,97.325,97.335,0.0049999999999954525,2044,16770
2018-05-23,97.36,97.42,97.36,97.41,0.07500000000000284,2912,16693
2018-05-24,97.425,97.46,97.41,97.42,0.010000000000005116,4782,16622
2018-05-25,97.42,97.48,97.415,97.47,0.04999999999999716,4650,15977
2018-05-29,97.45,97.715,97.435,97.705,0.23499999999999943,9529,15655
2018-05-30,97.715,97.745,97.565,97.57,-0.13500000000000512,3566,16163
2018-05-31,97.575,97.575,97.53,97.565,-0.0049999999999954525,3283,16021
2018-06-01,97.54,97.54,97.47,97.485,-0.0799999999999983,4120,16694
2018-06-04,97.465,97.465,97.425,97.435,-0.04999999999999716,1459,15894
2018-06-05,97.425,97.475,97.425,97.46,0.024999999999991473,2152,15197
2018-06-06,97.45,97.455,97.415,97.42,-0.03999999999999204,1349,15634
2018-06-07,97.42,97.495,97.405,97.435,0.015000000000000568,1950,15599
2018-06-08,97.46,97.49,97.435,97.44,0.0049999999999954525,1114,15616
2018-06-11,97.43,97.435,97.405,97.405,-0.03499999999999659,3204,16866
2018-06-12,97.405,97.41,97.38,97.385,-0.01999999999999602,3165,18077
2018-06-13,97.385,97.39,97.32,97.345,-0.04000000000000625,12804,21559
2018-06-14,97.35,97.365,97.335,97.34,-0.0049999999999954525,4671,22964
2018-06-15,97.355,97.37,97.345,97.35,0.009999999999990905,1012,23280
2018-06-18,97.37,97.37,97.35,97.355,0.005000000000009663,2056,23646
2018-06-19,97.38,97.425,97.38,97.39,0.03499999999999659,5515,22876
2018-06-20,97.395,97.405,97.365,97.37,-0.01999999999999602,3044,22456
2018-06-21,97.36,97.385,97.36,97.38,0.009999999999990905,2978,23502
2018-06-22,97.385,97.385,97.36,97.38,0,1612,23994
2018-06-25,97.39,97.41,97.39,97.4,0.020000000000010232,1451,24158
2018-06-26,97.385,97.415,97.385,97.41,0.009999999999990905,1129,24149
2018-06-27,97.41,97.45,97.405,97.445,0.03499999999999659,2849,24631
2018-06-28,97.46,97.46,97.44,97.44,-0.0049999999999954525,3655,25444
2018-06-29,97.435,97.45,97.425,97.43,-0.009999999999990905,1406,25394
2018-07-02,97.44,97.465,97.415,97.415,-0.015000000000000568,2030,26112
2018-07-03,97.44,97.44,97.405,97.43,0.015000000000000568,1027,25815
2018-07-05,97.425,97.43,97.405,97.405,-0.025000000000005684,1031,26066
2018-07-06,97.405,97.44,97.405,97.42,0.015000000000000568,1260,25977
2018-07-09,97.415,97.425,97.39,97.395,-0.025000000000005684,925,25941
2018-07-10,97.39,97.395,97.375,97.375,-0.01999999999999602,1630,26588
2018-07-11,97.4,97.415,97.375,97.395,0.01999999999999602,1756,27171
2018-07-12,97.395,97.395,97.37,97.38,-0.015000000000000568,868,27591
2018-07-13,97.39,97.405,97.39,97.4,0.020000000000010232,344,27680
2018-07-16,97.395,97.395,97.36,97.375,-0.025000000000005684,4012,28951
2018-07-17,97.37,97.38,97.355,97.355,-0.01999999999999602,4732,30220
2018-07-18,97.35,97.375,97.35,97.36,0.0049999999999954525,1866,30599
2018-07-19,97.35,97.395,97.34,97.38,0.01999999999999602,906,30439
2018-07-20,97.37,97.385,97.36,97.37,-0.009999999999990905,1938,31352
2018-07-23,97.37,97.38,97.315,97.32,-0.05000000000001137,2933,31934
2018-07-24,97.33,97.335,97.305,97.325,0.005000000000009663,2388,31581
2018-07-25,97.325,97.33,97.295,97.32,-0.005000000000009663,3701,32115
2018-07-26,97.3,97.305,97.285,97.29,-0.029999999999986926,2665,32075
2018-07-27,97.28,97.295,97.28,97.285,-0.005000000000009663,1388,32306
2018-07-30,97.285,97.29,97.275,97.29,0.005000000000009663,897,32321
2018-07-31,97.31,97.315,97.285,97.3,0.009999999999990905,1163,32353
2018-08-01,97.295,97.305,97.28,97.28,-0.01999999999999602,2216,32127
2018-08-02,97.295,97.3,97.28,97.295,0.015000000000000568,1487,32383
2018-08-03,97.285,97.32,97.285,97.31,0.015000000000000568,1157,32560
2018-08-06,97.315,97.325,97.31,97.315,0.0049999999999954525,451,32434
2018-08-07,97.31,97.32,97.29,97.295,-0.01999999999999602,570,32389
2018-08-08,97.295,97.305,97.29,97.3,0.0049999999999954525,857,32271
2018-08-09,97.305,97.335,97.3,97.325,0.025000000000005684,2340,32090
2018-08-10,97.355,97.395,97.335,97.385,0.060000000000002274,4634,31288
2018-08-13,97.39,97.4,97.36,97.375,-0.010000000000005116,3895,31316
2018-08-14,97.365,97.365,97.34,97.35,-0.025000000000005684,9445,34083
2018-08-15,97.35,97.4,97.35,97.385,0.0350000000000108,3355,33015
2018-08-16,97.37,97.38,97.36,97.37,-0.015000000000000568,1556,33585
2018-08-17,97.37,97.39,97.365,97.365,-0.005000000000009663,2089,33622
2018-08-20,97.375,97.41,97.37,97.395,0.030000000000001137,1791,32951
2018-08-21,97.4,97.4,97.38,97.38,-0.015000000000000568,580,32958
2018-08-22,97.405,97.41,97.39,97.395,0.015000000000000568,2449,32557
2018-08-23,97.4,97.405,97.385,97.39,-0.0049999999999954525,3064,33855
2018-08-24,97.38,97.385,97.365,97.38,-0.010000000000005116,4817,34735
2018-08-27,97.385,97.385,97.36,97.365,-0.015000000000000568,724,34779
2018-08-28,97.36,97.365,97.34,97.345,-0.01999999999999602,1251,34851
2018-08-29,97.35,97.35,97.315,97.32,-0.025000000000005684,2617,35301
2018-08-30,97.325,97.355,97.325,97.35,0.030000000000001137,2151,35914
2018-08-31,97.36,97.38,97.36,97.375,0.025000000000005684,1574,36023
2018-09-04,97.37,97.37,97.345,97.345,-0.030000000000001137,2582,36600
2018-09-05,97.345,97.36,97.34,97.34,-0.0049999999999954525,1084,36614
2018-09-06,97.35,97.365,97.34,97.36,0.01999999999999602,5455,36569
2018-09-07,97.365,97.365,97.295,97.3,-0.060000000000002274,3169,36826
2018-09-10,97.3,97.305,97.295,97.3,0,1299,37073
2018-09-11,97.295,97.295,97.245,97.255,-0.045000000000001705,4780,36509
2018-09-12,97.25,97.265,97.245,97.25,-0.0049999999999954525,4839,36889
2018-09-13,97.24,97.26,97.22,97.235,-0.015000000000000568,8263,37008
2018-09-14,97.235,97.235,97.21,97.215,-0.01999999999999602,5974,36168
2018-09-17,97.215,97.22,97.205,97.21,-0.005000000000009663,4698,36806
2018-09-18,97.23,97.23,97.19,97.195,-0.015000000000000568,5512,38410
2018-09-19,97.19,97.205,97.18,97.195,0,13931,43788
2018-09-20,97.205,97.21,97.19,97.205,0.010000000000005116,3848,44061
2018-09-21,97.205,97.22,97.195,97.215,0.010000000000005116,7408,46333
2018-09-24,97.22,97.22,97.195,97.215,0,6293,47953
2018-09-25,97.21,97.21,97.195,97.205,-0.010000000000005116,2980,47313
2018-09-26,97.215,97.225,97.195,97.21,0.0049999999999954525,6145,47611
2018-09-27,97.22,97.235,97.205,97.21,0,2287,47595
2018-09-28,97.215,97.24,97.215,97.225,0.015000000000000568,4225,48250
2018-10-01,97.225,97.225,97.205,97.215,-0.009999999999990905,3119,47908
2018-10-02,97.215,97.24,97.215,97.225,0.009999999999990905,8625,47721
2018-10-03,97.225,97.225,97.155,97.175,-0.04999999999999716,15039,46958
2018-10-04,97.155,97.155,97.13,97.14,-0.03499999999999659,12318,46311
2018-10-05,97.145,97.15,97.115,97.125,-0.015000000000000568,8144,44991
2018-10-08,97.12,97.145,97.115,97.14,0.015000000000000568,578,45077
2018-10-09,97.135,97.145,97.13,97.135,-0.0049999999999954525,5565,44372
2018-10-10,97.13,97.185,97.125,97.14,0.0049999999999954525,6350,44618
2018-10-11,97.195,97.2,97.16,97.195,0.05499999999999261,12002,44166
2018-10-12,97.19,97.2,97.165,97.19,-0.0049999999999954525,4528,44903
2018-10-15,97.185,97.19,97.18,97.18,-0.009999999999990905,2875,45018
2018-10-16,97.185,97.185,97.17,97.18,0,3550,45400
2018-10-17,97.175,97.19,97.155,97.175,-0.005000000000009663,7435,47746
2018-10-18,97.155,97.205,97.15,97.19,0.015000000000000568,14259,49759
2018-10-19,97.175,97.19,97.155,97.16,-0.030000000000001137,14815,52539
2018-10-22,97.17,97.17,97.155,97.155,-0.0049999999999954525,7754,55860
2018-10-23,97.165,97.22,97.165,97.19,0.03499999999999659,16258,58821
2018-10-24,97.19,97.255,97.19,97.22,0.030000000000001137,9422,59450
2018-10-25,97.25,97.255,97.205,97.21,-0.010000000000005116,6132,58278
2018-10-26,97.225,97.29,97.225,97.25,0.04000000000000625,14211,60503
2018-10-29,97.25,97.26,97.22,97.245,-0.0049999999999954525,6162,61782
2018-10-30,97.24,97.24,97.215,97.23,-0.015000000000000568,12778,68696
2018-10-31,97.21,97.21,97.185,97.195,-0.0350000000000108,12757,72551
2018-11-01,97.195,97.225,97.185,97.215,0.020000000000010232,7662,70975
2018-11-02,97.23,97.23,97.16,97.17,-0.045000000000001705,12268,70890
2018-11-05,97.185,97.185,97.165,97.17,0,21824,74455
2018-11-06,97.165,97.175,97.14,97.145,-0.025000000000005684,7530,74460
2018-11-07,97.15,97.17,97.12,97.135,-0.009999999999990905,6666,74963
2018-11-08,97.125,97.135,97.115,97.12,-0.015000000000000568,5720,75164
2018-11-09,97.125,97.15,97.125,97.145,0.024999999999991473,6334,74189
2018-11-12,97.15,97.185,97.15,97.17,0.025000000000005684,1756,74395
2018-11-13,97.175,97.195,97.165,97.185,0.015000000000000568,6162,75301
2018-11-14,97.195,97.25,97.185,97.225,0.03999999999999204,13435,75627
2018-11-15,97.22,97.265,97.21,97.235,0.010000000000005116,16296,77422
2018-11-16,97.24,97.3,97.23,97.285,0.04999999999999716,14876,79446
2018-11-19,97.305,97.325,97.275,97.32,0.03499999999999659,13554,80615
2018-11-20,97.315,97.325,97.3,97.305,-0.014999999999986358,9851,81681
2018-11-21,97.3,97.31,97.28,97.3,-0.005000000000009663,8504,81054
2018-11-23,97.305,97.335,97.295,97.315,0.015000000000000568,13135,86276
2018-11-26,97.32,97.32,97.295,97.295,-0.01999999999999602,9519,85488
2018-11-27,97.305,97.305,97.28,97.295,0,12173,86880
2018-11-28,97.3,97.335,97.29,97.33,0.03499999999999659,20391,89200
2018-11-29,97.33,97.355,97.33,97.33,0,33917,96351
2018-11-30,97.33,97.345,97.325,97.335,0.0049999999999954525,19003,96591
2018-12-03,97.325,97.325,97.3,97.305,-0.029999999999986926,16907,98025
2018-12-04,97.33,97.355,97.31,97.33,0.024999999999991473,,96720
2018-12-05,97.33,97.33,97.33,97.33,0,,96720
2018-12-06,97.34,97.47,97.335,97.4,0.07000000000000739,48651,99846
2018-12-07,97.4,97.445,97.38,97.44,0.03999999999999204,29641,110164
2018-12-10,97.455,97.485,97.435,97.45,0.010000000000005116,22403,108815
2018-12-11,97.455,97.455,97.405,97.41,-0.04000000000000625,12293,105540
2018-12-12,97.415,97.415,97.38,97.385,-0.024999999999991473,12918,104743
2018-12-13,97.385,97.395,97.38,97.39,0.0049999999999954525,10652,104877
2018-12-14,97.39,97.43,97.39,97.41,0.01999999999999602,8097,104898
2018-12-17,97.41,97.46,97.405,97.45,0.04000000000000625,6643,103953
2018-12-18,97.455,97.495,97.45,97.49,0.03999999999999204,11858,106122
2018-12-19,97.5,97.505,97.445,97.475,-0.015000000000000568,17941,106585
2018-12-20,97.465,97.475,97.45,97.46,-0.015000000000000568,22847,102535
2018-12-21,97.46,97.495,97.455,97.485,0.025000000000005684,27006,107402
2018-12-24,97.51,97.57,97.505,97.555,0.07000000000000739,5614,107849
2018-12-26,97.57,97.59,97.515,97.535,-0.020000000000010232,11619,104237
2018-12-27,97.53,97.58,97.525,97.575,0.04000000000000625,12929,103926
2018-12-28,97.545,97.59,97.545,97.58,0.0049999999999954525,7914,102544
2018-12-31,97.575,97.59,97.57,97.59,0.010000000000005116,15583,106068
2019-01-02,97.575,97.6,97.565,97.575,-0.015000000000000568,20449,106063
2019-01-03,97.63,97.745,97.585,97.715,0.14000000000000057,47577,110987
2019-01-04,97.715,97.72,97.6,97.625,-0.09000000000000341,33400,108624
2019-01-07,97.615,97.635,97.58,97.595,-0.030000000000001137,17243,108296
2019-01-08,97.59,97.59,97.53,97.535,-0.060000000000002274,17871,107002
2019-01-09,97.535,97.575,97.53,97.56,0.025000000000005684,17600,102482
2019-01-10,97.565,97.6,97.54,97.545,-0.015000000000000568,14996,103661
2019-01-11,97.55,97.575,97.55,97.555,0.010000000000005116,20262,104420
2019-01-14,97.565,97.585,97.56,97.56,0.0049999999999954525,13176,106345
2019-01-15,97.565,97.58,97.555,97.565,0.0049999999999954525,13214,106321
2019-01-16,97.565,97.575,97.545,97.565,0,10872,107021
2019-01-17,97.57,97.585,97.545,97.555,-0.009999999999990905,11876,106690
2019-01-18,97.55,97.555,97.51,97.515,-0.04000000000000625,18297,107871
2019-01-22,97.52,97.565,97.52,97.555,0.04000000000000625,8307,108005
2019-01-23,97.545,97.565,97.53,97.54,-0.015000000000000568,17710,107267
2019-01-24,97.54,97.56,97.54,97.55,0.009999999999990905,9457,106635
2019-01-25,97.55,97.55,97.515,97.52,-0.030000000000001137,16244,106266
2019-01-28,97.52,97.54,97.52,97.535,0.015000000000000568,10907,106386
2019-01-29,97.54,97.55,97.535,97.54,0.005000000000009663,4834,107498
2019-01-30,97.535,97.58,97.52,97.565,0.024999999999991473,35886,115903
2019-01-31,97.58,97.635,97.575,97.625,0.060000000000002274,38308,118613
2019-02-01,97.62,97.64,97.595,97.6,-0.025000000000005684,50348,113265
2019-02-04,97.6,97.605,97.585,97.59,-0.009999999999990905,13106,113154
2019-02-05,97.585,97.6,97.58,97.59,0,20280,114112
2019-02-06,97.595,97.605,97.585,97.585,-0.005000000000009663,14967,116357
2019-02-07,97.585,97.61,97.585,97.605,0.020000000000010232,20778,118257
2019-02-08,97.61,97.63,97.61,97.62,0.015000000000000568,12132,119894
2019-02-11,97.62,97.62,97.6,97.605,-0.015000000000000568,16008,120510
2019-02-12,97.61,97.61,97.595,97.595,-0.010000000000005116,19357,126990
2019-02-13,97.595,97.595,97.575,97.575,-0.01999999999999602,17104,127682
2019-02-14,97.58,97.615,97.575,97.605,0.030000000000001137,19039,129626
2019-02-15,97.605,97.605,97.59,97.595,-0.010000000000005116,9106,131733
2019-02-19,97.595,97.61,97.59,97.605,0.010000000000005116,18850,136193
2019-02-20,97.61,97.62,97.605,97.61,0.0049999999999954525,30688,135989
2019-02-21,97.615,97.615,97.6,97.6,-0.010000000000005116,20405,137863
2019-02-22,97.605,97.63,97.605,97.62,0.020000000000010232,28850,138936
2019-02-25,97.615,97.62,97.61,97.615,-0.005000000000009663,21295,143016
2019-02-26,97.625,97.635,97.62,97.63,0.015000000000000568,28783,146585
2019-02-27,97.635,97.64,97.62,97.625,-0.0049999999999954525,20093,145697
2019-02-28,97.63,97.635,97.6,97.605,-0.01999999999999602,43040,146999
2019-03-01,97.605,97.605,97.58,97.585,-0.020000000000010232,50989,147183
2019-03-04,97.575,97.595,97.555,97.59,0.005000000000009663,19230,146433
2019-03-05,97.59,97.595,97.575,97.58,-0.010000000000005116,17701,149617
2019-03-06,97.59,97.6,97.58,97.595,0.015000000000000568,16381,150672
2019-03-07,97.595,97.615,97.595,97.615,0.01999999999999602,27042,158378
2019-03-08,97.615,97.645,97.6,97.62,0.005000000000009663,29493,155449
2019-03-11,97.625,97.63,97.615,97.62,0,24308,159405
2019-03-12,97.62,97.65,97.615,97.645,0.024999999999991473,20445,159147
2019-03-13,97.64,97.65,97.635,97.65,0.005000000000009663,33253,159168
2019-03-14,97.64,97.65,97.635,97.645,-0.005000000000009663,13763,163178
2019-03-15,97.645,97.665,97.645,97.66,0.015000000000000568,23392,161234
2019-03-18,97.66,97.665,97.65,97.65,-0.009999999999990905,19468,162749
2019-03-19,97.655,97.655,97.645,97.645,-0.005000000000009663,37099,165842
2019-03-20,97.645,97.69,97.645,97.665,0.020000000000010232,34990,164401
2019-03-21,97.665,97.67,97.655,97.66,-0.005000000000009663,33337,152759
2019-03-22,97.66,97.75,97.66,97.715,0.05500000000000682,80693,164797
2019-03-25,97.715,97.815,97.715,97.795,0.0799999999999983,82581,158207
2019-03-26,97.79,97.79,97.745,97.765,-0.030000000000001137,32534,159393
2019-03-27,97.765,97.825,97.76,97.8,0.03499999999999659,70864,170156
2019-03-28,97.805,97.815,97.765,97.785,-0.015000000000000568,47244,171442
2019-03-29,97.78,97.785,97.745,97.755,-0.030000000000001137,46390,176558
2019-04-01,97.75,97.75,97.72,97.72,-0.03499999999999659,31833,174707
2019-04-02,97.73,97.745,97.73,97.73,0.010000000000005116,17279,177448
2019-04-03,97.735,97.735,97.71,97.715,-0.015000000000000568,37373,176329
2019-04-04,97.715,97.74,97.705,97.71,-0.005000000000009663,32566,164827
2019-04-05,97.705,97.715,97.685,97.695,-0.015000000000000568,54041,159671
2019-04-08,97.69,97.7,97.675,97.675,-0.01999999999999602,37830,158899
2019-04-09,97.675,97.69,97.67,97.685,0.010000000000005116,28098,155496
2019-04-10,97.69,97.705,97.69,97.69,0.0049999999999954525,40359,155863
2019-04-11,97.695,97.695,97.675,97.675,-0.015000000000000568,50578,172140
2019-04-12,97.675,97.675,97.66,97.665,-0.009999999999990905,48633,182722
2019-04-15,97.665,97.665,97.655,97.66,-0.005000000000009663,16731,190160
2019-04-16,97.66,97.66,97.65,97.655,-0.0049999999999954525,22332,191866
2019-04-17,97.66,97.66,97.65,97.655,0,28619,192229
2019-04-18,97.66,97.67,97.65,97.655,0,38552,205812
2019-04-22,97.655,97.685,97.655,97.68,0.025000000000005684,29871,216113
2019-04-23,97.68,97.695,97.675,97.685,0.0049999999999954525,27404,221456
2019-04-24,97.69,97.725,97.69,97.725,0.03999999999999204,40674,219441
2019-04-25,97.72,97.725,97.7,97.705,-0.01999999999999602,42411,220009
2019-04-26,97.705,97.745,97.69,97.73,0.025000000000005684,72161,232734
2019-04-29,97.73,97.73,97.715,97.72,-0.010000000000005116,27272,232879
2019-04-30,97.72,97.735,97.71,97.73,0.010000000000005116,32881,237617
2019-05-01,97.73,97.775,97.695,97.71,-0.020000000000010232,68812,235547
2019-05-02,97.7,97.7,97.675,97.675,-0.03499999999999659,46726,244717
2019-05-03,97.68,97.685,97.66,97.675,0,42733,245066
2019-05-06,97.68,97.73,97.68,97.7,0.025000000000005684,29389,239766
2019-05-07,97.705,97.715,97.69,97.715,0.015000000000000568,46391,239286
2019-05-08,97.705,97.72,97.695,97.7,-0.015000000000000568,43263,244394
2019-05-09,97.705,97.735,97.7,97.72,0.01999999999999602,45307,237934
2019-05-10,97.72,97.74,97.705,97.725,0.0049999999999954525,29158,242487
2019-05-13,97.72,97.79,97.72,97.775,0.05000000000001137,93551,249379
2019-05-14,97.785,97.79,97.77,97.77,-0.005000000000009663,64296,248646
2019-05-15,97.78,97.81,97.77,97.785,0.015000000000000568,51951,255005
2019-05-16,97.79,97.8,97.765,97.765,-0.01999999999999602,43386,261705
2019-05-17,97.77,97.785,97.755,97.76,-0.0049999999999954525,45223,263215
2019-05-20,97.765,97.765,97.745,97.745,-0.015000000000000568,33126,265165
2019-05-21,97.75,97.75,97.715,97.715,-0.030000000000001137,52415,268632
2019-05-22,97.72,97.73,97.72,97.72,0.0049999999999954525,48174,269895
2019-05-23,97.725,97.785,97.725,97.78,0.060000000000002274,88428,277286
2019-05-24,97.77,97.77,97.75,97.755,-0.025000000000005684,45247,286353
2019-05-28,97.75,97.775,97.745,97.77,0.015000000000000568,36114,285175
2019-05-29,97.77,97.81,97.77,97.79,0.020000000000010232,43469,286078
2019-05-30,97.775,97.8,97.77,97.79,0,61480,286821
2019-05-31,97.8,97.905,97.8,97.885,0.09499999999999886,126507,270748
2019-06-03,97.875,98.045,97.875,97.99,0.10499999999998977,138649,254029
2019-06-04,98.03,98.04,97.935,98.01,0.020000000000010232,78187,252331
2019-06-05,97.99,98.07,97.98,98.03,0.01999999999999602,48341,253820
2019-06-06,98.035,98.055,98.01,98.015,-0.015000000000000568,48584,257758
2019-06-07,98.02,98.105,98.005,98.075,0.060000000000002274,88338,267789
2019-06-10,98.035,98.055,98.005,98.035,-0.04000000000000625,58198,269173
2019-06-11,98.03,98.04,98,98.015,-0.01999999999999602,36072,265306
2019-06-12,98.005,98.05,98.005,98.035,0.01999999999999602,48166,259260
2019-06-13,98.035,98.11,98.03,98.095,0.060000000000002274,39767,262566
2019-06-14,98.095,98.12,98.065,98.08,-0.015000000000000568,45845,256323
2019-06-17,98.085,98.085,98.05,98.055,-0.024999999999991473,33041,256175
2019-06-18,98.055,98.095,98.035,98.05,-0.005000000000009663,60190,257801
2019-06-19,98.05,98.165,98.035,98.155,0.10500000000000398,100234,272559
2019-06-20,98.155,98.215,98.145,98.19,0.03499999999999659,115940,302639
2019-06-21,98.155,98.17,98.135,98.155,-0.03499999999999659,48084,309739
2019-06-24,98.175,98.195,98.16,98.19,0.03499999999999659,61091,302997
2019-06-25,98.19,98.2,98.14,98.17,-0.01999999999999602,75936,312892
2019-06-26,98.17,98.17,98.13,98.13,-0.04000000000000625,58318,314406
2019-06-27,98.13,98.155,98.115,98.145,0.015000000000000568,35939,318284
2019-06-28,98.14,98.15,98.135,98.14,-0.0049999999999954525,21816,317563
2019-07-01,98.09,98.13,98.08,98.09,-0.04999999999999716,37459,313049
2019-07-02,98.09,98.13,98.09,98.11,0.01999999999999602,26782,314415
2019-07-03,98.115,98.135,98.1,98.115,0.0049999999999954525,55233,322991
2019-07-05,98.125,98.125,98.025,98.05,-0.06499999999999773,107668,326935
2019-07-08,98.055,98.065,98.035,98.05,0,61828,331460
2019-07-09,98.04,98.045,98.015,98.02,-0.030000000000001137,47990,336079
2019-07-10,98.015,98.11,98.005,98.095,0.07500000000000284,120490,322450
2019-07-11,98.085,98.11,98.065,98.065,-0.030000000000001137,89323,321435
2019-07-12,98.065,98.09,98.06,98.09,0.025000000000005684,52405,322356
2019-07-15,98.095,98.1,98.085,98.095,0.0049999999999954525,34233,323115
2019-07-16,98.1,98.1,98.08,98.085,-0.010000000000005116,66593,312134
2019-07-17,98.095,98.12,98.085,98.1,0.015000000000000568,76048,328849
2019-07-18,98.12,98.185,98.1,98.16,0.060000000000002274,113352,331051
2019-07-19,98.175,98.18,98.08,98.095,-0.06499999999999773,88923,338270
2019-07-22,98.085,98.095,98.07,98.085,-0.010000000000005116,69575,351882
2019-07-23,98.08,98.085,98.065,98.07,-0.015000000000000568,63640,352342
2019-07-24,98.07,98.09,98.065,98.08,0.010000000000005116,44714,350192
2019-07-25,98.08,98.095,98.06,98.065,-0.015000000000000568,68124,349270
2019-07-26,98.06,98.075,98.045,98.05,-0.015000000000000568,71646,344196
2019-07-29,98.06,98.08,98.06,98.075,0.025000000000005684,50266,344682
2019-07-30,98.075,98.09,98.055,98.065,-0.010000000000005116,74987,344089
2019-07-31,98.055,98.085,97.98,98,-0.06499999999999773,200486,362663
2019-08-01,98.015,98.11,98,98.095,0.09499999999999886,172319,364776
2019-08-02,98.085,98.145,98.08,98.14,0.045000000000001705,150059,364243
2019-08-05,98.14,98.23,98.135,98.22,0.0799999999999983,146381,360728
2019-08-06,98.22,98.27,98.175,98.18,-0.03999999999999204,83754,359337
2019-08-07,98.19,98.27,98.19,98.23,0.04999999999999716,103819,335033
2019-08-08,98.225,98.23,98.175,98.195,-0.0350000000000108,65775,327964
2019-08-09,98.195,98.225,98.18,98.19,-0.0049999999999954525,68492,317198
2019-08-12,98.185,98.22,98.185,98.215,0.025000000000005684,37743,317706
2019-08-13,98.21,98.23,98.155,98.16,-0.05500000000000682,100956,314918
2019-08-14,98.16,98.22,98.155,98.21,0.04999999999999716,114776,344261
2019-08-15,98.21,98.265,98.205,98.245,0.0350000000000108,102827,333380
2019-08-16,98.245,98.25,98.205,98.215,-0.030000000000001137,87560,330200
2019-08-19,98.21,98.21,98.175,98.18,-0.03499999999999659,62947,321745
2019-08-20,98.185,98.19,98.17,98.17,-0.010000000000005116,57239,315034
2019-08-21,98.175,98.175,98.15,98.16,-0.010000000000005116,88821,326946
2019-08-22,98.155,98.17,98.135,98.14,-0.01999999999999602,100875,344407
2019-08-23,98.14,98.195,98.13,98.185,0.045000000000001705,281312,368519
2019-08-26,98.22,98.225,98.15,98.155,-0.030000000000001137,131296,398729
2019-08-27,98.155,98.17,98.14,98.155,0,119908,426842
2019-08-28,98.15,98.175,98.15,98.16,0.0049999999999954525,110669,448054
2019-08-29,98.16,98.17,98.15,98.15,-0.009999999999990905,102823,454996
2019-08-30,98.155,98.16,98.15,98.155,0.0049999999999954525,47569,455292
2019-09-03,98.155,98.195,98.155,98.175,0.01999999999999602,159279,473371
2019-09-04,98.195,98.195,98.18,98.195,0.01999999999999602,105341,488971
2019-09-05,98.195,98.195,98.14,98.15,-0.044999999999987494,186370,476159
2019-09-06,98.15,98.155,98.13,98.135,-0.015000000000000568,145641,470274
2019-09-09,98.135,98.14,98.13,98.135,0,76685,465261
2019-09-10,98.135,98.135,98.13,98.13,-0.005000000000009663,124149,485839
2019-09-11,98.13,98.135,98.125,98.125,-0.0049999999999954525,66695,487443
2019-09-12,98.13,98.135,98.115,98.125,0,149932,485417
2019-09-13,98.125,98.125,98.105,98.105,-0.01999999999999602,158562,475987
2019-09-16,98.115,98.12,98.085,98.09,-0.015000000000000568,194872,515087
2019-09-17,98.095,98.115,98.09,98.095,0.0049999999999954525,164293,512788
2019-09-18,98.1,98.14,98.09,98.11,0.015000000000000568,252156,491722
2019-09-19,98.1,98.13,98.095,98.12,0.010000000000005116,161306,453489
2019-09-20,98.12,98.145,98.115,98.135,0.015000000000000568,188061,421856
2019-09-23,98.14,98.145,98.125,98.13,-0.005000000000009663,69909,401188
2019-09-24,98.13,98.13,98.11,98.12,-0.009999999999990905,58797,390850
2019-09-25,98.115,98.125,98.1,98.115,-0.005000000000009663,63903,393453
2019-09-26,98.125,98.14,98.12,98.13,0.015000000000000568,68469,388221
2019-09-27,98.135,98.15,98.135,98.15,0.020000000000010232,73978,387558
2019-09-30,98.145,98.155,98.1425,98.1525,0.0024999999999977263,70391,405690
2019-10-01,98.15,98.1525,98.1475,98.15,-0.0024999999999977263,55825,395900
2019-10-02,98.1525,98.1525,98.1425,98.145,-0.005000000000009663,29330,395575
2019-10-03,98.1475,98.1525,98.145,98.1525,0.00750000000000739,33502,391679
2019-10-04,98.1525,98.165,98.15,98.1625,0.009999999999990905,84600,409545
2019-10-07,98.16,98.1675,98.16,98.165,0.002500000000011937,18406,408096
2019-10-08,98.165,98.17,98.165,98.165,0,16947,407636
2019-10-09,98.1675,98.17,98.165,98.1675,0.0024999999999977263,16387,411006
2019-10-10,98.17,98.1725,98.1675,98.1675,0,24120,416771
2019-10-11,98.1675,98.18,98.1675,98.1775,0.009999999999990905,47669,414200
2019-10-14,98.175,98.1775,98.175,98.175,-0.0024999999999977263,5777,413710
2019-10-15,98.175,98.18,98.1675,98.1675,-0.007499999999993179,35161,420458
2019-10-16,98.17,98.1725,98.16,98.165,-0.0024999999999977263,52442,422052
2019-10-17,98.165,98.1675,98.16,98.1625,-0.002500000000011937,32776,431354
2019-10-18,98.165,98.1725,98.165,98.1675,0.005000000000009663,19249,436831
2019-10-21,98.1675,98.17,98.165,98.165,-0.0024999999999977263,12590,434933
2019-10-22,98.165,98.165,98.16,98.16,-0.005000000000009663,4526,437551
2019-10-23,98.1625,98.165,98.16,98.16,0,13765,434772
2019-10-24,98.1625,98.165,98.1625,98.1625,0.0024999999999977263,10899,425682
2019-10-25,98.1625,98.165,98.1625,98.165,0.002500000000011937,30290,428658
2019-10-28,98.165,98.17,98.1625,98.165,0,42500,404679
2019-10-29,98.1675,98.17,98.165,98.1675,0.0024999999999977263,11572,403337
2019-10-30,98.1675,98.17,98.1675,98.17,0.0024999999999977263,21756,407732
2019-10-31,98.17,98.17,98.1675,98.1675,-0.0024999999999977263,1730,
Downloaded from Barchart.com as of 01-03-2024 11:03am CST