Time,Open,High,Low,Last,Change,%Chg,Volume,"Open Int"
08/16/2024,96.65,96.67,96.59,96.635,0.035,+0.04%,55,0
08/15/2024,96.605,96.645,96.6,96.6,-0.205,-0.21%,417,854
08/14/2024,96.78,96.81,96.78,96.805,-0.01,-0.01%,22,966
08/13/2024,96.805,96.815,96.7,96.815,0.105,+0.11%,122,952
08/12/2024,96.64,96.71,96.64,96.71,0.04,+0.04%,44,943
08/09/2024,96.685,96.69,96.67,96.67,-0.01,-0.01%,151,944
08/08/2024,96.8,96.805,96.645,96.68,-0.045,-0.05%,187,1012
08/07/2024,96.675,96.75,96.675,96.725,0,0.00%,232,1044
08/06/2024,96.71,96.795,96.685,96.725,-0.13,-0.13%,94,906
08/05/2024,96.855,97.07,96.855,96.855,-0.05,-0.05%,159,954
08/02/2024,96.91,96.91,96.77,96.905,0.35,+0.36%,776,994
08/01/2024,96.445,96.565,96.445,96.555,0.23,+0.24%,224,998
07/31/2024,96.325,96.42,96.3,96.325,0.035,+0.04%,150,860
07/30/2024,96.255,96.305,96.245,96.29,0.03,+0.03%,91,747
07/29/2024,96.29,96.29,96.26,96.26,0,0.00%,90,683
07/26/2024,96.255,96.26,96.255,96.26,0.04,+0.04%,131,636
07/25/2024,96.205,96.34,96.205,96.22,-0.025,-0.03%,3,529
07/24/2024,96.245,96.245,96.195,96.245,0.045,+0.05%,0,529
07/23/2024,96.2,96.2,96.2,96.2,0.035,+0.04%,0,529
07/22/2024,96.165,96.165,96.165,96.165,-0.02,-0.02%,0,529
07/19/2024,96.2,96.2,96.185,96.185,-0.05,-0.05%,33,529
07/18/2024,96.26,96.26,96.235,96.235,-0.025,-0.03%,13,499
07/17/2024,96.245,96.28,96.235,96.26,0.01,+0.01%,7,488
07/16/2024,96.305,96.305,96.25,96.25,-0.02,-0.02%,111,488
07/15/2024,96.245,96.29,96.235,96.27,0.03,+0.03%,249,492
07/12/2024,96.23,96.24,96.165,96.24,0.055,+0.06%,128,422
07/11/2024,96.015,96.21,96.015,96.185,0.165,+0.17%,108,300
07/10/2024,96.035,96.035,96.02,96.02,0.015,+0.02%,4,298
07/09/2024,96.015,96.015,96.005,96.005,-0.01,-0.01%,23,298
07/08/2024,96.015,96.015,96.005,96.015,-0.01,-0.01%,0,278
07/05/2024,95.975,96.025,95.895,96.025,0.12,+0.13%,17,278
07/03/2024,95.86,95.905,95.83,95.905,0.05,+0.05%,13,272
07/02/2024,95.875,95.875,95.855,95.855,0.03,+0.03%,3,276
07/01/2024,95.835,95.835,95.815,95.825,-0.065,-0.07%,149,276
06/28/2024,95.86,95.89,95.86,95.89,0.01,+0.01%,19,233
06/27/2024,95.88,95.905,95.84,95.88,0.02,+0.02%,21,229
06/26/2024,95.875,95.875,95.86,95.86,-0.07,-0.07%,30,226
06/25/2024,95.93,95.945,95.925,95.93,-0.01,-0.01%,34,203
06/24/2024,95.94,95.95,95.935,95.94,0,0.00%,7,203
06/21/2024,95.94,95.96,95.925,95.94,0.005,+0.01%,28,204
06/20/2024,95.935,95.935,95.935,95.935,-0.035,-0.04%,10,181
06/18/2024,95.965,95.975,95.965,95.97,0.08,+0.08%,34,176
06/17/2024,95.89,95.89,95.89,95.89,-0.09,-0.09%,45,186
06/14/2024,95.98,95.985,95.98,95.98,0.02,+0.02%,12,141
06/13/2024,95.96,95.96,95.96,95.96,0.095,+0.10%,4,137
06/12/2024,95.865,95.865,95.865,95.865,0.125,+0.13%,6,137
06/11/2024,95.74,95.74,95.74,95.74,0.05,+0.05%,0,136
06/10/2024,95.69,95.69,95.69,95.69,0,0.00%,0,136
06/07/2024,95.69,95.69,95.69,95.69,-0.185,-0.19%,0,136
06/06/2024,95.875,95.875,95.875,95.875,0.02,+0.02%,12,136
06/05/2024,95.855,95.865,95.855,95.855,0.07,+0.07%,8,132
06/04/2024,95.785,95.785,95.785,95.785,0.075,+0.08%,0,128
06/03/2024,95.71,95.71,95.71,95.71,0.105,+0.11%,0,128
05/31/2024,95.605,95.605,95.605,95.605,0.05,+0.05%,0,128
05/30/2024,95.555,95.555,95.555,95.555,0.05,+0.05%,0,128
05/29/2024,95.505,95.505,95.505,95.505,-0.03,-0.03%,6,128
05/28/2024,95.535,95.535,95.535,95.535,-0.03,-0.03%,0,122
05/24/2024,95.565,95.565,95.565,95.565,-0.035,-0.04%,0,122
05/23/2024,95.6,95.6,95.6,95.6,-0.08,-0.08%,0,122
05/22/2024,95.68,95.68,95.68,95.68,-0.065,-0.07%,0,122
05/21/2024,95.745,95.745,95.745,95.745,0.02,+0.02%,0,122
05/20/2024,95.725,95.725,95.725,95.725,-0.03,-0.03%,0,122
05/17/2024,95.755,95.755,95.755,95.755,-0.035,-0.04%,0,122
05/16/2024,95.79,95.79,95.79,95.79,-0.075,-0.08%,0,122
05/15/2024,95.865,95.865,95.865,95.865,0.125,+0.13%,0,122
05/14/2024,95.74,95.74,95.74,95.74,0.03,+0.03%,0,122
05/13/2024,95.71,95.71,95.71,95.71,0.005,+0.01%,0,122
05/10/2024,95.705,95.705,95.705,95.705,-0.065,-0.07%,0,122
05/09/2024,95.77,95.77,95.77,95.77,0.03,+0.03%,0,122
05/08/2024,95.74,95.74,95.74,95.74,-0.02,-0.02%,0,122
05/07/2024,95.76,95.76,95.76,95.76,0,0.00%,0,122
05/06/2024,95.76,95.76,95.76,95.76,-0.015,-0.02%,0,122
05/03/2024,95.775,95.775,95.775,95.775,0.125,+0.13%,0,122
05/02/2024,95.65,95.65,95.65,95.65,0.075,+0.08%,1,122
05/01/2024,95.575,95.575,95.575,95.575,0.14,+0.15%,0,122
04/30/2024,95.435,95.435,95.435,95.435,-0.085,-0.09%,321,122
04/29/2024,95.52,95.52,95.52,95.52,0.025,+0.03%,0,3
04/26/2024,95.495,95.495,95.495,95.495,-0.015,-0.02%,0,3
04/25/2024,95.51,95.51,95.51,95.51,-0.09,-0.09%,0,3
04/24/2024,95.6,95.6,95.6,95.6,-0.03,-0.03%,0,3
04/23/2024,95.63,95.63,95.63,95.63,0.05,+0.05%,0,3
04/22/2024,95.58,95.58,95.58,95.58,0.005,+0.01%,0,3
04/19/2024,95.575,95.575,95.575,95.575,0.02,+0.02%,0,3
04/18/2024,95.555,95.555,95.555,95.555,-0.075,-0.08%,0,3
04/17/2024,95.63,95.63,95.63,95.63,0.04,+0.04%,0,3
04/16/2024,95.59,95.59,95.59,95.59,-0.035,-0.04%,0,3
04/15/2024,95.625,95.625,95.625,95.625,-0.06,-0.06%,0,3
04/12/2024,95.685,95.685,95.685,95.685,0.075,+0.08%,0,3
04/11/2024,95.61,95.61,95.61,95.61,0,0.00%,0,3
04/10/2024,95.61,95.61,95.61,95.61,-0.305,-0.32%,0,3
04/09/2024,95.915,95.915,95.915,95.915,0.055,+0.06%,0,3
04/08/2024,95.86,95.86,95.86,95.86,-0.09,-0.09%,0,3
04/05/2024,95.95,95.95,95.95,95.95,-0.12,-0.12%,0,3
04/04/2024,96.07,96.07,96.07,96.07,0.04,+0.04%,0,3
04/03/2024,96.03,96.03,96.03,96.03,0.015,+0.02%,0,3
04/02/2024,96.015,96.015,96.015,96.015,0.015,+0.02%,0,3
04/01/2024,96,96,96,96,-0.1,-0.10%,0,3
03/28/2024,96.1,96.1,96.1,96.1,-0.06,-0.06%,0,3
03/27/2024,96.16,96.16,96.16,96.16,0.03,+0.03%,0,3
03/26/2024,96.13,96.13,96.13,96.13,-0.005,-0.01%,0,3
03/25/2024,96.135,96.135,96.135,96.135,-0.04,-0.04%,0,3
03/22/2024,96.175,96.175,96.175,96.175,0.03,+0.03%,0,3
03/21/2024,96.145,96.145,96.145,96.145,-0.035,-0.04%,0,3
03/20/2024,96.18,96.18,96.18,96.18,0.105,+0.11%,0,3
03/19/2024,96.075,96.075,96.075,96.075,0.04,+0.04%,3,3
03/18/2024,96.035,96.035,96.035,96.035,-0.035,-0.04%,0,0
03/15/2024,96.07,96.07,96.07,96.07,-0.055,-0.06%,0,0
03/14/2024,96.125,96.125,96.125,96.125,-0.09,-0.09%,0,0
03/13/2024,96.215,96.215,96.215,96.215,-0.035,-0.04%,0,0
03/12/2024,96.25,96.25,96.25,96.25,-0.085,-0.09%,0,0
03/11/2024,96.335,96.335,96.335,96.335,-0.04,-0.04%,0,0
03/08/2024,96.375,96.375,96.375,96.375,0.05,+0.05%,0,0
03/07/2024,96.325,96.325,96.325,96.325,0.05,+0.05%,0,0
03/06/2024,96.275,96.275,96.275,96.275,-0.005,-0.01%,0,0
03/05/2024,96.28,96.28,96.28,96.28,0.07,+0.07%,0,0
03/04/2024,96.21,96.21,96.21,96.21,-0.075,-0.08%,0,0
03/01/2024,96.285,96.285,96.285,96.285,0.11,+0.11%,0,0
02/29/2024,96.175,96.175,96.175,96.175,-0.01,-0.01%,0,0
02/28/2024,96.185,96.185,96.185,96.185,0.07,+0.07%,0,0
02/27/2024,96.115,96.115,96.115,96.115,-0.005,-0.01%,0,0
02/26/2024,96.12,96.12,96.12,96.12,-0.035,-0.04%,0,0
02/23/2024,96.155,96.155,96.155,96.155,0.015,+0.02%,0,0
02/22/2024,96.14,96.14,96.14,96.14,-0.085,-0.09%,0,0
02/21/2024,96.225,96.225,96.225,96.225,-0.04,-0.04%,0,0
02/20/2024,96.265,96.265,96.265,96.265,0.04,+0.04%,0,0
02/16/2024,96.225,96.225,96.225,96.225,-0.085,-0.09%,0,0
02/15/2024,96.31,96.31,96.31,96.31,0.015,+0.02%,0,0
02/14/2024,96.295,96.295,96.295,96.295,0.085,+0.09%,0,0
02/13/2024,96.21,96.21,96.21,96.21,-0.255,-0.26%,0,0
02/12/2024,96.465,96.465,96.465,96.465,0.015,+0.02%,0,0
02/09/2024,96.45,96.45,96.45,96.45,-0.065,-0.07%,0,0
02/08/2024,96.515,96.515,96.515,96.515,-0.045,-0.05%,0,0
02/07/2024,96.56,96.56,96.56,96.56,-0.01,-0.01%,0,0
02/06/2024,96.57,96.57,96.57,96.57,0.075,+0.08%,0,0
02/05/2024,96.495,96.495,96.495,96.495,-0.12,-0.12%,0,0
02/02/2024,96.615,96.615,96.615,96.615,-0.21,-0.22%,0,0
02/01/2024,96.825,96.825,96.825,96.825,0.04,+0.04%,0,0
01/31/2024,96.785,96.785,96.785,96.785,0.16,+0.17%,0,0
01/30/2024,96.625,96.625,96.625,96.625,-0.055,-0.06%,0,0
01/29/2024,96.68,96.68,96.68,96.68,0.04,+0.04%,0,0
01/26/2024,96.64,96.64,96.64,96.64,-0.07,-0.07%,0,0
01/25/2024,96.71,96.71,96.71,96.71,0.065,+0.07%,0,0
01/24/2024,96.645,96.645,96.645,96.645,0.01,+0.01%,0,0
01/23/2024,96.635,96.635,96.635,96.635,-0.005,-0.01%,0,0
01/22/2024,96.64,96.64,96.64,96.64,0.045,+0.05%,0,0
01/19/2024,96.595,96.595,96.595,96.595,-0.09,-0.09%,0,0
01/18/2024,96.685,96.685,96.685,96.685,0.005,+0.01%,0,0
01/17/2024,96.68,96.68,96.68,96.68,-0.175,-0.18%,0,0
01/16/2024,96.855,96.855,96.855,96.855,-0.105,-0.11%,0,0
01/12/2024,96.96,96.96,96.96,96.96,0.135,+0.14%,0,0
01/11/2024,96.825,96.825,96.825,96.825,0.125,+0.13%,0,0
01/10/2024,96.7,96.7,96.7,96.7,0.01,+0.01%,0,0
01/09/2024,96.69,96.69,96.69,96.69,-0.025,-0.03%,0,0
01/08/2024,96.715,96.715,96.715,96.715,0.015,+0.02%,0,0
01/05/2024,96.7,96.7,96.7,96.7,-0.02,-0.02%,0,0
01/04/2024,96.72,96.72,96.72,96.72,-0.09,-0.09%,0,0
01/03/2024,96.81,96.81,96.81,96.81,-0.01,-0.01%,0,0
01/02/2024,96.82,96.82,96.82,96.82,-0.1,-0.10%,0,0
12/29/2023,96.92,96.92,96.92,96.92,0.04,+0.04%,0,0
12/28/2023,96.88,96.88,96.88,96.88,-0.05,-0.05%,0,0
12/27/2023,96.93,96.93,96.93,96.93,0.065,+0.07%,0,0
12/26/2023,96.865,96.865,96.865,96.865,-0.025,-0.03%,0,0
12/22/2023,96.89,96.89,96.89,96.89,0.01,+0.01%,0,0
12/21/2023,96.88,96.88,96.88,96.88,0.03,+0.03%,0,0
12/20/2023,96.85,96.85,96.85,96.85,0.09,+0.09%,0,0
12/19/2023,96.76,96.76,96.76,96.76,0.015,+0.02%,0,0
12/18/2023,96.745,96.745,96.745,96.745,0.01,+0.01%,0,0
12/15/2023,96.735,96.735,96.735,96.735,-0.055,-0.06%,0,0
12/14/2023,96.79,96.79,96.79,96.79,0.1,+0.10%,0,0
12/13/2023,96.69,96.69,96.69,96.69,0.285,+0.30%,0,0
12/12/2023,96.405,96.405,96.405,96.405,-0.015,-0.02%,0,0
12/11/2023,96.42,96.42,96.42,96.42,0.01,+0.01%,0,0
12/08/2023,96.41,96.41,96.41,96.41,-0.18,-0.19%,0,0
12/07/2023,96.59,96.59,96.59,96.59,0.05,+0.05%,0,0
12/06/2023,96.54,96.54,96.54,96.54,-0.055,-0.06%,0,0
12/05/2023,96.595,96.595,96.595,96.595,0.075,+0.08%,0,0
12/04/2023,96.52,96.52,96.52,96.52,-0.09,-0.09%,0,0
12/01/2023,96.61,96.61,96.61,96.61,0.175,+0.18%,0,0
11/30/2023,96.435,96.435,96.435,96.435,-0.075,-0.08%,0,0
11/29/2023,96.51,96.51,96.51,96.51,0.155,+0.16%,0,0
11/28/2023,96.355,96.355,96.355,96.355,0.165,+0.17%,0,0
11/27/2023,96.19,96.19,96.19,96.19,0.06,+0.06%,0,0
11/24/2023,96.13,96.13,96.13,96.13,-0.045,-0.05%,0,0
11/22/2023,96.175,96.175,96.175,96.175,-0.025,-0.03%,0,0
11/21/2023,96.2,96.2,96.2,96.2,0.05,+0.05%,0,0
11/20/2023,96.15,96.15,96.15,96.15,0.035,+0.04%,0,0
11/17/2023,96.115,96.115,96.115,96.115,-0.055,-0.06%,0,0
11/16/2023,96.17,96.17,96.17,96.17,0.09,+0.09%,0,0
11/15/2023,96.08,96.08,96.08,96.08,-0.12,-0.12%,0,0
11/14/2023,96.2,96.2,96.2,96.2,0.26,+0.27%,0,0
11/13/2023,95.94,95.94,95.94,95.94,0.035,+0.04%,0,0
11/10/2023,95.905,95.905,95.905,95.905,-0.04,-0.04%,0,0
11/09/2023,95.945,95.945,95.945,95.945,-0.085,-0.09%,0,0
11/08/2023,96.03,96.03,96.03,96.03,-0.02,-0.02%,0,0
11/07/2023,96.05,96.05,96.05,96.05,0.05,+0.05%,0,0
11/06/2023,96,96,96,96,-0.13,-0.14%,0,0
11/03/2023,96.13,96.13,96.13,96.13,0.185,+0.19%,0,0
11/02/2023,95.945,95.945,95.945,95.945,0.01,+0.01%,0,0
11/01/2023,95.935,95.935,95.935,95.935,0.17,+0.18%,0,0
10/31/2023,95.765,95.765,95.765,95.765,-0.05,-0.05%,0,0
10/30/2023,95.815,95.815,95.815,95.815,-0.025,-0.03%,0,0
10/27/2023,95.84,95.84,95.84,95.84,0.04,+0.04%,0,0
10/26/2023,95.8,95.8,95.8,95.8,0.08,+0.08%,0,0
10/25/2023,95.72,95.72,95.72,95.72,-0.06,-0.06%,0,0
10/24/2023,95.78,95.78,95.78,95.78,-0.04,-0.04%,0,0
10/23/2023,95.82,95.82,95.82,95.82,0.05,+0.05%,0,0
10/20/2023,95.77,95.77,95.77,95.77,0.11,+0.11%,0,0
10/19/2023,95.66,95.66,95.66,95.66,0.02,+0.02%,0,0
10/18/2023,95.64,95.64,95.64,95.64,-0.025,-0.03%,0,0
10/17/2023,95.665,95.665,95.665,95.665,-0.14,-0.15%,0,0
10/16/2023,95.805,95.805,95.805,95.805,-0.045,-0.05%,0,0
10/13/2023,95.85,95.85,95.85,95.85,0.01,+0.01%,0,0
10/12/2023,95.84,95.84,95.84,95.84,-0.06,-0.06%,0,0
10/11/2023,95.9,95.9,95.9,95.9,-0.045,-0.05%,0,0
10/10/2023,95.945,95.945,95.945,95.945,-0.04,-0.04%,0,0
10/09/2023,95.985,95.985,95.985,95.985,0.175,+0.18%,0,0
10/06/2023,95.81,95.81,95.81,95.81,-0.065,-0.07%,0,0
10/05/2023,95.875,95.875,95.875,95.875,0.03,+0.03%,0,0
10/04/2023,95.845,95.845,95.845,95.845,0.11,+0.11%,0,0
10/03/2023,95.735,95.735,95.735,95.735,-0.035,-0.04%,0,0
10/02/2023,95.77,95.77,95.77,95.77,-0.07,-0.07%,0,0
09/29/2023,95.84,95.84,95.84,95.84,0.025,+0.03%,0,0
09/28/2023,95.815,95.815,95.815,95.815,0.075,+0.08%,0,0
09/27/2023,95.74,95.74,95.74,95.74,-0.055,-0.06%,0,0
09/26/2023,95.795,95.795,95.795,95.795,0.01,+0.01%,0,0
09/25/2023,95.785,95.785,95.785,95.785,0.005,+0.01%,0,0
09/22/2023,95.78,95.78,95.78,95.78,0.01,+0.01%,0,0
09/21/2023,95.77,95.77,95.77,95.77,-0.045,-0.05%,0,0
09/20/2023,95.815,95.815,95.815,95.815,0.005,+0.01%,0,0
09/19/2023,95.81,95.81,95.81,95.81,-0.07,-0.07%,0,0
09/18/2023,95.88,95.88,95.88,95.88,-0.03,-0.03%,0,0
09/15/2023,95.91,95.91,95.91,95.91,-0.04,-0.04%,0,0
09/14/2023,95.95,95.95,95.95,95.95,-0.04,-0.04%,0,0
09/13/2023,95.99,95.99,95.99,95.99,0.015,+0.02%,0,0
09/12/2023,95.975,95.975,95.975,95.975,-0.03,-0.03%,0,0
09/11/2023,96.005,96.005,96.005,96.005,-0.005,-0.01%,0,0
09/08/2023,96.01,96.01,96.01,96.01,-0.05,-0.05%,0,0
09/07/2023,96.06,96.06,96.06,96.06,0.09,+0.09%,0,0
09/06/2023,95.97,95.97,95.97,95.97,-0.075,-0.08%,0,0
09/05/2023,96.045,96.045,96.045,96.045,-0.1,-0.10%,0,0
09/01/2023,96.145,96.145,96.145,96.145,-0.015,-0.02%,0,0
08/31/2023,96.16,96.16,96.16,96.16,0.025,+0.03%,0,0
08/30/2023,96.135,96.135,96.135,96.135,0.03,+0.03%,0,0
08/29/2023,96.105,96.105,96.105,96.105,0.145,+0.15%,0,0
08/28/2023,95.96,95.96,95.96,95.96,0.01,+0.01%,0,0
08/25/2023,95.95,95.95,95.95,95.95,-0.045,-0.05%,0,0
08/24/2023,95.995,95.995,95.995,95.995,-0.07,-0.07%,0,0
08/23/2023,96.065,96.065,96.065,96.065,0.11,+0.11%,0,0
08/22/2023,95.955,95.955,95.955,95.955,-0.06,-0.06%,0,0
08/21/2023,96.015,96.015,96.015,96.015,-0.06,-0.06%,0,0
08/18/2023,96.075,96.075,96.075,96.075,0.025,+0.03%,0,0
08/17/2023,96.05,96.05,96.05,96.05,-0.01,-0.01%,0,0
08/16/2023,96.06,96.06,96.06,96.06,-0.03,-0.03%,0,0
08/15/2023,96.09,96.09,96.09,96.09,0,0.00%,0,0
08/14/2023,96.09,96.09,96.09,96.09,-0.095,-0.10%,0,0
08/11/2023,96.185,96.185,96.185,96.185,-0.115,-0.12%,0,0
08/10/2023,96.3,96.3,96.3,96.3,0.015,+0.02%,0,0
08/09/2023,96.285,96.285,96.285,96.285,-0.05,-0.05%,0,0
08/08/2023,96.335,96.335,96.335,96.335,0.01,+0.01%,0,0
08/07/2023,96.325,96.325,96.325,96.325,0.055,+0.06%,0,0
08/04/2023,96.27,96.27,96.27,96.27,0.12,+0.12%,0,0
08/03/2023,96.15,96.15,96.15,96.15,-0.02,-0.02%,0,0
08/02/2023,96.17,96.17,96.17,96.17,0.04,+0.04%,0,0
08/01/2023,96.13,96.13,96.13,96.13,-0.025,-0.03%,0,0
07/31/2023,96.155,96.155,96.155,96.155,0.035,+0.04%,0,0
07/28/2023,96.12,96.12,96.12,96.12,0.03,+0.03%,0,0
07/27/2023,96.09,96.09,96.09,96.09,-0.175,-0.18%,0,0
07/26/2023,96.265,96.265,96.265,96.265,0.085,+0.09%,0,0
07/25/2023,96.18,96.18,96.18,96.18,-0.055,-0.06%,0,0
07/24/2023,96.235,96.235,96.235,96.235,-0.05,-0.05%,0,0
07/21/2023,96.285,96.285,96.285,96.285,-0.025,-0.03%,0,0
07/20/2023,96.31,96.31,96.31,96.31,-0.105,-0.11%,0,0
07/19/2023,96.415,96.415,96.415,96.415,0.01,+0.01%,0,0
07/18/2023,96.405,96.405,96.405,96.405,-0.005,-0.01%,0,0
07/17/2023,96.41,96.41,96.41,96.41,0.01,+0.01%,0,0
07/14/2023,96.4,96.4,96.4,96.4,-0.18,-0.19%,0,0
07/13/2023,96.58,96.58,96.58,96.58,0.195,+0.20%,0,0
07/12/2023,96.385,96.385,96.385,96.385,0.22,+0.23%,0,0
07/11/2023,96.165,96.165,96.165,96.165,-0.035,-0.04%,0,0
07/10/2023,96.2,96.2,96.2,96.2,0.1,+0.10%,0,0
07/07/2023,96.1,96.1,96.1,96.1,0.095,+0.10%,0,0
07/06/2023,96.005,96.005,96.005,96.005,-0.065,-0.07%,0,0
07/05/2023,96.07,96.07,96.07,96.07,-0.03,-0.03%,0,0
07/03/2023,96.1,96.1,96.1,96.1,-0.075,-0.08%,0,0
06/30/2023,96.175,96.175,96.175,96.175,-0.025,-0.03%,0,0
06/29/2023,96.2,96.2,96.2,96.2,-0.16,-0.17%,0,0
06/28/2023,96.36,96.36,96.36,96.36,0.06,+0.06%,0,0
06/27/2023,96.3,96.3,96.3,96.3,-0.09,-0.09%,0,0
06/26/2023,96.39,96.39,96.39,96.39,0.005,+0.01%,0,0
06/23/2023,96.385,96.385,96.385,96.385,0.05,+0.05%,0,0
06/22/2023,96.335,96.335,96.335,96.335,-0.115,-0.12%,0,0
06/21/2023,96.45,96.45,96.45,96.45,0.005,+0.01%,0,0
06/20/2023,96.445,96.445,96.445,96.445,0.105,+0.11%,0,0
06/16/2023,96.34,96.34,96.34,96.34,-0.09,-0.09%,0,0
06/15/2023,96.43,96.43,96.43,96.43,0.06,+0.06%,0,0
06/14/2023,96.37,96.37,96.37,96.37,0.005,+0.01%,0,0
06/13/2023,96.365,96.365,96.365,96.365,-0.155,-0.16%,0,0
06/12/2023,96.52,96.52,96.52,96.52,0.03,+0.03%,0,0
06/09/2023,96.49,96.49,96.49,96.49,-0.11,-0.11%,0,0
06/08/2023,96.6,96.6,96.6,96.6,0.03,+0.03%,0,0
06/07/2023,96.57,96.57,96.57,96.57,-0.085,-0.09%,0,0
06/06/2023,96.655,96.655,96.655,96.655,-0.085,-0.09%,0,0
06/05/2023,96.74,96.74,96.74,96.74,0.055,+0.06%,0,0
06/02/2023,96.685,96.685,96.685,96.685,-0.22,-0.23%,0,0
06/01/2023,96.905,96.905,96.905,96.905,0.025,+0.03%,0,0
05/31/2023,96.88,96.88,96.88,96.88,0.115,+0.12%,0,0
05/30/2023,96.765,96.765,96.765,96.765,0.21,+0.22%,0,0
05/26/2023,96.555,96.555,96.555,96.555,-0.115,-0.12%,0,0
05/25/2023,96.67,96.67,96.67,96.67,-0.17,-0.18%,0,0
05/24/2023,96.84,96.84,96.84,96.84,-0.025,-0.03%,0,0
05/23/2023,96.865,96.865,96.865,96.865,0,0.00%,0,0
05/22/2023,96.865,96.865,96.865,96.865,-0.04,-0.04%,0,0
05/19/2023,96.905,96.905,96.905,96.905,-0.035,-0.04%,0,0
05/18/2023,96.94,96.94,96.94,96.94,-0.085,-0.09%,0,0
05/17/2023,97.025,97.025,97.025,97.025,-0.075,-0.08%,0,0
05/16/2023,97.1,97.1,97.1,97.1,-0.055,-0.06%,0,0
05/15/2023,97.155,97.155,97.155,97.155,-0.005,-0.01%,0,0
05/12/2023,97.16,97.16,97.16,97.16,-0.11,-0.11%,0,0
05/11/2023,97.27,97.27,97.27,97.27,-0.005,-0.01%,0,0
05/10/2023,97.275,97.275,97.275,97.275,0.16,+0.16%,0,0
05/09/2023,97.115,97.115,97.115,97.115,0.025,+0.03%,0,0
05/08/2023,97.09,97.09,97.09,97.09,-0.1,-0.10%,0,0
05/05/2023,97.19,97.19,97.19,97.19,-0.28,-0.29%,0,0
05/04/2023,97.47,97.47,97.47,97.47,0.225,+0.23%,0,0
05/03/2023,97.245,97.245,97.245,97.245,0.09,+0.09%,0,0
05/02/2023,97.155,97.155,97.155,97.155,0.195,+0.20%,0,0
05/01/2023,96.96,96.96,96.96,96.96,-0.095,-0.10%,0,0
04/28/2023,97.055,97.055,97.055,97.055,0.025,+0.03%,0,0
04/27/2023,97.03,97.03,97.03,97.03,-0.19,-0.20%,0,0
04/26/2023,97.22,97.22,97.22,97.22,-0.035,-0.04%,0,0
04/25/2023,97.255,97.255,97.255,97.255,0.28,+0.29%,0,0
04/24/2023,96.975,96.975,96.975,96.975,0.055,+0.06%,0,0
04/21/2023,96.92,96.92,96.92,96.92,-0.005,-0.01%,0,0
04/20/2023,96.925,96.925,96.925,96.925,0.135,+0.14%,0,0
04/19/2023,96.79,96.79,96.79,96.79,0,0.00%,0,0
04/18/2023,96.79,96.79,96.79,96.79,0,0.00%,0,0
04/17/2023,96.79,96.79,96.79,96.79,-0.115,-0.12%,0,0
04/14/2023,96.905,96.905,96.905,96.905,-0.15,-0.15%,0,0
04/13/2023,97.055,97.055,97.055,97.055,0.005,+0.01%,0,0
04/12/2023,97.05,97.05,97.05,97.05,0.105,+0.11%,0,0
04/11/2023,96.945,96.945,96.945,96.945,-0.05,-0.05%,0,0
04/10/2023,96.995,96.995,96.995,96.995,-0.01,-0.01%,0,0
04/07/2023,97.005,97.005,97.005,97.005,-0.19,-0.20%,0,0
04/06/2023,97.195,97.195,97.195,97.195,-0.105,-0.11%,0,0
04/05/2023,97.3,97.3,97.3,97.3,0.095,+0.10%,0,0
04/04/2023,97.205,97.205,97.205,97.205,0.2,+0.21%,0,0
04/03/2023,97.005,97.005,97.005,97.005,0.165,+0.17%,0,0
03/31/2023,96.84,96.89,96.84,96.84,0.07,+0.07%,0,0
03/30/2023,96.77,96.775,96.77,96.77,0.035,+0.04%,0,0
03/29/2023,96.735,96.8,96.735,96.735,-0.005,-0.01%,0,0
03/28/2023,96.74,96.74,96.74,96.74,-0.13,-0.13%,0,0
03/27/2023,96.87,96.87,96.87,96.87,-0.265,-0.27%,0,0
03/24/2023,97.135,97.135,97.135,97.135,-0.165,-0.17%,0,0
03/23/2023,97.3,97.3,97.3,97.3,0.13,+0.13%,0,0
03/22/2023,97.17,97.17,97.17,97.17,0.275,+0.28%,0,0
03/21/2023,96.895,96.895,96.895,96.895,-0.28,-0.29%,0,0
03/20/2023,97.175,97.175,97.175,97.175,-0.075,-0.08%,0,0
03/17/2023,97.25,97.25,97.25,97.25,-0.015,-0.02%,0,0
03/16/2023,97.265,97.265,97.265,97.265,-0.09,-0.09%,0,0
03/15/2023,97.355,97.355,97.355,97.355,0.16,+0.16%,0,0
03/14/2023,97.195,97.195,97.195,97.195,-0.35,-0.36%,0,0
03/13/2023,97.545,97.545,97.545,97.545,1,+1.04%,0,0
03/10/2023,96.545,96.545,96.545,96.545,0.44,+0.46%,0,0
03/09/2023,96.105,96.105,96.105,96.105,0.205,+0.21%,0,0
03/08/2023,95.9,95.9,95.9,95.9,-0.01,-0.01%,0,0
03/07/2023,95.91,95.91,95.91,95.91,-0.09,-0.09%,0,0
03/06/2023,96,96,96,96,0,0.00%,0,0
03/03/2023,96,96,96,96,0.06,+0.06%,0,0
03/02/2023,95.94,95.94,95.94,95.94,-0.04,-0.04%,0,0
03/01/2023,95.98,95.98,95.98,95.98,-0.135,-0.14%,0,0
02/28/2023,96.115,96.115,96.115,96.115,-0.015,-0.02%,0,0
02/27/2023,96.13,96.13,96.13,96.13,-0.015,-0.02%,0,0
02/24/2023,96.145,96.145,96.145,96.145,-0.21,-0.22%,0,0
02/23/2023,96.355,96.355,96.355,96.355,-0.01,-0.01%,0,0
02/22/2023,96.365,96.365,96.365,96.365,-0.01,-0.01%,0,0
02/21/2023,96.375,96.375,96.375,96.375,-0.09,-0.09%,0,0
02/17/2023,96.465,96.465,96.465,96.465,0.025,+0.03%,0,0
02/16/2023,96.44,96.44,96.44,96.44,0.045,+0.05%,0,0
02/15/2023,96.395,96.395,96.395,96.395,-0.045,-0.05%,0,0
02/14/2023,96.44,96.44,96.44,96.44,-0.2,-0.21%,0,0
02/13/2023,96.64,96.64,96.64,96.64,-0.02,-0.02%,0,0
02/10/2023,96.66,96.66,96.66,96.66,-0.045,-0.05%,0,0
02/09/2023,96.705,96.705,96.705,96.705,-0.015,-0.02%,0,0
02/08/2023,96.72,96.72,96.72,96.72,0.025,+0.03%,0,0
02/07/2023,96.695,96.695,96.695,96.695,-0.035,-0.04%,0,0
02/06/2023,96.73,96.73,96.73,96.73,-0.19,-0.20%,0,0
02/03/2023,96.92,96.92,96.92,96.92,-0.235,-0.24%,0,0
02/02/2023,97.155,97.155,97.155,97.155,0.025,+0.03%,0,0
02/01/2023,97.13,97.13,97.13,97.13,0.16,+0.16%,0,0
01/31/2023,96.97,96.97,96.97,96.97,0.095,+0.10%,0,0
01/30/2023,96.875,96.875,96.875,96.875,-0.105,-0.11%,0,0
01/27/2023,96.98,96.98,96.98,96.98,-0.065,-0.07%,0,0
01/26/2023,97.045,97.045,97.045,97.045,-0.055,-0.06%,0,0
01/25/2023,97.1,97.1,97.1,97.1,0.035,+0.04%,0,0
01/24/2023,97.065,97.065,97.065,97.065,0.015,+0.02%,0,0
01/23/2023,97.05,97.05,97.05,97.05,-0.09,-0.09%,0,0
01/20/2023,97.14,97.14,97.14,97.14,-0.085,-0.09%,0,0
01/19/2023,97.225,97.225,97.225,97.225,-0.025,-0.03%,0,0
01/18/2023,97.25,97.25,97.25,97.25,0.165,+0.17%,0,0
01/17/2023,97.085,97.085,97.085,97.085,0.065,+0.07%,0,0
01/13/2023,97.02,97.02,97.02,97.02,-0.095,-0.10%,0,0
01/12/2023,97.115,97.115,97.115,97.115,0.11,+0.11%,0,0
01/11/2023,97.005,97.005,97.005,97.005,0.065,+0.07%,0,0
01/10/2023,96.94,96.94,96.94,96.94,0.01,+0.01%,0,0
01/09/2023,96.93,96.93,96.93,96.93,0.095,+0.10%,0,0
01/06/2023,96.835,96.835,96.835,96.835,0.31,+0.32%,0,0
01/05/2023,96.525,96.525,96.525,96.525,0,0.00%,0,0
01/04/2023,96.525,96.525,96.525,96.525,0.115,+0.12%,0,0
01/03/2023,96.41,96.41,96.41,96.41,0.045,+0.05%,0,0
12/30/2022,96.365,96.365,96.365,96.365,-0.095,-0.10%,0,0
12/29/2022,96.46,96.46,96.46,96.46,-0.01,-0.01%,0,0
12/28/2022,96.47,96.47,96.47,96.47,-0.01,-0.01%,0,0
12/27/2022,96.48,96.48,96.48,96.48,-0.105,-0.11%,0,0
12/23/2022,96.585,96.585,96.585,96.585,-0.06,-0.06%,0,0
12/22/2022,96.645,96.645,96.645,96.645,-0.06,-0.06%,0,0
12/21/2022,96.705,96.705,96.705,96.705,0.01,+0.01%,0,0
12/20/2022,96.695,96.695,96.695,96.695,-0.06,-0.06%,0,0
12/19/2022,96.755,96.755,96.755,96.755,-0.075,-0.08%,0,0
12/16/2022,96.83,96.83,96.83,96.83,-0.005,-0.01%,0,0
12/15/2022,96.835,96.835,96.835,96.835,-0.005,-0.01%,0,0
12/14/2022,96.84,96.84,96.84,96.84,-0.105,-0.11%,0,0
12/13/2022,96.945,96.945,96.945,96.945,0.2,+0.21%,0,0
12/12/2022,96.745,96.745,96.745,96.745,-0.075,-0.08%,0,0
12/09/2022,96.82,96.82,96.82,96.82,0.055,+0.06%,0,0
12/08/2022,96.765,96.765,96.765,96.765,-0.04,-0.04%,0,0
12/07/2022,96.805,96.805,96.805,96.805,0.125,+0.13%,0,0
12/06/2022,96.68,96.68,96.68,96.68,0.05,+0.05%,0,0
12/05/2022,96.63,96.63,96.63,96.63,-0.14,-0.14%,0,0
12/02/2022,96.77,96.77,96.77,96.77,0.005,+0.01%,0,0
12/01/2022,96.765,96.765,96.765,96.765,0.145,+0.15%,0,0
11/30/2022,96.62,96.62,96.62,96.62,0.25,+0.26%,0,0
11/29/2022,96.37,96.37,96.37,96.37,0,0.00%,0,0
11/28/2022,96.37,96.37,96.37,96.37,-0.005,-0.01%,0,0
11/25/2022,96.375,96.375,96.375,96.375,0,0.00%,0,0
11/23/2022,96.375,96.375,96.375,96.375,0.015,+0.02%,0,0
11/22/2022,96.36,96.36,96.36,96.36,0.05,+0.05%,0,0
11/21/2022,96.31,96.31,96.31,96.31,-0.035,-0.04%,0,0
11/18/2022,96.345,96.345,96.345,96.345,-0.075,-0.08%,0,0
11/17/2022,96.42,96.42,96.42,96.42,-0.13,-0.13%,0,0
11/16/2022,96.55,96.55,96.55,96.55,0.035,+0.04%,0,0
11/15/2022,96.515,96.515,96.515,96.515,0.11,+0.11%,0,0
11/14/2022,96.405,96.405,96.405,96.405,-0.055,-0.06%,0,0
11/11/2022,96.46,96.46,96.46,96.46,0.04,+0.04%,0,0
11/10/2022,96.42,96.42,96.42,96.42,0.41,+0.43%,0,0
11/09/2022,96.01,96.01,96.01,96.01,0.09,+0.09%,0,0
11/08/2022,95.92,95.92,95.92,95.92,0.085,+0.09%,0,0
11/07/2022,95.835,95.835,95.835,95.835,-0.015,-0.02%,0,0
11/04/2022,95.85,95.85,95.85,95.85,0.065,+0.07%,0,0
11/03/2022,95.785,95.785,95.785,95.785,-0.105,-0.11%,0,0
11/02/2022,95.89,95.89,95.89,95.89,-0.05,-0.05%,0,0
11/01/2022,95.94,95.94,95.94,95.94,-0.04,-0.04%,0,0
10/31/2022,95.98,95.98,95.98,95.98,-0.07,-0.07%,0,0
10/28/2022,96.05,96.05,96.05,96.05,-0.13,-0.14%,0,0
10/27/2022,96.18,96.18,96.18,96.18,0.085,+0.09%,0,0
10/26/2022,96.095,96.095,96.095,96.095,0.085,+0.09%,0,0
10/25/2022,96.01,96.01,96.01,96.01,0.075,+0.08%,0,0
10/24/2022,95.935,95.935,95.935,95.935,0,0.00%,0,0
10/21/2022,95.935,95.935,95.935,95.935,0.1,+0.10%,0,0
10/20/2022,95.835,95.835,95.835,95.835,0.015,+0.02%,0,0
10/19/2022,95.82,95.82,95.82,95.82,-0.165,-0.17%,0,0
10/18/2022,95.985,95.985,95.985,95.985,0,0.00%,0,0
10/17/2022,95.985,95.985,95.985,95.985,0.005,+0.01%,0,0
10/14/2022,95.98,95.98,95.98,95.98,0.05,+0.05%,0,0
10/13/2022,95.93,95.93,95.93,95.93,-0.17,-0.18%,0,0
10/12/2022,96.1,96.1,96.1,96.1,0.07,+0.07%,0,0
10/11/2022,96.03,96.03,96.03,96.03,0.05,+0.05%,0,0
10/10/2022,95.98,95.98,95.98,95.98,-0.045,-0.05%,0,0
10/07/2022,96.025,96.025,96.025,96.025,-0.1,-0.10%,0,0
10/06/2022,96.125,96.125,96.125,96.125,-0.09,-0.09%,0,0
10/05/2022,96.215,96.215,96.215,96.215,-0.08,-0.08%,0,0
10/04/2022,96.295,96.295,96.295,96.295,0.1,+0.10%,0,0
10/03/2022,96.195,96.195,96.195,96.195,0.145,+0.15%,0,0
09/30/2022,96.05,96.05,96.05,96.05,-0.035,-0.04%,0,0
09/29/2022,96.085,96.085,96.085,96.085,-0.05,-0.05%,0,0
09/28/2022,96.135,96.135,96.135,96.135,0.055,+0.06%,0,0
09/27/2022,96.08,96.08,96.08,96.08,0.115,+0.12%,0,0
09/26/2022,95.965,95.965,95.965,95.965,-0.12,-0.12%,0,0
09/23/2022,96.085,96.085,96.085,96.085,-0.085,-0.09%,0,0
09/22/2022,96.17,96.17,96.17,96.17,-0.185,-0.19%,0,0
09/21/2022,96.355,96.355,96.355,96.355,-0.06,-0.06%,0,0
09/20/2022,96.415,96.415,96.415,96.415,-0.015,-0.02%,0,0
09/19/2022,96.43,96.43,96.43,96.43,-0.1,-0.10%,0,0
09/16/2022,96.53,96.53,96.53,96.53,0.025,+0.03%,0,0
09/15/2022,96.505,96.505,96.505,96.505,-0.06,-0.06%,0,0
09/14/2022,96.565,96.565,96.565,96.565,-0.02,-0.02%,0,0
09/13/2022,96.585,96.585,96.585,96.585,-0.185,-0.19%,0,0
09/12/2022,96.77,96.77,96.77,96.77,0.06,+0.06%,0,0
09/09/2022,96.71,96.71,96.71,96.71,-0.005,-0.01%,0,0
09/08/2022,96.715,96.715,96.715,96.715,-0.03,-0.03%,0,0
09/07/2022,96.745,96.745,96.745,96.745,0.02,+0.02%,0,0
09/06/2022,96.725,96.725,96.725,96.725,-0.13,-0.13%,0,0
09/02/2022,96.855,96.855,96.855,96.855,0.07,+0.07%,0,0
09/01/2022,96.785,96.785,96.785,96.785,-0.055,-0.06%,0,0
08/31/2022,96.84,96.84,96.84,96.84,0.025,+0.03%,0,0
08/30/2022,96.815,96.815,96.815,96.815,-0.015,-0.02%,0,0
08/29/2022,96.83,96.83,96.83,96.83,-0.055,-0.06%,0,0
08/26/2022,96.885,96.885,96.885,96.885,-0.105,-0.11%,0,0
08/25/2022,96.99,96.99,96.99,96.99,0.06,+0.06%,0,0
08/24/2022,96.93,96.93,96.93,96.93,-0.04,-0.04%,0,0
08/23/2022,96.97,96.97,96.97,96.97,0.045,+0.05%,0,0
08/22/2022,96.925,96.925,96.925,96.925,-0.13,-0.13%,0,0
08/19/2022,97.055,97.055,97.055,97.055,-0.055,-0.06%,0,0
08/18/2022,97.11,97.11,97.11,97.11,-0.025,-0.03%,0,0
08/17/2022,97.135,97.135,97.135,97.135,-0.115,-0.12%,0,0
08/16/2022,97.25,97.25,97.25,97.25,-0.035,-0.04%,0,0
08/15/2022,97.285,97.285,97.285,97.285,0.125,+0.13%,0,0
08/12/2022,97.16,97.16,97.16,97.16,-0.1,-0.10%,0,0
08/11/2022,97.26,97.26,97.26,97.26,-0.16,-0.16%,0,0
08/10/2022,97.42,97.42,97.42,97.42,0.05,+0.05%,0,0
08/09/2022,97.37,97.37,97.37,97.37,-0.09,-0.09%,0,0
08/08/2022,97.46,97.46,97.46,97.46,0.05,+0.05%,0,0
08/05/2022,97.41,97.41,97.41,97.41,-0.225,-0.23%,0,0
08/04/2022,97.635,97.635,97.635,97.635,0.115,+0.12%,0,0
08/03/2022,97.52,97.52,97.52,97.52,-0.06,-0.06%,0,0
08/02/2022,97.58,97.58,97.58,97.58,-0.135,-0.14%,0,0
08/01/2022,97.715,97.715,97.715,97.715,0.03,+0.03%,0,0
07/29/2022,97.685,97.685,97.685,97.685,0.025,+0.03%,0,0
07/28/2022,97.66,97.66,97.66,97.66,0.09,+0.09%,0,0
07/27/2022,97.57,97.57,97.57,97.57,0.055,+0.06%,0,0
07/26/2022,97.515,97.515,97.515,97.515,-0.005,-0.01%,0,0
07/25/2022,97.52,97.52,97.52,97.52,-0.02,-0.02%,0,0
07/22/2022,97.54,97.54,97.54,97.54,0.16,+0.16%,0,0
07/21/2022,97.38,97.38,97.38,97.38,0.115,+0.12%,0,0
07/20/2022,97.265,97.265,97.265,97.265,0.03,+0.03%,0,0
07/19/2022,97.235,97.235,97.235,97.235,-0.1,-0.10%,0,0
07/18/2022,97.335,97.335,97.335,97.335,-0.03,-0.03%,0,0
07/15/2022,97.365,97.365,97.365,97.365,0.015,+0.02%,0,0
07/14/2022,97.35,97.35,97.35,97.35,-0.045,-0.05%,0,0
07/13/2022,97.395,97.395,97.395,97.395,0.03,+0.03%,0,0
07/12/2022,97.365,97.365,97.365,97.365,0.04,+0.04%,0,0
07/11/2022,97.325,97.325,97.325,97.325,0.115,+0.12%,0,0
07/08/2022,97.21,97.21,97.21,97.21,-0.095,-0.10%,0,0
07/07/2022,97.305,97.305,97.305,97.305,-0.065,-0.07%,0,0
07/06/2022,97.37,97.37,97.37,97.37,-0.2,-0.20%,0,0
07/05/2022,97.57,97.57,97.57,97.57,0.035,+0.04%,0,0
07/01/2022,97.535,97.535,97.535,97.535,0.13,+0.13%,0,0
06/30/2022,97.405,97.405,97.405,97.405,0.2,+0.21%,0,0
06/29/2022,97.205,97.205,97.205,97.205,0.075,+0.08%,0,0
06/28/2022,97.13,97.13,97.13,97.13,-0.02,-0.02%,0,0
06/27/2022,97.15,97.15,97.15,97.15,-0.1,-0.10%,0,0
06/24/2022,97.25,97.25,97.25,97.25,-0.02,-0.02%,0,0
06/23/2022,97.27,97.27,97.27,97.27,0.1,+0.10%,0,0
06/22/2022,97.17,97.17,97.17,97.17,0.355,+0.37%,0,0
06/21/2022,96.815,96.815,96.815,96.815,-0.03,-0.03%,0,0
06/17/2022,96.845,96.845,96.845,96.845,0,0.00%,0,0
06/16/2022,96.845,96.845,96.845,96.845,0.01,+0.01%,0,0
06/15/2022,96.835,96.835,96.835,96.835,0.185,+0.19%,0,0
06/14/2022,96.65,96.65,96.65,96.65,0,0.00%,0,0
06/13/2022,96.65,96.65,96.65,96.65,-0.215,-0.22%,0,0
06/10/2022,96.865,96.865,96.865,96.865,-0.14,-0.14%,0,0
06/09/2022,97.005,97.005,97.005,97.005,-0.04,-0.04%,0,0
06/08/2022,97.045,97.045,97.045,97.045,-0.05,-0.05%,0,0
06/07/2022,97.095,97.095,97.095,97.095,0.015,+0.02%,0,0
06/06/2022,97.08,97.08,97.08,97.08,-0.065,-0.07%,0,0
06/03/2022,97.145,97.145,97.145,97.145,-0.045,-0.05%,0,0
06/02/2022,97.19,97.19,97.19,97.19,0.025,+0.03%,0,0
06/01/2022,97.165,97.165,97.165,97.165,-0.17,-0.17%,0,0
05/31/2022,97.335,97.335,97.335,97.335,-0.075,-0.08%,0,0
05/27/2022,97.41,97.41,97.41,97.41,-0.035,-0.04%,0,0
05/26/2022,97.445,97.445,97.445,97.445,-0.025,-0.03%,0,0
05/25/2022,97.47,97.47,97.47,97.47,0.005,+0.01%,0,0
05/24/2022,97.465,97.465,97.465,97.465,0.17,+0.17%,0,0
05/23/2022,97.295,97.295,97.295,97.295,-0.04,-0.04%,0,0
05/20/2022,97.335,97.335,97.335,97.335,0.085,+0.09%,0,0
05/19/2022,97.25,97.25,97.25,97.25,0.075,+0.08%,0,0
05/18/2022,97.175,97.175,97.175,97.175,0.04,+0.04%,0,0
05/17/2022,97.135,97.135,97.135,97.135,-0.165,-0.17%,0,0
05/16/2022,97.3,97.3,97.3,97.3,-0.005,-0.01%,0,0
05/13/2022,97.305,97.305,97.305,97.305,-0.035,-0.04%,0,0
05/12/2022,97.34,97.34,97.34,97.34,0.1,+0.10%,0,0
05/11/2022,97.24,97.24,97.24,97.24,0.015,+0.02%,0,0
05/10/2022,97.225,97.225,97.225,97.225,0.015,+0.02%,0,0
05/09/2022,97.21,97.21,97.21,97.21,0.095,+0.10%,0,0
05/06/2022,97.115,97.115,97.115,97.115,0.045,+0.05%,0,0
05/05/2022,97.07,97.07,97.07,97.07,-0.13,-0.13%,0,0
05/04/2022,97.2,97.2,97.2,97.2,0.07,+0.07%,0,0
05/03/2022,97.13,97.13,97.13,97.13,-0.04,-0.04%,0,0
05/02/2022,97.17,97.17,97.17,97.17,-0.06,-0.06%,0,0
04/29/2022,97.23,97.23,97.23,97.23,-0.075,-0.08%,0,0
04/28/2022,97.305,97.305,97.305,97.305,-0.085,-0.09%,0,0
04/27/2022,97.39,97.39,97.39,97.39,-0.02,-0.02%,0,0
04/26/2022,97.41,97.41,97.41,97.41,0.075,+0.08%,0,0
04/25/2022,97.335,97.335,97.335,97.335,0.175,+0.18%,0,0
04/22/2022,97.16,97.16,97.16,97.16,0.025,+0.03%,0,0
04/21/2022,97.135,97.135,97.135,97.135,-0.135,-0.14%,0,0
04/20/2022,97.27,97.27,97.27,97.27,0.01,+0.01%,0,0
04/19/2022,97.26,97.26,97.26,97.26,-0.13,-0.13%,0,0
04/18/2022,97.39,97.39,97.39,97.39,-0.02,-0.02%,0,0
04/14/2022,97.41,97.41,97.41,97.41,-0.12,-0.12%,0,0
04/13/2022,97.53,97.53,97.53,97.53,0.055,+0.06%,0,0
04/12/2022,97.475,97.475,97.475,97.475,0.145,+0.15%,0,0
04/11/2022,97.33,97.33,97.33,97.33,0.04,+0.04%,0,0
04/08/2022,97.29,97.29,97.29,97.29,-0.1,-0.10%,0,0
04/07/2022,97.39,97.39,97.39,97.39,0.05,+0.05%,0,0
04/06/2022,97.34,97.34,97.34,97.34,0.01,+0.01%,0,0
04/05/2022,97.33,97.33,97.33,97.33,-0.1,-0.10%,0,0
04/04/2022,97.43,97.43,97.43,97.43,0.025,+0.03%,0,0
04/01/2022,97.405,97.405,97.405,97.405,-0.18,-0.18%,0,0
03/31/2022,97.585,97.585,97.585,97.585,0.065,+0.07%,0,0
03/30/2022,97.52,97.52,97.52,97.52,0.03,+0.03%,0,0
03/29/2022,97.49,97.49,97.49,97.49,0.015,+0.02%,0,0
03/28/2022,97.475,97.475,97.475,97.475,-0.07,-0.07%,0,0
03/25/2022,97.545,97.545,97.545,97.545,-0.19,-0.19%,0,0
03/24/2022,97.735,97.735,97.735,97.735,-0.005,-0.01%,0,0
03/23/2022,97.74,97.74,97.74,97.74,0.045,+0.05%,0,0
03/22/2022,97.695,97.695,97.695,97.695,0,0.00%,0,0
03/21/2022,97.695,97.695,97.695,97.695,-0.185,-0.19%,0,0
03/18/2022,97.88,97.88,97.88,97.88,-0.005,-0.01%,0,0
03/17/2022,97.885,97.885,97.885,97.885,0.025,+0.03%,0,0
03/16/2022,97.86,97.86,97.86,97.86,-0.18,-0.18%,0,0
03/15/2022,98.04,98.04,98.04,98.04,-0.02,-0.02%,0,0
03/14/2022,98.06,98.06,98.06,98.06,-0.13,-0.13%,0,0
03/11/2022,98.19,98.19,98.19,98.19,-0.035,-0.04%,0,0
03/10/2022,98.225,98.225,98.225,98.225,-0.065,-0.07%,0,0
03/09/2022,98.29,98.29,98.29,98.29,-0.085,-0.09%,0,0
03/08/2022,98.375,98.375,98.375,98.375,-0.115,-0.12%,0,0
03/07/2022,98.49,98.49,98.49,98.49,-0.01,-0.01%,0,0
03/04/2022,98.5,98.5,98.5,98.5,0.2,+0.20%,0,0
03/03/2022,98.3,98.3,98.3,98.3,0,0.00%,0,0
03/02/2022,98.3,98.3,98.3,98.3,-0.185,-0.19%,0,0
03/01/2022,98.485,98.485,98.485,98.485,-0.015,-0.02%,0,0
02/28/2022,98.5,98.5,98.5,98.5,0.145,+0.15%,0,0
02/25/2022,98.355,98.355,98.355,98.355,-0.055,-0.06%,0,0
02/24/2022,98.41,98.41,98.41,98.41,0.05,+0.05%,0,0
02/23/2022,98.36,98.36,98.36,98.36,-0.035,-0.04%,0,0
02/22/2022,98.395,98.395,98.395,98.395,-0.105,-0.11%,0,0
02/18/2022,98.5,98.5,98.5,98.5,0.105,+0.11%,0,0
02/17/2022,98.395,98.395,98.395,98.395,0.055,+0.06%,0,0
02/16/2022,98.34,98.34,98.34,98.34,0.04,+0.04%,0,0
02/15/2022,98.3,98.3,98.3,98.3,0,0.00%,0,0
02/14/2022,98.3,98.3,98.3,98.3,-0.08,-0.08%,0,0
02/11/2022,98.38,98.38,98.38,98.38,0.08,+0.08%,0,0
02/10/2022,98.3,98.3,98.3,98.3,0,0.00%,0,0
02/09/2022,98.3,98.3,98.3,98.3,0,0.00%,0,0
02/08/2022,98.3,98.3,98.3,98.3,-0.03,-0.03%,0,0
02/07/2022,98.33,98.33,98.33,98.33,0.03,+0.03%,0,0
02/04/2022,98.3,98.3,98.3,98.3,-0.035,-0.04%,0,0
02/03/2022,98.335,98.335,98.335,98.335,-0.04,-0.04%,0,0
02/02/2022,98.375,98.375,98.375,98.375,0.03,+0.03%,0,0
02/01/2022,98.345,98.345,98.345,98.345,-0.005,-0.01%,0,0
01/31/2022,98.35,98.35,98.35,98.35,0.02,+0.02%,0,0
01/28/2022,98.33,98.33,98.33,98.33,0.03,+0.03%,0,0
01/27/2022,98.3,98.3,98.3,98.3,-0.03,-0.03%,0,0
01/26/2022,98.33,98.33,98.33,98.33,-0.1,-0.10%,0,0
01/25/2022,98.43,98.43,98.43,98.43,-0.05,-0.05%,0,0
01/24/2022,98.48,98.48,98.48,98.48,0.085,+0.09%,0,0
01/21/2022,98.395,98.395,98.395,98.395,0.09,+0.09%,0,0
01/20/2022,98.305,98.305,98.305,98.305,-0.03,-0.03%,0,0
01/19/2022,98.335,98.335,98.335,98.335,0.035,+0.04%,0,0
01/18/2022,98.3,98.3,98.3,98.3,0,0.00%,0,0
01/14/2022,98.3,98.3,98.3,98.3,0,0.00%,0,0
01/13/2022,98.32,98.32,98.32,98.3,-0.005,-0.01%,0,0
01/12/2022,98.305,98.305,98.305,98.305,-0.005,-0.01%,0,0
01/11/2022,98.31,98.31,98.31,98.31,0.01,+0.01%,0,0
01/10/2022,98.3,98.3,98.3,98.3,0,0.00%,0,0
01/07/2022,98.3,98.3,98.3,98.3,0,0.00%,0,0
01/06/2022,98.3,98.3,98.3,98.3,0,0.00%,0,0
01/05/2022,98.3,98.3,98.3,98.3,-0.035,-0.04%,0,0
01/04/2022,98.335,98.335,98.335,98.335,0.02,+0.02%,0,0
01/03/2022,98.315,98.315,98.315,98.315,-0.07,-0.07%,0,0
12/31/2021,98.385,98.385,98.385,98.385,0.02,+0.02%,0,0
12/30/2021,98.365,98.365,98.365,98.365,0.01,+0.01%,0,0
12/29/2021,98.355,98.355,98.355,98.355,-0.01,-0.01%,0,0
12/28/2021,98.365,98.365,98.365,98.365,0.005,+0.01%,0,0
12/27/2021,98.36,98.36,98.36,98.36,0.01,+0.01%,0,0
12/23/2021,98.35,98.35,98.35,98.35,0,0.00%,0,0
12/22/2021,98.375,98.375,98.375,98.35,-0.025,-0.03%,0,0
12/21/2021,98.375,98.375,98.375,98.375,-0.04,-0.04%,0,0
12/20/2021,98.415,98.415,98.415,98.415,0.035,+0.04%,0,0
12/17/2021,98.38,98.38,98.38,98.38,0,0.00%,0,0
12/16/2021,98.38,98.38,98.38,98.38,0.105,+0.11%,0,0
12/15/2021,98.275,98.275,98.275,98.275,-0.035,-0.04%,0,0
12/14/2021,98.31,98.31,98.31,98.31,-0.025,-0.03%,0,0
12/13/2021,98.335,98.335,98.335,98.335,0.135,+0.14%,0,0
12/10/2021,98.2,98.2,98.2,98.2,0.03,+0.03%,0,0
12/09/2021,98.17,98.17,98.17,98.17,-0.02,-0.02%,0,0
12/08/2021,98.19,98.19,98.19,98.19,0.02,+0.02%,0,0
12/07/2021,98.17,98.17,98.17,98.17,-0.045,-0.05%,0,0
12/06/2021,98.215,98.215,98.215,98.215,-0.045,-0.05%,0,0
12/03/2021,98.26,98.26,98.26,98.26,0,0.00%,0,0
12/02/2021,98.22,98.22,98.22,98.26,0.04,+0.04%,0,0
12/01/2021,98.22,98.22,98.22,98.22,-0.055,-0.06%,0,0
11/30/2021,98.275,98.275,98.275,98.275,-0.025,-0.03%,0,0
11/29/2021,98.3,98.3,98.3,98.3,0,0.00%,0,0
11/26/2021,98.3,98.3,98.3,98.3,0.175,+0.18%,0,0
11/24/2021,98.125,98.125,98.125,98.125,-0.045,-0.05%,0,0
11/23/2021,98.17,98.17,98.17,98.17,0.025,+0.03%,0,0
11/22/2021,98.145,98.145,98.145,98.145,-0.08,-0.08%,0,0
11/19/2021,98.225,98.225,98.225,98.225,0,0.00%,0,0
11/18/2021,98.215,98.215,98.215,98.225,0.025,+0.03%,0,0
11/17/2021,98.2,98.2,98.2,98.2,0.025,+0.03%,0,0
11/16/2021,98.175,98.175,98.175,98.175,-0.005,-0.01%,0,0
11/15/2021,98.18,98.18,98.18,98.18,0.005,+0.01%,0,0
11/12/2021,98.175,98.175,98.175,98.175,0,0.00%,0,0
11/11/2021,98.17,98.17,98.17,98.175,-0.065,-0.07%,0,0
11/10/2021,98.24,98.24,98.24,98.24,-0.185,-0.19%,0,0
11/09/2021,98.425,98.425,98.425,98.425,0.035,+0.04%,0,0
11/08/2021,98.39,98.39,98.39,98.39,-0.06,-0.06%,0,0
11/05/2021,98.45,98.45,98.45,98.45,0,0.00%,0,0
11/04/2021,98.45,98.45,98.45,98.45,0.04,+0.04%,0,0
11/03/2021,98.41,98.41,98.41,98.41,-0.04,-0.04%,0,0
11/02/2021,98.45,98.45,98.45,98.45,0.035,+0.04%,0,0
11/01/2021,98.415,98.415,98.415,98.415,-0.02,-0.02%,0,0
10/29/2021,98.435,98.435,98.435,98.435,-0.015,-0.02%,0,0
10/28/2021,98.45,98.45,98.45,98.45,-0.105,-0.11%,0,0
10/27/2021,98.555,98.555,98.555,98.555,-0.01,-0.01%,0,0
10/26/2021,98.565,98.565,98.565,98.565,-0.005,-0.01%,0,0
10/25/2021,98.57,98.57,98.57,98.57,0.08,+0.08%,0,0
10/22/2021,98.49,98.49,98.49,98.49,-0.09,-0.09%,0,0
10/21/2021,98.58,98.58,98.58,98.58,-0.09,-0.09%,0,0
10/20/2021,98.67,98.67,98.67,98.67,0.01,+0.01%,0,0
10/19/2021,98.66,98.66,98.66,98.66,0.03,+0.03%,0,0
10/18/2021,98.63,98.63,98.63,98.63,-0.07,-0.07%,0,0
10/15/2021,98.7,98.7,98.7,98.7,-0.085,-0.09%,0,0
10/14/2021,98.785,98.785,98.785,98.785,0.02,+0.02%,0,0
10/13/2021,98.765,98.765,98.765,98.765,0,0.00%,0,0
10/12/2021,98.765,98.765,98.765,98.765,0,0.00%,0,0
10/11/2021,98.765,98.765,98.765,98.765,-0.04,-0.04%,0,0
10/08/2021,98.805,98.805,98.805,98.805,-0.03,-0.03%,0,0
10/07/2021,98.835,98.835,98.835,98.835,-0.03,-0.03%,0,0
10/06/2021,98.865,98.865,98.865,98.865,-0.03,-0.03%,0,0
10/05/2021,98.895,98.895,98.895,98.895,-0.015,-0.02%,0,0
10/04/2021,98.91,98.91,98.91,98.91,-0.005,-0.01%,0,0
10/01/2021,98.915,98.915,98.915,98.915,0,0.00%,0,0
09/30/2021,98.915,98.915,98.915,98.915,0,0.00%,0,0
09/29/2021,98.915,98.915,98.915,98.915,0.01,+0.01%,0,0
09/28/2021,98.905,98.905,98.905,98.905,-0.005,-0.01%,0,0
09/27/2021,98.91,98.91,98.91,98.91,-0.005,-0.01%,0,0
09/24/2021,98.915,98.915,98.915,98.915,-0.05,-0.05%,0,0
09/23/2021,98.965,98.965,98.965,98.965,-0.055,-0.06%,0,0
09/22/2021,99.02,99.02,99.02,99.02,-0.035,-0.04%,0,0
09/21/2021,99.055,99.055,99.055,99.055,0.005,+0.01%,0,0
09/20/2021,99.05,99.05,99.05,99.05,0.01,+0.01%,0,0
09/17/2021,99.04,99.04,99.04,99.04,-0.01,-0.01%,0,0
09/16/2021,99.05,99.05,99.05,99.05,-0.025,-0.03%,0,0
09/15/2021,99.075,99.075,99.075,99.075,-0.01,-0.01%,0,0
09/14/2021,99.085,99.085,99.085,99.085,0.01,+0.01%,0,0
09/13/2021,99.075,99.075,99.075,99.075,0.005,+0.01%,0,0
09/10/2021,99.07,99.07,99.07,99.07,-0.015,-0.02%,0,0
09/09/2021,99.085,99.085,99.085,99.085,0,0.00%,0,0
09/08/2021,99.085,99.085,99.085,99.085,0.005,+0.01%,0,0
09/07/2021,99.08,99.08,99.08,99.08,-0.02,-0.02%,0,0
09/03/2021,99.1,99.1,99.1,99.1,0,0.00%,0,0
09/02/2021,99.1,99.1,99.1,99.1,0,0.00%,0,0
09/01/2021,99.1,99.1,99.1,99.1,0,0.00%,0,0
08/31/2021,99.1,99.1,99.1,99.1,0,0.00%,0,0
08/30/2021,99.1,99.1,99.1,99.1,0.01,+0.01%,0,0
08/27/2021,99.09,99.09,99.09,99.09,0.025,+0.03%,0,0
08/26/2021,99.065,99.065,99.065,99.065,-0.005,-0.01%,0,0
08/25/2021,99.07,99.07,99.07,99.07,-0.005,-0.01%,0,0
08/24/2021,99.075,99.075,99.075,99.075,-0.005,-0.01%,0,0
08/23/2021,99.08,99.08,99.08,99.08,-0.005,-0.01%,0,0
08/20/2021,99.085,99.085,99.085,99.085,-0.005,-0.01%,0,0
08/19/2021,99.09,99.09,99.09,99.09,0.005,+0.01%,0,0
08/18/2021,99.085,99.085,99.085,99.085,0,0.00%,0,0
08/17/2021,99.085,99.085,99.085,99.085,-0.015,-0.02%,0,0
08/16/2021,99.1,99.1,99.1,99.1,0.03,+0.03%,0,0
08/13/2021,99.07,99.07,99.07,99.07,0.015,+0.02%,0,0
08/12/2021,99.055,99.055,99.055,99.055,-0.015,-0.02%,0,0
08/11/2021,99.07,99.07,99.07,99.07,0.025,+0.03%,0,0
08/10/2021,99.045,99.045,99.045,99.045,0.025,+0.03%,0,0
08/09/2021,99.02,99.02,99.02,99.02,-0.015,-0.02%,0,0
08/06/2021,99.035,99.035,99.035,99.035,-0.05,-0.05%,0,0
08/05/2021,99.085,99.085,99.085,99.085,-0.035,-0.04%,0,0
08/04/2021,99.12,99.12,99.12,99.12,-0.03,-0.03%,0,0
08/03/2021,99.15,99.15,99.15,99.15,0.015,+0.02%,0,0
08/02/2021,99.135,99.135,99.135,99.135,0.025,+0.03%,0,0
07/30/2021,99.11,99.11,99.11,99.11,0.02,+0.02%,0,0
07/29/2021,99.09,99.09,99.09,99.09,0.025,+0.03%,0,0
07/28/2021,99.065,99.065,99.065,99.065,-0.035,-0.04%,0,0
07/27/2021,99.1,99.1,99.1,99.1,0.015,+0.02%,0,0
07/26/2021,99.085,99.085,99.085,99.085,-0.005,-0.01%,0,0
07/23/2021,99.09,99.09,99.09,99.09,0,0.00%,0,0
07/22/2021,99.09,99.09,99.09,99.09,0.02,+0.02%,0,0
07/21/2021,99.07,99.07,99.07,99.07,-0.03,-0.03%,0,0
07/20/2021,99.1,99.1,99.1,99.1,0,0.00%,0,0
07/19/2021,99.1,99.1,99.1,99.1,0.055,+0.06%,0,0
07/16/2021,99.045,99.045,99.045,99.045,0,0.00%,0,0
07/15/2021,99.045,99.045,99.045,99.045,0.005,+0.01%,0,0
07/14/2021,99.04,99.04,99.04,99.04,0.04,+0.04%,0,0
07/13/2021,99,99,99,99,-0.1,-0.10%,0,0
07/12/2021,99.1,99.1,99.1,99.1,-0.015,-0.02%,0,0
07/09/2021,99.115,99.115,99.115,99.115,-0.03,-0.03%,0,0
07/08/2021,99.145,99.145,99.145,99.145,0.055,+0.06%,0,0
07/07/2021,99.09,99.09,99.09,99.09,0.02,+0.02%,0,0
07/06/2021,99.07,99.07,99.07,99.07,0.03,+0.03%,0,0
07/02/2021,99.04,99.04,99.04,99.04,0.04,+0.04%,0,0
07/01/2021,99,99,99,99,-0.01,-0.01%,0,0
06/30/2021,99.01,99.01,99.01,99.01,-0.005,-0.01%,0,0
06/29/2021,99.015,99.015,99.015,99.015,0,0.00%,0,0
06/28/2021,99.015,99.015,99.015,99.015,0.01,+0.01%,0,0
06/25/2021,99.005,99.005,99.005,99.005,-0.005,-0.01%,0,0
06/24/2021,99.01,99.01,99.01,99.01,-0.025,-0.03%,0,0
06/23/2021,99.035,99.035,99.035,99.035,-0.035,-0.04%,0,0
06/22/2021,99.07,99.07,99.07,99.07,0.01,+0.01%,0,0
06/21/2021,99.06,99.06,99.06,99.06,0.005,+0.01%,0,0
06/18/2021,99.055,99.055,99.055,99.055,-0.01,-0.01%,0,0
06/17/2021,99.065,99.065,99.065,99.065,-0.05,-0.05%,0,0
06/16/2021,99.115,99.115,99.115,99.115,-0.07,-0.07%,0,0
06/15/2021,99.185,99.185,99.185,99.185,-0.005,-0.01%,0,0
06/14/2021,99.19,99.19,99.19,99.19,-0.015,-0.02%,0,0
06/11/2021,99.205,99.205,99.205,99.205,-0.015,-0.02%,0,0
06/10/2021,99.22,99.22,99.22,99.22,0.015,+0.02%,0,0
06/09/2021,99.205,99.205,99.205,99.205,0.02,+0.02%,0,0
06/08/2021,99.185,99.185,99.185,99.185,0.01,+0.01%,0,0
06/07/2021,99.175,99.175,99.175,99.175,-0.005,-0.01%,0,0
06/04/2021,99.18,99.18,99.18,99.18,0.025,+0.03%,0,0
06/03/2021,99.155,99.155,99.155,99.155,-0.035,-0.04%,0,0
06/02/2021,99.19,99.19,99.19,99.19,-0.105,-0.11%,0,0
06/01/2021,99.295,99.295,99.295,99.295,-0.055,-0.06%,0,0
05/28/2021,99.35,99.35,99.35,99.35,0,0.00%,0,0
05/27/2021,99.35,99.35,99.35,99.35,-0.01,-0.01%,0,0
05/26/2021,99.36,99.36,99.36,99.36,-0.04,-0.04%,0,0
05/25/2021,99.4,99.4,99.4,99.4,0.005,+0.01%,0,0
05/24/2021,99.395,99.395,99.395,99.395,-0.005,-0.01%,0,0
05/21/2021,99.4,99.4,99.4,99.4,0.005,+0.01%,0,0
05/20/2021,99.395,99.395,99.395,99.395,0.01,+0.01%,0,0
05/19/2021,99.385,99.385,99.385,99.385,-0.015,-0.02%,0,0
05/18/2021,99.4,99.4,99.4,99.4,0,0.00%,0,0
05/17/2021,99.4,99.4,99.4,99.4,0,0.00%,0,0
05/14/2021,99.4,99.4,99.4,99.4,0,0.00%,0,0
05/13/2021,99.4,99.4,99.4,99.4,-0.11,-0.11%,0,0
05/12/2021,99.51,99.51,99.51,99.51,-0.035,-0.04%,0,0
05/11/2021,99.545,99.545,99.545,99.545,-0.015,-0.02%,0,0
05/10/2021,99.56,99.56,99.56,99.56,0,0.00%,0,0
05/07/2021,99.56,99.56,99.56,99.56,0.04,+0.04%,0,0
05/06/2021,99.52,99.52,99.52,99.52,0.015,+0.02%,0,0
05/05/2021,99.505,99.505,99.505,99.505,0,0.00%,0,0
05/04/2021,99.505,99.505,99.505,99.505,0,0.00%,0,0
05/03/2021,99.505,99.505,99.505,99.505,0.015,+0.02%,0,0
04/30/2021,99.49,99.49,99.49,99.49,0,0.00%,0,0
04/29/2021,99.49,99.49,99.49,99.49,0,0.00%,0,0
04/28/2021,99.49,99.49,99.49,99.49,0.01,+0.01%,0,0
04/27/2021,99.48,99.48,99.48,99.48,-0.01,-0.01%,0,0
04/26/2021,99.49,99.49,99.49,99.49,-0.05,-0.05%,0,0
04/23/2021,99.54,99.54,99.54,99.54,0,0.00%,0,0
04/22/2021,99.54,99.54,99.54,99.54,0,0.00%,0,0
04/21/2021,99.54,99.54,99.54,99.54,-0.03,-0.03%,0,0
04/20/2021,99.57,99.57,99.57,99.57,0.015,+0.02%,0,0
04/19/2021,99.555,99.555,99.555,99.555,0.005,+0.01%,0,0
04/16/2021,99.55,99.55,99.55,99.55,-0.015,-0.02%,0,0
04/15/2021,99.565,99.565,99.565,99.565,0.03,+0.03%,0,0
04/14/2021,99.535,99.535,99.535,99.535,-0.01,-0.01%,0,0
04/13/2021,99.545,99.545,99.545,99.545,0.015,+0.02%,0,0
04/12/2021,99.53,99.53,99.53,99.53,-0.01,-0.01%,0,0
04/09/2021,99.54,99.54,99.54,99.54,-0.005,-0.01%,0,0
04/08/2021,99.545,99.545,99.545,99.545,0.01,+0.01%,0,0
04/07/2021,99.535,99.535,99.535,99.535,0.045,+0.05%,0,0
04/06/2021,99.49,99.49,99.49,99.49,-0.01,-0.01%,0,0
04/05/2021,99.5,99.5,99.5,99.5,-0.09,-0.09%,0,0
04/01/2021,99.59,99.59,99.59,99.59,-0.01,-0.01%,0,0
03/31/2021,99.6,99.6,99.6,99.6,-0.02,-0.02%,0,0
03/30/2021,99.62,99.62,99.62,99.62,-0.03,-0.03%,0,0
03/29/2021,99.65,99.65,99.65,99.65,-0.01,-0.01%,0,0
03/26/2021,99.66,99.66,99.66,99.66,-0.01,-0.01%,0,0
03/25/2021,99.67,99.67,99.67,99.67,0.005,+0.01%,0,0
03/24/2021,99.665,99.665,99.665,99.665,0.005,+0.01%,0,0
03/23/2021,99.66,99.66,99.66,99.66,-0.015,-0.02%,0,0
03/22/2021,99.675,99.675,99.675,99.675,-0.005,-0.01%,0,0
03/19/2021,99.68,99.68,99.68,99.68,0,0.00%,0,0
03/18/2021,99.68,99.68,99.68,99.68,-0.02,-0.02%,0,0
03/17/2021,99.7,99.7,99.7,99.7,0.01,+0.01%,0,0
03/16/2021,99.69,99.69,99.69,99.69,0.005,+0.01%,0,0
03/15/2021,99.685,99.685,99.685,99.685,0,0.00%,0,0
03/12/2021,99.685,99.685,99.685,99.685,-0.01,-0.01%,0,0
03/11/2021,99.695,99.695,99.695,99.695,0.005,+0.01%,0,0
03/10/2021,99.69,99.69,99.69,99.69,0.015,+0.02%,0,0
03/09/2021,99.675,99.675,99.675,99.675,0,0.00%,0,0
03/08/2021,99.675,99.675,99.675,99.675,-0.015,-0.02%,0,0
03/05/2021,99.69,99.69,99.69,99.69,-0.005,-0.01%,0,0
03/04/2021,99.695,99.695,99.695,99.695,-0.01,-0.01%,0,0
03/03/2021,99.705,99.705,99.705,99.705,-0.015,-0.02%,0,0
03/02/2021,99.72,99.72,99.72,99.72,0.005,+0.01%,0,0
03/01/2021,99.715,99.715,99.715,99.715,0.01,+0.01%,0,0
02/26/2021,99.705,99.705,99.705,99.705,0,0.00%,0,0
02/25/2021,99.705,99.705,99.705,99.705,-0.06,-0.06%,0,0
02/24/2021,99.765,99.765,99.765,99.765,0,0.00%,0,0
02/23/2021,99.765,99.765,99.765,99.765,0.005,+0.01%,0,0
02/22/2021,99.76,99.76,99.76,99.76,0,0.00%,0,0
02/19/2021,99.76,99.76,99.76,99.76,-0.025,-0.03%,0,0
02/18/2021,99.785,99.785,99.785,99.785,0,0.00%,0,0
02/17/2021,99.785,99.785,99.785,99.785,0.01,+0.01%,0,0
02/16/2021,99.775,99.775,99.775,99.775,-0.02,-0.02%,0,0
02/12/2021,99.795,99.795,99.795,99.795,-0.04,-0.04%,0,0
02/11/2021,99.835,99.835,99.835,99.835,0.005,+0.01%,0,0
02/10/2021,99.83,99.83,99.83,99.83,0.005,+0.01%,0,0
02/09/2021,99.825,99.825,99.825,99.825,0,0.00%,0,0
02/08/2021,99.825,99.825,99.825,99.825,-0.005,-0.01%,0,0
02/05/2021,99.83,99.83,99.83,99.83,-0.005,-0.01%,0,0
02/04/2021,99.835,99.835,99.835,99.835,-0.015,-0.02%,0,0
02/03/2021,99.85,99.85,99.85,99.85,-0.005,-0.01%,0,0
02/02/2021,99.855,99.855,99.855,99.855,-0.005,-0.01%,0,0
02/01/2021,99.86,99.86,99.86,99.86,0.005,+0.01%,0,0
01/29/2021,99.855,99.855,99.855,99.855,0.01,+0.01%,0,0
01/28/2021,99.845,99.845,99.845,99.845,-0.01,-0.01%,0,0
01/27/2021,99.855,99.855,99.855,99.855,0,0.00%,0,0
01/26/2021,99.855,99.855,99.855,99.855,0,0.00%,0,0
01/25/2021,99.855,99.855,99.855,99.855,0.005,+0.01%,0,0
01/22/2021,99.85,99.85,99.85,99.85,0,0.00%,0,0
01/21/2021,99.85,99.85,99.85,99.85,-0.01,-0.01%,0,0
01/20/2021,99.86,99.86,99.86,99.86,0.01,+0.01%,0,0
01/19/2021,99.85,99.85,99.85,99.85,0.01,+0.01%,0,0
01/15/2021,99.84,99.84,99.84,99.84,-0.01,-0.01%,0,0
01/14/2021,99.85,99.85,99.85,99.85,0.01,+0.01%,0,0
01/13/2021,99.84,99.84,99.84,99.84,0,0.00%,0,0
01/12/2021,99.84,99.84,99.84,99.84,-0.01,-0.01%,0,0
01/11/2021,99.85,99.85,99.85,99.85,0,0.00%,0,0
01/08/2021,99.85,99.85,99.85,99.85,0.005,+0.01%,0,0
01/07/2021,99.845,99.845,99.845,99.845,-0.01,-0.01%,0,0
01/06/2021,99.855,99.855,99.855,99.855,-0.015,-0.02%,0,0
01/05/2021,99.87,99.87,99.87,99.87,0,0.00%,0,0
01/04/2021,99.87,99.87,99.87,99.87,0.01,+0.01%,0,0
12/31/2020,99.86,99.86,99.86,99.86,0.01,+0.01%,0,0
12/30/2020,99.85,99.85,99.85,99.85,0,0.00%,0,0
12/29/2020,99.85,99.85,99.85,99.85,0,0.00%,0,0
12/28/2020,99.85,99.85,99.85,99.85,-0.005,-0.01%,0,0
12/24/2020,99.855,99.855,99.855,99.855,0.005,+0.01%,0,0
12/23/2020,99.85,99.85,99.85,99.85,0,0.00%,0,0
12/22/2020,99.85,99.85,99.85,99.85,0,0.00%,0,0
12/21/2020,99.85,99.85,99.85,99.85,0,0.00%,0,0
12/18/2020,99.85,99.85,99.85,99.85,0.005,+0.01%,0,0
12/17/2020,99.845,99.845,99.845,99.845,0,0.00%,0,0
12/16/2020,99.845,99.845,99.845,99.845,0,0.00%,0,0
12/15/2020,99.845,99.845,99.845,99.845,-0.01,-0.01%,0,0
12/14/2020,99.855,99.855,99.855,99.855,-0.01,-0.01%,0,0
12/11/2020,99.865,99.865,99.865,99.865,0.015,+0.02%,0,0
12/10/2020,99.85,99.85,99.85,99.85,0,0.00%,0,0
12/09/2020,99.85,99.85,99.85,99.85,-0.005,-0.01%,0,0
12/08/2020,99.855,99.855,99.855,99.855,-0.005,-0.01%,0,0
12/07/2020,99.86,99.86,99.86,99.86,0.01,+0.01%,0,0
12/04/2020,99.85,99.85,99.85,99.85,-0.01,-0.01%,0,0
12/03/2020,99.86,99.86,99.86,99.86,0.005,+0.01%,0,0
12/02/2020,99.855,99.855,99.855,99.855,-0.005,-0.01%,0,0
12/01/2020,99.86,99.86,99.86,99.86,-0.02,-0.02%,0,0
11/30/2020,99.88,99.88,99.88,99.88,0,0.00%,0,0
11/27/2020,99.88,99.88,99.88,99.88,0.005,+0.01%,0,0
11/25/2020,99.875,99.875,99.875,99.875,0,0.00%,0,0
11/24/2020,99.875,99.875,99.875,99.875,0,0.00%,0,0
11/23/2020,99.875,99.875,99.875,99.875,-0.005,-0.01%,0,0
11/20/2020,99.88,99.88,99.88,99.88,0,0.00%,0,0
11/19/2020,99.88,99.88,99.88,99.88,0.005,+0.01%,0,0
11/18/2020,99.875,99.875,99.875,99.875,-0.005,-0.01%,0,0
11/17/2020,99.88,99.88,99.88,99.88,0,0.00%,0,0
11/16/2020,99.88,99.88,99.88,99.88,0,0.00%,0,0
11/13/2020,99.88,99.88,99.88,99.88,-0.005,-0.01%,0,0
11/12/2020,99.885,99.885,99.885,99.885,0.005,+0.01%,0,0
11/11/2020,99.88,99.88,99.88,99.88,0,0.00%,0,0
11/10/2020,99.88,99.88,99.88,99.88,0.005,+0.01%,0,0
11/09/2020,99.875,99.875,99.875,99.875,-0.04,-0.04%,0,0
11/06/2020,99.915,99.915,99.915,99.915,-0.015,-0.02%,0,0
11/05/2020,99.93,99.93,99.93,99.93,-0.01,-0.01%,0,0
11/04/2020,99.94,99.94,99.94,99.94,0.025,+0.03%,0,0
11/03/2020,99.915,99.915,99.915,99.915,-0.005,-0.01%,0,0
11/02/2020,99.92,99.92,99.92,99.92,-0.015,-0.02%,0,0
10/30/2020,99.935,99.935,99.935,99.935,-0.01,-0.01%,0,0
"Downloaded from Barchart.com as of 08-17-2024 03:01am CDT"
