"Symbol: ZQX17",,,,,,"Study: VOL (LikeMain)",
"Date Time","Open","High","Low","Close","Change","Volume","Open Interest"
2014-11-28,98,98,98,98,0,,
2014-12-01,97.99,97.99,97.99,97.99,-0.010000000000005116,,
2014-12-02,97.925,97.925,97.925,97.925,-0.06499999999999773,,
2014-12-03,97.885,97.885,97.885,97.885,-0.03999999999999204,,
2014-12-04,97.92,97.92,97.92,97.92,0.03499999999999659,,
2014-12-05,97.8,97.8,97.8,97.8,-0.12000000000000455,,
2014-12-08,97.8,97.8,97.8,97.8,0,,
2014-12-09,97.855,97.855,97.855,97.855,0.05500000000000682,,
2014-12-10,97.94,97.94,97.94,97.94,0.08499999999999375,,
2014-12-11,97.905,97.905,97.905,97.905,-0.03499999999999659,,
2014-12-12,97.995,97.995,97.995,97.995,0.09000000000000341,,
2014-12-15,97.955,97.955,97.955,97.955,-0.04000000000000625,,
2014-12-16,98.02,98.02,98.02,98.02,0.06499999999999773,,
2014-12-17,97.915,97.915,97.915,97.915,-0.10499999999998977,,
2014-12-18,97.885,97.885,97.885,97.885,-0.030000000000001137,,
2014-12-19,97.88,97.88,97.88,97.88,-0.005000000000009663,,
2014-12-22,97.875,97.875,97.875,97.875,-0.0049999999999954525,,
2014-12-23,97.815,97.815,97.815,97.815,-0.060000000000002274,,
2014-12-24,97.805,97.805,97.805,97.805,-0.009999999999990905,,
2014-12-26,97.805,97.805,97.805,97.805,0,,
2014-12-29,97.865,97.865,97.865,97.865,0.05999999999998806,,
2014-12-30,97.89,97.89,97.89,97.89,0.025000000000005684,,
2014-12-31,97.925,97.925,97.925,97.925,0.03499999999999659,,
2015-01-02,97.97,97.97,97.97,97.97,0.045000000000001705,,
2015-01-05,98.03,98.03,98.03,98.03,0.060000000000002274,,
2015-01-06,98.14,98.14,98.14,98.14,0.10999999999999943,,
2015-01-07,98.165,98.165,98.165,98.165,0.025000000000005684,,
2015-01-08,98.15,98.15,98.15,98.15,-0.015000000000000568,,
2015-01-09,98.215,98.215,98.215,98.215,0.06499999999999773,,
2015-01-12,98.275,98.275,98.275,98.275,0.060000000000002274,,
2015-01-13,98.325,98.325,98.325,98.325,0.04999999999999716,,
2015-01-14,98.41,98.41,98.41,98.41,0.08499999999999375,,
2015-01-15,98.5,98.5,98.5,98.5,0.09000000000000341,,
2015-01-16,98.43,98.43,98.43,98.43,-0.06999999999999318,,
2015-01-20,98.4,98.4,98.4,98.4,-0.030000000000001137,,
2015-01-21,98.35,98.35,98.35,98.35,-0.05000000000001137,,
2015-01-22,98.29,98.29,98.29,98.29,-0.05999999999998806,,
2015-01-23,98.33,98.33,98.33,98.33,0.03999999999999204,,
2015-01-26,98.31,98.31,98.31,98.31,-0.01999999999999602,,
2015-01-27,98.325,98.325,98.325,98.325,0.015000000000000568,,
2015-01-28,98.435,98.435,98.435,98.435,0.10999999999999943,,
2015-01-29,98.425,98.425,98.425,98.425,-0.010000000000005116,,
2015-01-30,98.525,98.525,98.525,98.525,0.10000000000000853,,
2015-02-02,98.54,98.54,98.54,98.54,0.015000000000000568,,
2015-02-03,98.435,98.435,98.435,98.435,-0.10500000000000398,,
2015-02-04,98.41,98.41,98.41,98.41,-0.025000000000005684,,
2015-02-05,98.395,98.395,98.395,98.395,-0.015000000000000568,,
2015-02-06,98.195,98.195,98.195,98.195,-0.20000000000000284,,
2015-02-09,98.16,98.16,98.16,98.16,-0.03499999999999659,,
2015-02-10,98.13,98.13,98.13,98.13,-0.030000000000001137,,
2015-02-11,98.145,98.145,98.145,98.145,0.015000000000000568,,
2015-02-12,98.185,98.185,98.185,98.185,0.04000000000000625,,
2015-02-13,98.17,98.17,98.17,98.17,-0.015000000000000568,,
2015-02-17,98.05,98.05,98.05,98.05,-0.12000000000000455,,
2015-02-18,98.14,98.14,98.14,98.14,0.09000000000000341,,
2015-02-19,98.095,98.095,98.095,98.095,-0.045000000000001705,,
2015-02-20,98.05,98.05,98.05,98.05,-0.045000000000001705,,
2015-02-23,98.105,98.105,98.105,98.105,0.05500000000000682,,
2015-02-24,98.215,98.215,98.215,98.215,0.10999999999999943,,
2015-02-25,98.215,98.215,98.215,98.215,0,,
2015-02-26,98.165,98.165,98.165,98.165,-0.04999999999999716,,
2015-02-27,98.19,98.19,98.19,98.19,0.024999999999991473,,
2015-03-02,98.11,98.11,98.11,98.11,-0.0799999999999983,,
2015-03-03,98.065,98.065,98.065,98.065,-0.045000000000001705,,
2015-03-04,98.08,98.08,98.08,98.08,0.015000000000000568,,
2015-03-05,98.11,98.11,98.11,98.11,0.030000000000001137,,
2015-03-06,97.965,97.965,97.965,97.965,-0.14499999999999602,,
2015-03-09,98,98,98,98,0.03499999999999659,,
2015-03-10,98.03,98.03,98.03,98.03,0.030000000000001137,,
2015-03-11,98.025,98.025,98.025,98.025,-0.0049999999999954525,,
2015-03-12,98.075,98.075,98.075,98.075,0.04999999999999716,,
2015-03-13,98.08,98.08,98.08,98.08,0.0049999999999954525,,
2015-03-16,98.1,98.1,98.1,98.1,0.01999999999999602,,
2015-03-17,98.115,98.115,98.115,98.115,0.015000000000000568,,
2015-03-18,98.305,98.305,98.305,98.305,0.19000000000001194,,
2015-03-19,98.255,98.255,98.255,98.255,-0.05000000000001137,,
2015-03-20,98.33,98.33,98.33,98.33,0.07500000000000284,,
2015-03-23,98.35,98.35,98.35,98.35,0.01999999999999602,,
2015-03-24,98.395,98.395,98.395,98.395,0.045000000000001705,,
2015-03-25,98.365,98.365,98.365,98.365,-0.030000000000001137,,
2015-03-26,98.315,98.315,98.315,98.315,-0.04999999999999716,,
2015-03-27,98.37,98.37,98.37,98.37,0.05500000000000682,,
2015-03-30,98.375,98.375,98.375,98.375,0.0049999999999954525,,
2015-03-31,98.41,98.41,98.41,98.41,0.03499999999999659,,
2015-04-01,98.46,98.46,98.46,98.46,0.04999999999999716,,
2015-04-02,98.455,98.455,98.455,98.455,-0.0049999999999954525,,
2015-04-03,98.55,98.55,98.55,98.55,0.09499999999999886,,
2015-04-06,98.505,98.505,98.505,98.505,-0.045000000000001705,,
2015-04-07,98.47,98.47,98.47,98.47,-0.03499999999999659,,
2015-04-08,98.46,98.46,98.46,98.46,-0.010000000000005116,,
2015-04-09,98.415,98.415,98.415,98.415,-0.044999999999987494,,
2015-04-10,98.39,98.39,98.39,98.39,-0.025000000000005684,,
2015-04-13,98.42,98.42,98.42,98.42,0.030000000000001137,,
2015-04-14,98.47,98.47,98.47,98.47,0.04999999999999716,,
2015-04-15,98.495,98.495,98.495,98.495,0.025000000000005684,,
2015-04-16,98.53,98.53,98.53,98.53,0.03499999999999659,,
2015-04-17,98.52,98.52,98.52,98.52,-0.010000000000005116,,
2015-04-20,98.495,98.495,98.495,98.495,-0.024999999999991473,,
2015-04-21,98.485,98.485,98.485,98.485,-0.010000000000005116,,
2015-04-22,98.445,98.445,98.445,98.445,-0.04000000000000625,,
2015-04-23,98.47,98.47,98.47,98.47,0.025000000000005684,,
2015-04-24,98.515,98.515,98.515,98.515,0.045000000000001705,,
2015-04-27,98.505,98.505,98.505,98.505,-0.010000000000005116,,
2015-04-28,98.47,98.47,98.47,98.47,-0.03499999999999659,,
2015-04-29,98.44,98.44,98.44,98.44,-0.030000000000001137,,
2015-04-30,98.4,98.4,98.4,98.4,-0.03999999999999204,,
2015-05-01,98.33,98.33,98.33,98.33,-0.07000000000000739,,
2015-05-04,98.335,98.335,98.335,98.335,0.0049999999999954525,,
2015-05-05,98.285,98.285,98.285,98.285,-0.04999999999999716,,
2015-05-06,98.24,98.24,98.24,98.24,-0.045000000000001705,,
2015-05-07,98.235,98.235,98.235,98.235,-0.0049999999999954525,,
2015-05-08,98.33,98.33,98.33,98.33,0.09499999999999886,,
2015-05-11,98.255,98.255,98.255,98.255,-0.07500000000000284,,
2015-05-12,98.255,98.255,98.255,98.255,0,,
2015-05-13,98.29,98.29,98.29,98.29,0.0350000000000108,,
2015-05-14,98.355,98.355,98.355,98.355,0.06499999999999773,,
2015-05-15,98.405,98.405,98.405,98.405,0.04999999999999716,,
2015-05-18,98.355,98.355,98.355,98.355,-0.04999999999999716,,
2015-05-19,98.295,98.295,98.295,98.295,-0.060000000000002274,,
2015-05-20,98.33,98.33,98.33,98.33,0.03499999999999659,,
2015-05-21,98.365,98.365,98.365,98.365,0.03499999999999659,,
2015-05-22,98.3,98.3,98.3,98.3,-0.06499999999999773,,
2015-05-26,98.335,98.335,98.335,98.335,0.03499999999999659,,
2015-05-27,98.335,98.335,98.335,98.335,0,,
2015-05-28,98.375,98.375,98.375,98.375,0.04000000000000625,,
2015-05-29,98.415,98.415,98.415,98.415,0.04000000000000625,,
2015-06-01,98.325,98.325,98.325,98.325,-0.09000000000000341,,
2015-06-02,98.28,98.28,98.28,98.28,-0.045000000000001705,,
2015-06-03,98.2,98.2,98.2,98.2,-0.0799999999999983,,
2015-06-04,98.235,98.235,98.235,98.235,0.03499999999999659,,
2015-06-05,98.15,98.15,98.15,98.15,-0.08499999999999375,,
2015-06-08,98.185,98.185,98.185,98.185,0.03499999999999659,,
2015-06-09,98.145,98.145,98.145,98.145,-0.04000000000000625,,
2015-06-10,98.1,98.1,98.1,98.1,-0.045000000000001705,,
2015-06-11,98.15,98.15,98.15,98.15,0.05000000000001137,,
2015-06-12,98.15,98.15,98.15,98.15,0,,
2015-06-15,98.185,98.185,98.185,98.185,0.03499999999999659,,
2015-06-16,98.22,98.22,98.22,98.22,0.03499999999999659,,
2015-06-17,98.275,98.275,98.275,98.275,0.05500000000000682,,
2015-06-18,98.295,98.295,98.295,98.295,0.01999999999999602,,
2015-06-19,98.36,98.36,98.36,98.36,0.06499999999999773,,
2015-06-22,98.325,98.325,98.325,98.325,-0.03499999999999659,,
2015-06-23,98.3,98.3,98.3,98.3,-0.025000000000005684,,
2015-06-24,98.285,98.285,98.285,98.285,-0.015000000000000568,,
2015-06-25,98.25,98.25,98.25,98.25,-0.03499999999999659,,
2015-06-26,98.2,98.2,98.2,98.2,-0.04999999999999716,,
2015-06-29,98.32,98.32,98.32,98.32,0.11999999999999034,,
2015-06-30,98.315,98.315,98.315,98.315,-0.0049999999999954525,,
2015-07-01,98.255,98.255,98.255,98.255,-0.060000000000002274,,
2015-07-02,98.305,98.305,98.305,98.305,0.05000000000001137,,
2015-07-06,98.41,98.43,98.41,98.41,0.10499999999998977,,
2015-07-07,98.44,98.49,98.44,98.44,0.030000000000001137,,
2015-07-08,98.49,98.49,98.49,98.49,0.04999999999999716,,
2015-07-09,98.445,98.445,98.445,98.445,-0.045000000000001705,,
2015-07-10,98.33,98.33,98.33,98.33,-0.11499999999999488,,
2015-07-13,98.31,98.31,98.29,98.31,-0.01999999999999602,,
2015-07-14,98.345,98.355,98.345,98.345,0.03499999999999659,,
2015-07-15,98.39,98.4,98.335,98.39,0.045000000000001705,,
2015-07-16,98.345,98.345,98.34,98.345,-0.045000000000001705,,
2015-07-17,98.325,98.325,98.32,98.325,-0.01999999999999602,,
2015-07-20,98.29,98.29,98.28,98.29,-0.03499999999999659,,
2015-07-21,98.315,98.335,98.275,98.315,0.024999999999991473,,
2015-07-22,98.3,98.34,98.3,98.3,-0.015000000000000568,,
2015-07-23,98.335,98.345,98.29,98.335,0.03499999999999659,,
2015-07-24,98.37,98.39,98.37,98.37,0.0350000000000108,,
2015-07-27,98.42,98.43,98.42,98.42,0.04999999999999716,,
2015-07-28,98.41,98.41,98.395,98.41,-0.010000000000005116,,
2015-07-29,98.4,98.4,98.385,98.4,-0.009999999999990905,,
2015-07-30,98.36,98.36,98.325,98.36,-0.04000000000000625,,
2015-07-31,98.44,98.46,98.355,98.44,0.0799999999999983,,
2015-08-03,98.48,98.495,98.48,98.48,0.04000000000000625,,
2015-08-04,98.4,98.4,98.39,98.4,-0.0799999999999983,,
2015-08-05,98.36,98.36,98.325,98.36,-0.04000000000000625,,
2015-08-06,98.38,98.395,98.355,98.38,0.01999999999999602,,
2015-08-07,98.385,98.405,98.35,98.385,0.005000000000009663,,
2015-08-10,98.38,98.39,98.375,98.38,-0.005000000000009663,,
2015-08-11,98.455,98.485,98.455,98.455,0.07500000000000284,,
2015-08-12,98.49,98.535,98.49,98.49,0.03499999999999659,,
2015-08-13,98.445,98.445,98.445,98.445,-0.045000000000001705,,
2015-08-14,98.43,98.455,98.415,98.43,-0.014999999999986358,,
2015-08-17,98.465,98.47,98.465,98.465,0.03499999999999659,,
2015-08-18,98.46,98.46,98.445,98.46,-0.005000000000009663,,
2015-08-19,98.535,98.545,98.435,98.535,0.07500000000000284,,
2015-08-20,98.54,98.565,98.54,98.54,0.005000000000009663,,
2015-08-21,98.62,98.635,98.62,98.62,0.0799999999999983,,
2015-08-24,98.705,98.785,98.705,98.705,0.08499999999999375,,
2015-08-25,98.625,98.625,98.62,98.625,-0.0799999999999983,,
2015-08-26,98.655,98.655,98.655,98.655,0.030000000000001137,,
2015-08-27,98.645,98.645,98.6,98.645,-0.010000000000005116,,
2015-08-28,98.59,98.655,98.58,98.59,-0.05499999999999261,,
2015-08-31,98.565,98.61,98.56,98.565,-0.025000000000005684,,
2015-09-01,98.625,98.635,98.625,98.625,0.060000000000002274,,
2015-09-02,98.62,98.64,98.605,98.62,-0.0049999999999954525,,
2015-09-03,98.64,98.655,98.64,98.64,0.01999999999999602,,
2015-09-04,98.675,98.69,98.675,98.675,0.03499999999999659,,
2015-09-08,98.655,98.655,98.65,98.655,-0.01999999999999602,,
2015-09-09,98.66,98.675,98.625,98.66,0.0049999999999954525,,
2015-09-10,98.66,98.665,98.65,98.66,0,,
2015-09-11,98.69,98.69,98.655,98.69,0.030000000000001137,,
2015-09-14,98.685,98.685,98.68,98.685,-0.0049999999999954525,,
2015-09-15,98.61,98.61,98.595,98.61,-0.07500000000000284,,
2015-09-16,98.605,98.645,98.605,98.605,-0.0049999999999954525,,
2015-09-17,98.725,98.755,98.725,98.725,0.11999999999999034,,
2015-09-18,98.77,98.77,98.76,98.76,0.0350000000000108,1,1
2015-09-21,98.725,98.725,98.72,98.725,-0.0350000000000108,,1
2015-09-22,98.79,98.8,98.79,98.79,0.06500000000001194,,1
2015-09-23,98.79,98.79,98.775,98.79,0,,1
2015-09-24,98.82,98.855,98.82,98.82,0.029999999999986926,,1
2015-09-25,98.805,98.805,98.75,98.805,-0.014999999999986358,,1
2015-09-28,98.87,98.875,98.87,98.87,0.06499999999999773,,1
2015-09-29,98.92,98.925,98.92,98.92,0.04999999999999716,,1
2015-09-30,98.905,98.905,98.9,98.905,-0.015000000000000568,,1
2015-10-01,98.89,98.89,98.885,98.89,-0.015000000000000568,,1
2015-10-02,98.99,99.015,98.99,98.99,0.09999999999999432,,1
2015-10-05,98.935,98.935,98.925,98.935,-0.05499999999999261,,1
2015-10-06,98.945,98.945,98.92,98.945,0.009999999999990905,,1
2015-10-07,98.92,98.92,98.9,98.92,-0.024999999999991473,,1
2015-10-08,98.895,98.935,98.865,98.895,-0.025000000000005684,,1
2015-10-09,98.87,98.87,98.845,98.87,-0.024999999999991473,,1
2015-10-12,98.87,98.87,98.87,98.87,0,,1
2015-10-13,98.92,98.94,98.92,98.92,0.04999999999999716,,1
2015-10-14,99.035,99.045,99.035,99.035,0.11499999999999488,,1
2015-10-15,98.985,98.985,98.98,98.985,-0.04999999999999716,,1
2015-10-16,98.965,98.99,98.95,98.965,-0.01999999999999602,,1
2015-10-19,98.975,98.975,98.94,98.975,0.009999999999990905,,1
2015-10-20,98.93,98.93,98.915,98.93,-0.044999999999987494,,1
2015-10-21,98.935,98.955,98.935,98.935,0.0049999999999954525,,1
2015-10-22,98.97,98.98,98.97,98.97,0.03499999999999659,,1
2015-10-23,98.92,98.92,98.92,98.92,-0.04999999999999716,,1
2015-10-26,98.93,98.94,98.91,98.93,0.010000000000005116,,1
2015-10-27,98.97,98.99,98.97,98.97,0.03999999999999204,,1
2015-10-28,98.87,98.87,98.855,98.87,-0.09999999999999432,,1
2015-10-29,98.81,98.81,98.805,98.81,-0.060000000000002274,,1
2015-10-30,98.795,98.795,98.79,98.795,-0.015000000000000568,,1
2015-11-02,98.77,98.77,98.77,98.77,-0.025000000000005684,,1
2015-11-03,98.76,98.76,98.76,98.76,-0.009999999999990905,,1
2015-11-04,98.715,98.77,98.705,98.715,-0.045000000000001705,,1
2015-11-05,98.725,98.74,98.725,98.725,0.009999999999990905,,1
2015-11-06,98.595,98.595,98.595,98.595,-0.12999999999999545,2,1
2015-11-09,98.6,98.6,98.555,98.6,0.0049999999999954525,,1
2015-11-10,98.625,98.625,98.58,98.625,0.025000000000005684,,1
2015-11-11,98.595,98.595,98.595,98.595,-0.030000000000001137,,1
2015-11-12,98.605,98.635,98.605,98.605,0.010000000000005116,,1
2015-11-13,98.665,98.675,98.665,98.665,0.060000000000002274,,1
2015-11-16,98.68,98.695,98.68,98.68,0.015000000000000568,2,1
2015-11-17,98.68,98.69,98.645,98.68,0,,1
2015-11-18,98.675,98.685,98.665,98.675,-0.005000000000009663,,1
2015-11-19,98.705,98.72,98.705,98.705,0.030000000000001137,,1
2015-11-20,98.705,98.705,98.705,98.705,0,,1
2015-11-23,98.675,98.675,98.675,98.675,-0.030000000000001137,,1
2015-11-24,98.685,98.685,98.685,98.685,0.010000000000005116,,1
2015-11-25,98.69,98.69,98.69,98.69,0.0049999999999954525,,1
2015-11-27,98.7,98.7,98.7,98.7,0.010000000000005116,,1
2015-11-30,98.69,98.69,98.69,98.69,-0.010000000000005116,,1
2015-12-01,98.73,98.73,98.73,98.73,0.04000000000000625,,1
2015-12-02,98.695,98.695,98.695,98.695,-0.0350000000000108,,1
2015-12-03,98.65,98.65,98.65,98.65,-0.044999999999987494,,1
2015-12-04,98.645,98.645,98.645,98.645,-0.005000000000009663,,1
2015-12-07,98.655,98.655,98.655,98.655,0.010000000000005116,,1
2015-12-08,98.64,98.64,98.64,98.64,-0.015000000000000568,,1
2015-12-09,98.695,98.695,98.695,98.695,0.05499999999999261,,1
2015-12-10,98.675,98.675,98.675,98.675,-0.01999999999999602,,1
2015-12-11,98.755,98.755,98.755,98.755,0.0799999999999983,,1
2015-12-14,98.755,98.755,98.755,98.755,0,,1
2015-12-15,98.735,98.735,98.735,98.735,-0.01999999999999602,1,
2015-12-16,98.72,98.72,98.685,98.685,-0.04999999999999716,5,5
2015-12-17,98.675,98.675,98.675,98.675,-0.010000000000005116,,5
2015-12-18,98.685,98.685,98.685,98.685,0.010000000000005116,,5
2015-12-21,98.69,98.69,98.69,98.69,0.0049999999999954525,,5
2015-12-22,98.67,98.67,98.655,98.66,-0.030000000000001137,43,43
2015-12-23,98.65,98.65,98.65,98.65,-0.009999999999990905,,43
2015-12-24,98.64,98.65,98.64,98.65,0,1,43
2015-12-28,98.65,98.65,98.65,98.65,0,,43
2015-12-29,98.585,98.585,98.585,98.585,-0.06500000000001194,,43
2015-12-30,98.585,98.585,98.585,98.585,0,,43
2015-12-31,98.6,98.6,98.6,98.6,0.015000000000000568,,43
2016-01-04,98.635,98.635,98.635,98.635,0.0350000000000108,,43
2016-01-05,98.65,98.66,98.65,98.66,0.024999999999991473,6,49
2016-01-06,98.71,98.74,98.71,98.74,0.0799999999999983,4,49
2016-01-07,98.8,98.8,98.8,98.8,0.060000000000002274,,49
2016-01-08,98.825,98.855,98.825,98.855,0.05500000000000682,2,49
2016-01-11,98.85,98.9,98.85,98.9,0.045000000000001705,35,82
2016-01-12,98.865,98.935,98.865,98.935,0.03499999999999659,10,92
2016-01-13,98.895,98.955,98.895,98.955,0.01999999999999602,2,94
2016-01-14,98.98,98.98,98.96,98.975,0.01999999999999602,31,125
2016-01-15,99.07,99.07,99.07,99.07,0.09499999999999886,1,124
2016-01-19,99.055,99.055,99.055,99.055,-0.014999999999986358,,124
2016-01-20,99.13,99.13,99.11,99.11,0.05499999999999261,3,121
2016-01-21,99.08,99.085,99.08,99.085,-0.025000000000005684,1,122
2016-01-22,99.035,99.035,99.035,99.035,-0.04999999999999716,,122
2016-01-25,99.05,99.05,99.04,99.05,0.015000000000000568,20,122
2016-01-26,99.075,99.115,99.075,99.095,0.045000000000001705,57,122
2016-01-27,99.08,99.08,99.08,99.08,-0.015000000000000568,,122
2016-01-28,99.085,99.095,99.08,99.095,0.015000000000000568,19,141
2016-01-29,99.16,99.17,99.14,99.165,0.07000000000000739,205,346
2016-02-01,99.16,99.16,99.115,99.12,-0.045000000000001705,68,414
2016-02-02,99.145,99.23,99.145,99.23,0.10999999999999943,113,527
2016-02-03,99.23,99.345,99.23,99.27,0.03999999999999204,159,686
2016-02-04,99.29,99.295,99.285,99.285,0.015000000000000568,10,696
2016-02-05,99.315,99.32,99.24,99.27,-0.015000000000000568,201,897
2016-02-08,99.3,99.385,99.3,99.38,0.10999999999999943,116,1013
2016-02-09,99.37,99.44,99.37,99.385,0.005000000000009663,328,1293
2016-02-10,99.38,99.42,99.335,99.42,0.03499999999999659,186,1416
2016-02-11,99.435,99.565,99.435,99.5,0.0799999999999983,247,1479
2016-02-12,99.43,99.45,99.395,99.395,-0.10500000000000398,73,1434
2016-02-16,99.37,99.38,99.37,99.38,-0.015000000000000568,2,1436
2016-02-17,99.375,99.375,99.325,99.345,-0.03499999999999659,121,1538
2016-02-18,99.365,99.39,99.36,99.39,0.045000000000001705,75,1613
2016-02-19,99.345,99.365,99.345,99.365,-0.025000000000005684,25,1638
2016-02-22,99.355,99.355,99.355,99.355,-0.009999999999990905,,1638
2016-02-23,99.325,99.375,99.325,99.375,0.01999999999999602,51,1689
2016-02-24,99.415,99.45,99.385,99.385,0.010000000000005116,38,1715
2016-02-25,99.405,99.44,99.395,99.44,0.05499999999999261,8,1723
2016-02-26,99.345,99.36,99.345,99.35,-0.09000000000000341,117,1840
2016-02-29,99.335,99.345,99.32,99.345,-0.0049999999999954525,88,1927
2016-03-01,99.255,99.265,99.245,99.245,-0.09999999999999432,20,1927
2016-03-02,99.235,99.235,99.22,99.22,-0.025000000000005684,22,1945
2016-03-03,99.23,99.24,99.23,99.235,0.015000000000000568,12,1936
2016-03-04,99.23,99.23,99.175,99.175,-0.060000000000002274,35,1939
2016-03-07,99.155,99.155,99.135,99.135,-0.03999999999999204,137,1902
2016-03-08,99.195,99.195,99.195,99.195,0.05999999999998806,,1902
2016-03-09,99.19,99.19,99.16,99.165,-0.029999999999986926,104,2005
2016-03-10,99.105,99.105,99.105,99.105,-0.060000000000002274,,2005
2016-03-11,99.055,99.055,99.055,99.055,-0.04999999999999716,11,2016
2016-03-14,99.055,99.055,99.055,99.055,0,,2016
2016-03-15,99.045,99.05,99.045,99.045,-0.010000000000005116,14,2016
2016-03-16,99.005,99.135,99.005,99.135,0.09000000000000341,13,2008
2016-03-17,99.2,99.2,99.135,99.15,0.015000000000000568,25,1993
2016-03-18,99.19,99.19,99.19,99.19,0.03999999999999204,38,1955
2016-03-21,99.15,99.15,99.15,99.15,-0.03999999999999204,,1955
2016-03-22,99.16,99.16,99.115,99.115,-0.0350000000000108,5,1950
2016-03-23,99.15,99.165,99.15,99.165,0.05000000000001137,19,1948
2016-03-24,99.16,99.16,99.13,99.14,-0.025000000000005684,98,1850
2016-03-28,99.145,99.145,99.145,99.145,0.0049999999999954525,,1850
2016-03-29,99.2,99.235,99.195,99.23,0.08500000000000796,46,1838
2016-03-30,99.24,99.275,99.235,99.275,0.045000000000001705,18,1846
2016-03-31,99.285,99.315,99.285,99.305,0.030000000000001137,49,1886
2016-04-01,99.305,99.31,99.245,99.265,-0.04000000000000625,25,1889
2016-04-04,99.29,99.3,99.29,99.29,0.025000000000005684,18,1889
2016-04-05,99.32,99.345,99.32,99.335,0.044999999999987494,39,1923
2016-04-06,99.33,99.33,99.315,99.315,-0.01999999999999602,5,1921
2016-04-07,99.33,99.36,99.33,99.355,0.04000000000000625,87,1945
2016-04-08,99.325,99.335,99.32,99.335,-0.020000000000010232,80,1900
2016-04-11,99.32,99.345,99.31,99.345,0.010000000000005116,123,1834
2016-04-12,99.305,99.305,99.305,99.305,-0.03999999999999204,,1834
2016-04-13,99.295,99.31,99.295,99.305,0,49,1801
2016-04-14,99.29,99.3,99.29,99.29,-0.015000000000000568,90,1860
2016-04-15,99.295,99.33,99.295,99.33,0.03999999999999204,54,1815
2016-04-18,99.335,99.335,99.305,99.315,-0.015000000000000568,81,1843
2016-04-19,99.275,99.28,99.275,99.275,-0.03999999999999204,17,1828
2016-04-20,99.275,99.275,99.21,99.21,-0.06500000000001194,26,1807
2016-04-21,99.215,99.215,99.21,99.21,0,15,1797
2016-04-22,99.225,99.225,99.205,99.21,0,105,1824
2016-04-25,99.195,99.195,99.19,99.19,-0.01999999999999602,12,1824
2016-04-26,99.175,99.175,99.16,99.17,-0.01999999999999602,14,1833
2016-04-27,99.185,99.195,99.185,99.195,0.024999999999991473,1,1833
2016-04-28,99.225,99.25,99.215,99.245,0.05000000000001137,35,1833
2016-04-29,99.225,99.255,99.225,99.255,0.009999999999990905,107,1726
2016-05-02,99.225,99.225,99.225,99.225,-0.030000000000001137,,1726
2016-05-03,99.26,99.28,99.26,99.27,0.045000000000001705,114,1617
2016-05-04,99.275,99.295,99.275,99.295,0.025000000000005684,5,1620
2016-05-05,99.285,99.325,99.285,99.325,0.030000000000001137,47,1662
2016-05-06,99.3,99.3,99.3,99.3,-0.025000000000005684,,1662
2016-05-09,99.34,99.345,99.34,99.345,0.045000000000001705,44,1618
2016-05-10,99.34,99.34,99.335,99.335,-0.010000000000005116,40,1636
2016-05-11,99.325,99.345,99.325,99.33,-0.0049999999999954525,30,1621
2016-05-12,99.295,99.295,99.295,99.295,-0.03499999999999659,,1621
2016-05-13,99.31,99.31,99.265,99.3,0.0049999999999954525,71,1608
2016-05-16,99.275,99.285,99.265,99.265,-0.03499999999999659,63,1546
2016-05-17,99.255,99.255,99.225,99.225,-0.04000000000000625,34,1574
2016-05-18,99.19,99.195,99.115,99.12,-0.10499999999998977,265,1338
2016-05-19,99.12,99.145,99.105,99.13,0.009999999999990905,15,1334
2016-05-20,99.125,99.125,99.125,99.125,-0.0049999999999954525,,1334
2016-05-23,99.145,99.145,99.1,99.115,-0.010000000000005116,4,1334
2016-05-24,99.075,99.09,99.075,99.09,-0.024999999999991473,84,1271
2016-05-25,99.075,99.09,99.07,99.09,0,77,1266
2016-05-26,99.105,99.14,99.1,99.14,0.04999999999999716,81,1340
2016-05-27,99.13,99.135,99.08,99.125,-0.015000000000000568,23,1351
2016-05-31,99.05,99.13,99.045,99.13,0.0049999999999954525,14,1351
2016-06-01,99.125,99.14,99.105,99.105,-0.024999999999991473,7,1354
2016-06-02,99.1,99.125,99.1,99.12,0.015000000000000568,13,1366
2016-06-03,99.13,99.27,99.13,99.265,0.14499999999999602,72,1386
2016-06-06,99.26,99.26,99.235,99.26,-0.0049999999999954525,17,1380
2016-06-07,99.27,99.27,99.27,99.27,0.009999999999990905,,1380
2016-06-08,99.285,99.285,99.28,99.28,0.010000000000005116,96,1439
2016-06-09,99.295,99.305,99.29,99.305,0.025000000000005684,89,1463
2016-06-10,99.315,99.345,99.305,99.34,0.03499999999999659,86,1487
2016-06-13,99.35,99.355,99.335,99.355,0.015000000000000568,47,1491
2016-06-14,99.385,99.395,99.35,99.35,-0.005000000000009663,190,1551
2016-06-15,99.34,99.385,99.34,99.385,0.0350000000000108,182,1582
2016-06-16,99.415,99.44,99.405,99.41,0.024999999999991473,62,1610
2016-06-17,99.395,99.4,99.385,99.385,-0.024999999999991473,18,1614
2016-06-20,99.36,99.37,99.35,99.355,-0.030000000000001137,31,1619
2016-06-21,99.345,99.345,99.325,99.335,-0.020000000000010232,109,1651
2016-06-22,99.335,99.35,99.335,99.35,0.015000000000000568,18,1638
2016-06-23,99.315,99.34,99.315,99.315,-0.03499999999999659,,1638
2016-06-24,99.35,99.63,99.335,99.495,0.18000000000000682,421,1362
2016-06-27,99.545,99.585,99.545,99.58,0.08499999999999375,158,1464
2016-06-28,99.555,99.555,99.54,99.555,-0.024999999999991473,858,1731
2016-06-29,99.535,99.54,99.505,99.53,-0.025000000000005684,327,1933
2016-06-30,99.505,99.56,99.505,99.55,0.01999999999999602,468,2239
2016-07-01,99.555,99.565,99.525,99.525,-0.024999999999991473,166,2339
2016-07-05,99.515,99.57,99.51,99.56,0.03499999999999659,119,2407
2016-07-06,99.585,99.59,99.535,99.535,-0.025000000000005684,350,2651
2016-07-07,99.535,99.545,99.52,99.54,0.005000000000009663,335,2910
2016-07-08,99.475,99.515,99.475,99.515,-0.025000000000005684,157,2910
2016-07-11,99.48,99.48,99.46,99.46,-0.05500000000000682,46,2911
2016-07-12,99.46,99.46,99.41,99.43,-0.029999999999986926,284,2803
2016-07-13,99.455,99.465,99.425,99.46,0.029999999999986926,127,2853
2016-07-14,99.425,99.43,99.405,99.425,-0.03499999999999659,291,3022
2016-07-15,99.43,99.43,99.365,99.375,-0.04999999999999716,125,3033
2016-07-18,99.385,99.405,99.375,99.385,0.010000000000005116,318,3040
2016-07-19,99.405,99.415,99.385,99.385,0,31,3043
2016-07-20,99.39,99.39,99.35,99.355,-0.030000000000001137,381,2976
2016-07-21,99.355,99.38,99.34,99.375,0.01999999999999602,312,3058
2016-07-22,99.37,99.38,99.355,99.355,-0.01999999999999602,290,3152
2016-07-25,99.345,99.35,99.335,99.34,-0.015000000000000568,106,3162
2016-07-26,99.355,99.365,99.34,99.355,0.015000000000000568,218,3227
2016-07-27,99.35,99.385,99.33,99.375,0.01999999999999602,327,3263
2016-07-28,99.385,99.41,99.38,99.4,0.025000000000005684,126,3318
2016-07-29,99.41,99.46,99.375,99.45,0.04999999999999716,521,3570
2016-08-01,99.44,99.455,99.425,99.445,-0.005000000000009663,149,3552
2016-08-02,99.415,99.445,99.415,99.44,-0.0049999999999954525,313,3588
2016-08-03,99.43,99.445,99.42,99.44,0,97,3646
2016-08-04,99.45,99.47,99.43,99.455,0.015000000000000568,225,3631
2016-08-05,99.455,99.47,99.375,99.375,-0.0799999999999983,749,3783
2016-08-08,99.38,99.38,99.36,99.36,-0.015000000000000568,176,3679
2016-08-09,99.355,99.395,99.355,99.39,0.030000000000001137,259,3623
2016-08-10,99.39,99.42,99.39,99.42,0.030000000000001137,309,3761
2016-08-11,99.41,99.41,99.35,99.355,-0.06499999999999773,1023,4106
2016-08-12,99.405,99.415,99.39,99.39,0.03499999999999659,200,4044
2016-08-15,99.39,99.395,99.355,99.37,-0.01999999999999602,235,4171
2016-08-16,99.395,99.4,99.335,99.345,-0.025000000000005684,302,4142
2016-08-17,99.34,99.375,99.315,99.35,0.0049999999999954525,492,4160
2016-08-18,99.36,99.38,99.355,99.37,0.020000000000010232,363,4380
2016-08-19,99.35,99.35,99.33,99.34,-0.030000000000001137,288,4317
2016-08-22,99.31,99.355,99.31,99.35,0.009999999999990905,871,4720
2016-08-23,99.335,99.355,99.335,99.34,-0.009999999999990905,839,4951
2016-08-24,99.345,99.36,99.335,99.345,0.0049999999999954525,1093,5128
2016-08-25,99.35,99.35,99.31,99.315,-0.030000000000001137,244,5133
2016-08-26,99.32,99.33,99.26,99.26,-0.05499999999999261,452,5090
2016-08-29,99.255,99.285,99.255,99.285,0.024999999999991473,46,5087
2016-08-30,99.28,99.285,99.27,99.285,0,873,5651
2016-08-31,99.285,99.3,99.275,99.285,0,224,5803
2016-09-01,99.27,99.3,99.255,99.29,0.005000000000009663,386,5757
2016-09-02,99.295,99.325,99.28,99.29,0,267,5764
2016-09-06,99.29,99.36,99.285,99.355,0.06499999999999773,1019,6150
2016-09-07,99.37,99.37,99.35,99.355,0,546,6293
2016-09-08,99.35,99.35,99.315,99.315,-0.04000000000000625,221,6316
2016-09-09,99.315,99.32,99.285,99.295,-0.01999999999999602,462,6371
2016-09-12,99.3,99.325,99.295,99.32,0.024999999999991473,410,6363
2016-09-13,99.33,99.335,99.28,99.29,-0.029999999999986926,793,6732
2016-09-14,99.31,99.335,99.305,99.335,0.044999999999987494,443,6729
2016-09-15,99.35,99.37,99.33,99.355,0.020000000000010232,738,6887
2016-09-16,99.365,99.365,99.32,99.325,-0.030000000000001137,1073,7314
2016-09-19,99.32,99.33,99.31,99.32,-0.005000000000009663,175,7218
2016-09-20,99.31,99.315,99.305,99.31,-0.009999999999990905,1317,7051
2016-09-21,99.295,99.32,99.27,99.295,-0.015000000000000568,330,6887
2016-09-22,99.31,99.325,99.31,99.31,0.015000000000000568,402,6824
2016-09-23,99.325,99.325,99.31,99.32,0.009999999999990905,166,6896
2016-09-26,99.33,99.345,99.33,99.345,0.025000000000005684,919,6869
2016-09-27,99.345,99.36,99.33,99.355,0.010000000000005116,765,6856
2016-09-28,99.35,99.35,99.335,99.345,-0.010000000000005116,655,6585
2016-09-29,99.335,99.365,99.33,99.35,0.0049999999999954525,314,6560
2016-09-30,99.36,99.37,99.33,99.33,-0.01999999999999602,571,6593
2016-10-03,99.32,99.32,99.31,99.31,-0.01999999999999602,201,6631
2016-10-04,99.305,99.315,99.285,99.29,-0.01999999999999602,841,6624
2016-10-05,99.285,99.295,99.26,99.27,-0.020000000000010232,536,6632
2016-10-06,99.265,99.27,99.25,99.25,-0.01999999999999602,1121,6833
2016-10-07,99.25,99.27,99.245,99.255,0.0049999999999954525,400,6787
2016-10-10,99.25,99.26,99.235,99.235,-0.01999999999999602,41,6795
2016-10-11,99.25,99.25,99.225,99.235,0,532,6646
2016-10-12,99.225,99.24,99.22,99.235,0,502,6739
2016-10-13,99.26,99.265,99.25,99.26,0.025000000000005684,406,6753
2016-10-14,99.255,99.28,99.255,99.265,0.0049999999999954525,818,6871
2016-10-17,99.27,99.28,99.255,99.275,0.010000000000005116,480,7045
2016-10-18,99.28,99.305,99.28,99.3,0.024999999999991473,655,7254
2016-10-19,99.3,99.31,99.3,99.305,0.005000000000009663,120,7254
2016-10-20,99.295,99.3,99.285,99.285,-0.020000000000010232,135,7351
2016-10-21,99.285,99.285,99.275,99.285,0,304,7454
2016-10-24,99.285,99.285,99.255,99.265,-0.01999999999999602,883,7844
2016-10-25,99.255,99.265,99.245,99.26,-0.0049999999999954525,2053,8236
2016-10-26,99.25,99.26,99.25,99.26,0,397,8290
2016-10-27,99.25,99.25,99.225,99.23,-0.030000000000001137,866,8359
2016-10-28,99.235,99.26,99.22,99.25,0.01999999999999602,117,8371
2016-10-31,99.26,99.265,99.26,99.26,0.010000000000005116,313,8542
2016-11-01,99.25,99.28,99.235,99.275,0.015000000000000568,1389,8316
2016-11-02,99.28,99.29,99.27,99.285,0.009999999999990905,801,8390
2016-11-03,99.295,99.31,99.285,99.29,0.005000000000009663,574,8275
2016-11-04,99.29,99.32,99.275,99.305,0.015000000000000568,986,8398
2016-11-07,99.28,99.28,99.27,99.27,-0.0350000000000108,235,8418
2016-11-08,99.26,99.26,99.23,99.235,-0.03499999999999659,756,8270
2016-11-09,99.245,99.375,99.19,99.205,-0.030000000000001137,3010,9281
2016-11-10,99.205,99.23,99.155,99.2,-0.0049999999999954525,2097,9721
2016-11-11,99.2,99.205,99.17,99.175,-0.025000000000005684,493,9769
2016-11-14,99.135,99.15,99.11,99.14,-0.03499999999999659,1357,10086
2016-11-15,99.155,99.155,99.115,99.125,-0.015000000000000568,1176,10172
2016-11-16,99.11,99.135,99.11,99.135,0.010000000000005116,741,9963
2016-11-17,99.14,99.145,99.09,99.105,-0.030000000000001137,444,10074
2016-11-18,99.09,99.105,99.07,99.075,-0.030000000000001137,3706,11878
2016-11-21,99.08,99.09,99.065,99.07,-0.005000000000009663,1604,11753
2016-11-22,99.07,99.09,99.07,99.075,0.005000000000009663,2225,10232
2016-11-23,99.075,99.085,99.035,99.045,-0.030000000000001137,410,10230
2016-11-25,99.035,99.035,99.02,99.035,-0.010000000000005116,290,10281
2016-11-28,99.06,99.06,99.045,99.055,0.020000000000010232,304,10209
2016-11-29,99.065,99.085,99.055,99.075,0.01999999999999602,3071,11124
2016-11-30,99.07,99.085,99.055,99.06,-0.015000000000000568,1647,11150
2016-12-01,99.055,99.055,99.03,99.045,-0.015000000000000568,1426,10892
2016-12-02,99.045,99.075,99.045,99.07,0.024999999999991473,1560,11080
2016-12-05,99.075,99.085,99.03,99.045,-0.024999999999991473,2342,12230
2016-12-06,99.05,99.05,99.035,99.04,-0.0049999999999954525,1749,13213
2016-12-07,99.045,99.06,99.045,99.05,0.009999999999990905,223,13280
2016-12-08,99.045,99.055,99.04,99.05,0,994,13254
2016-12-09,99.035,99.045,99.02,99.025,-0.024999999999991473,1944,14215
2016-12-12,99.015,99.025,99.01,99.025,0,1304,13747
2016-12-13,99.03,99.03,98.995,99,-0.025000000000005684,3399,13577
2016-12-14,99,99.02,98.88,98.905,-0.09499999999999886,7017,11224
2016-12-15,98.895,98.905,98.87,98.89,-0.015000000000000568,3175,10446
2016-12-16,98.895,98.91,98.89,98.895,0.0049999999999954525,3805,10690
2016-12-19,98.91,98.92,98.905,98.915,0.020000000000010232,1186,10622
2016-12-20,98.91,98.925,98.905,98.915,0,635,10518
2016-12-21,98.925,98.935,98.925,98.93,0.015000000000000568,4333,10257
2016-12-22,98.935,98.935,98.92,98.925,-0.005000000000009663,916,10201
2016-12-23,98.92,98.925,98.915,98.92,-0.0049999999999954525,627,10210
2016-12-27,98.92,98.92,98.9,98.905,-0.015000000000000568,1233,9969
2016-12-28,98.9,98.925,98.9,98.915,0.010000000000005116,689,9963
2016-12-29,98.93,98.945,98.93,98.94,0.024999999999991473,900,10012
2016-12-30,98.94,98.95,98.94,98.95,0.010000000000005116,1360,10383
2017-01-03,98.93,98.935,98.89,98.915,-0.03499999999999659,31504,27616
2017-01-04,98.92,98.93,98.91,98.92,0.0049999999999954525,10815,30535
2017-01-05,98.945,98.965,98.93,98.955,0.03499999999999659,12167,35365
2017-01-06,98.955,98.97,98.925,98.93,-0.024999999999991473,3375,35537
2017-01-09,98.925,98.95,98.925,98.95,0.01999999999999602,3419,36587
2017-01-10,98.94,98.955,98.94,98.95,0,1198,36432
2017-01-11,98.95,98.98,98.945,98.96,0.009999999999990905,4242,37415
2017-01-12,98.975,98.995,98.965,98.97,0.010000000000005116,1792,37486
2017-01-13,98.96,98.98,98.925,98.96,-0.010000000000005116,4294,37968
2017-01-17,98.965,98.995,98.96,98.98,0.020000000000010232,2706,37210
2017-01-18,98.97,98.985,98.93,98.96,-0.020000000000010232,7687,38122
2017-01-19,98.93,98.935,98.91,98.925,-0.03499999999999659,4843,38429
2017-01-20,98.925,98.945,98.915,98.94,0.015000000000000568,3086,39565
2017-01-23,98.955,98.99,98.945,98.975,0.03499999999999659,2747,39366
2017-01-24,98.975,98.98,98.95,98.95,-0.024999999999991473,2179,39177
2017-01-25,98.955,98.955,98.93,98.935,-0.015000000000000568,1633,39169
2017-01-26,98.935,98.94,98.92,98.935,0,5388,39559
2017-01-27,98.935,98.945,98.925,98.94,0.0049999999999954525,1388,39489
2017-01-30,98.955,98.97,98.94,98.955,0.015000000000000568,5918,39638
2017-01-31,98.955,98.975,98.95,98.965,0.010000000000005116,4272,40635
2017-02-01,98.96,98.96,98.92,98.96,-0.005000000000009663,3888,40739
2017-02-02,98.955,98.965,98.95,98.96,0,4484,40474
2017-02-03,98.95,98.975,98.935,98.95,-0.009999999999990905,8181,41422
2017-02-06,98.95,99,98.95,98.995,0.045000000000001705,7294,41623
2017-02-07,98.995,99.005,98.98,98.995,0,5714,43719
2017-02-08,98.99,99.025,98.99,99.01,0.015000000000000568,4110,44244
2017-02-09,99.015,99.015,98.985,98.99,-0.020000000000010232,5480,46537
2017-02-10,98.985,98.985,98.965,98.975,-0.015000000000000568,1606,46637
2017-02-13,98.96,98.965,98.95,98.965,-0.009999999999990905,2692,47443
2017-02-14,98.96,98.96,98.925,98.935,-0.030000000000001137,2637,47088
2017-02-15,98.935,98.935,98.89,98.905,-0.030000000000001137,5617,47716
2017-02-16,98.895,98.92,98.895,98.915,0.010000000000005116,8126,48132
2017-02-17,98.92,98.945,98.915,98.93,0.015000000000000568,6433,47676
2017-02-21,98.94,98.94,98.905,98.915,-0.015000000000000568,3427,48533
2017-02-22,98.905,98.945,98.905,98.925,0.009999999999990905,6983,48552
2017-02-23,98.92,98.95,98.92,98.935,0.010000000000005116,4938,50289
2017-02-24,98.945,98.97,98.94,98.955,0.01999999999999602,13666,55166
2017-02-27,98.95,98.95,98.905,98.915,-0.03999999999999204,2460,55193
2017-02-28,98.925,98.93,98.86,98.91,-0.005000000000009663,2732,54369
2017-03-01,98.845,98.865,98.84,98.86,-0.04999999999999716,8136,56421
2017-03-02,98.855,98.855,98.8,98.815,-0.045000000000001705,23556,60087
2017-03-03,98.825,98.835,98.81,98.83,0.015000000000000568,16049,62471
2017-03-06,98.83,98.845,98.83,98.84,0.010000000000005116,3161,62807
2017-03-07,98.845,98.85,98.825,98.84,0,4305,62653
2017-03-08,98.83,98.835,98.795,98.82,-0.020000000000010232,6419,64245
2017-03-09,98.815,98.815,98.795,98.8,-0.01999999999999602,5392,63965
2017-03-10,98.8,98.815,98.785,98.795,-0.0049999999999954525,9739,64088
2017-03-13,98.785,98.79,98.775,98.785,-0.010000000000005116,7375,67457
2017-03-14,98.78,98.79,98.78,98.785,0,6146,69841
2017-03-15,98.785,98.83,98.765,98.815,0.030000000000001137,18860,74154
2017-03-16,98.815,98.82,98.785,98.795,-0.01999999999999602,12974,77113
2017-03-17,98.79,98.8,98.785,98.795,0,15870,74593
2017-03-20,98.795,98.81,98.785,98.795,0,15360,80887
2017-03-21,98.805,98.81,98.78,98.8,0.0049999999999954525,22175,90355
2017-03-22,98.81,98.825,98.805,98.815,0.015000000000000568,17303,93673
2017-03-23,98.82,98.825,98.805,98.82,0.0049999999999954525,14626,95965
2017-03-24,98.815,98.82,98.805,98.815,-0.0049999999999954525,4567,95763
2017-03-27,98.81,98.835,98.81,98.83,0.015000000000000568,7897,94654
2017-03-28,98.83,98.84,98.815,98.82,-0.010000000000005116,6034,94759
2017-03-29,98.82,98.825,98.815,98.82,0,12507,96439
2017-03-30,98.815,98.82,98.79,98.805,-0.014999999999986358,7401,96888
2017-03-31,98.8,98.8,98.785,98.79,-0.015000000000000568,11600,96708
2017-04-03,98.79,98.81,98.785,98.8,0.009999999999990905,18143,96196
2017-04-04,98.805,98.815,98.795,98.805,0.005000000000009663,13474,98720
2017-04-05,98.8,98.81,98.78,98.8,-0.005000000000009663,19422,103173
2017-04-06,98.8,98.805,98.78,98.79,-0.009999999999990905,8554,104471
2017-04-07,98.785,98.825,98.775,98.78,-0.010000000000005116,29126,110704
2017-04-10,98.78,98.81,98.775,98.795,0.015000000000000568,20249,112729
2017-04-11,98.79,98.82,98.79,98.82,0.024999999999991473,12664,114586
2017-04-12,98.815,98.845,98.815,98.82,0,21778,121631
2017-04-13,98.84,98.845,98.825,98.835,0.015000000000000568,14755,120046
2017-04-17,98.87,98.875,98.845,98.86,0.025000000000005684,10203,123927
2017-04-18,98.855,98.895,98.855,98.885,0.025000000000005684,13506,122351
2017-04-19,98.895,98.895,98.87,98.885,0,15592,121352
2017-04-20,98.875,98.875,98.845,98.85,-0.0350000000000108,11052,122484
2017-04-21,98.845,98.87,98.845,98.865,0.015000000000000568,27120,124433
2017-04-24,98.84,98.84,98.785,98.805,-0.05999999999998806,15582,125204
2017-04-25,98.805,98.805,98.775,98.78,-0.025000000000005684,11534,125578
2017-04-26,98.775,98.79,98.775,98.785,0.0049999999999954525,15782,126262
2017-04-27,98.785,98.8,98.775,98.79,0.005000000000009663,22668,128440
2017-04-28,98.81,98.81,98.78,98.795,0.0049999999999954525,13776,130510
2017-05-01,98.795,98.8,98.785,98.79,-0.0049999999999954525,6182,132386
2017-05-02,98.8,98.815,98.79,98.81,0.01999999999999602,8976,133874
2017-05-03,98.81,98.81,98.785,98.79,-0.01999999999999602,9089,134778
2017-05-04,98.785,98.79,98.775,98.785,-0.005000000000009663,8348,133651
2017-05-05,98.785,98.795,98.76,98.77,-0.015000000000000568,10933,133259
2017-05-08,98.765,98.77,98.745,98.755,-0.015000000000000568,6415,130310
2017-05-09,98.745,98.75,98.735,98.735,-0.01999999999999602,14290,133106
2017-05-10,98.74,98.755,98.74,98.745,0.010000000000005116,15742,137506
2017-05-11,98.75,98.76,98.745,98.755,0.009999999999990905,11525,139665
2017-05-12,98.76,98.805,98.76,98.8,0.045000000000001705,22915,144502
2017-05-15,98.805,98.815,98.8,98.805,0.005000000000009663,12944,146909
2017-05-16,98.8,98.815,98.795,98.805,0,17569,144812
2017-05-17,98.805,98.865,98.805,98.855,0.04999999999999716,33426,149649
2017-05-18,98.86,98.87,98.815,98.825,-0.030000000000001137,19177,148401
2017-05-19,98.82,98.82,98.8,98.805,-0.01999999999999602,16123,147927
2017-05-22,98.805,98.805,98.79,98.795,-0.010000000000005116,10986,148851
2017-05-23,98.795,98.805,98.78,98.785,-0.010000000000005116,13206,148085
2017-05-24,98.79,98.805,98.78,98.795,0.010000000000005116,14981,151517
2017-05-25,98.805,98.805,98.795,98.795,0,15749,154843
2017-05-26,98.795,98.805,98.795,98.795,0,3396,155577
2017-05-30,98.795,98.8,98.79,98.795,0,10366,158042
2017-05-31,98.795,98.8,98.785,98.8,0.0049999999999954525,23786,169114
2017-06-01,98.795,98.795,98.775,98.78,-0.01999999999999602,15821,169319
2017-06-02,98.775,98.8,98.775,98.785,0.0049999999999954525,34692,171575
2017-06-05,98.775,98.79,98.775,98.785,0,5937,170484
2017-06-06,98.775,98.795,98.775,98.795,0.010000000000005116,10433,173504
2017-06-07,98.795,98.795,98.785,98.79,-0.0049999999999954525,5902,173929
2017-06-08,98.79,98.79,98.78,98.785,-0.005000000000009663,5089,173541
2017-06-09,98.79,98.79,98.775,98.78,-0.0049999999999954525,8044,174861
2017-06-12,98.78,98.785,98.775,98.78,0,11156,176051
2017-06-13,98.78,98.785,98.775,98.78,0,15433,179949
2017-06-14,98.78,98.825,98.78,98.795,0.015000000000000568,84660,205104
2017-06-15,98.795,98.8,98.79,98.795,0,20890,202503
2017-06-16,98.795,98.805,98.79,98.8,0.0049999999999954525,14241,205240
2017-06-19,98.8,98.805,98.795,98.8,0,15968,205701
2017-06-20,98.8,98.805,98.795,98.8,0,11048,204586
2017-06-21,98.8,98.805,98.8,98.8,0,12035,206804
2017-06-22,98.805,98.805,98.8,98.805,0.005000000000009663,12649,212859
2017-06-23,98.805,98.805,98.8,98.805,0,3565,211963
2017-06-26,98.8,98.8,98.795,98.8,-0.005000000000009663,7905,213787
2017-06-27,98.8,98.8,98.79,98.8,0,16256,214496
2017-06-28,98.795,98.8,98.79,98.795,-0.0049999999999954525,10540,210170
2017-06-29,98.795,98.795,98.785,98.795,0,13179,208383
2017-06-30,98.8,98.8,98.79,98.79,-0.0049999999999954525,11926,210293
2017-07-03,98.79,98.795,98.78,98.78,-0.010000000000005116,13336,209042
2017-07-05,98.78,98.795,98.77,98.775,-0.0049999999999954525,18666,210171
2017-07-06,98.78,98.79,98.775,98.785,0.009999999999990905,11518,211816
2017-07-07,98.785,98.8,98.78,98.795,0.010000000000005116,23684,209330
2017-07-10,98.795,98.8,98.795,98.8,0.0049999999999954525,9988,210337
2017-07-11,98.8,98.805,98.795,98.805,0.005000000000009663,27681,214943
2017-07-12,98.8,98.815,98.8,98.805,0,22998,218725
2017-07-13,98.81,98.81,98.8,98.805,0,37043,197589
2017-07-14,98.805,98.82,98.805,98.815,0.009999999999990905,24165,206295
2017-07-17,98.815,98.82,98.81,98.815,0,5068,205291
2017-07-18,98.815,98.82,98.815,98.815,0,12532,207323
2017-07-19,98.815,98.82,98.81,98.81,-0.0049999999999954525,10884,205791
2017-07-20,98.81,98.82,98.81,98.815,0.0049999999999954525,11544,205849
2017-07-21,98.815,98.82,98.81,98.82,0.0049999999999954525,8731,208345
2017-07-24,98.815,98.815,98.81,98.81,-0.009999999999990905,17114,206898
2017-07-25,98.815,98.815,98.805,98.81,0,15856,204331
2017-07-26,98.815,98.825,98.81,98.825,0.015000000000000568,19636,201907
2017-07-27,98.825,98.83,98.82,98.83,0.0049999999999954525,16095,199527
2017-07-28,98.825,98.825,98.82,98.825,-0.0049999999999954525,69280,216123
2017-07-31,98.825,98.825,98.82,98.825,0,693,215701
2017-08-01,98.825,98.825,98.82,98.825,0,6204,215093
2017-08-02,98.825,98.825,98.82,98.825,0,4482,215036
2017-08-03,98.825,98.83,98.82,98.825,0,16159,217523
2017-08-04,98.825,98.825,98.815,98.825,0,27852,216728
2017-08-07,98.825,98.825,98.82,98.825,0,6124,217143
2017-08-08,98.825,98.825,98.82,98.825,0,8471,219316
2017-08-09,98.825,98.83,98.825,98.825,0,18164,221163
2017-08-10,98.825,98.83,98.825,98.825,0,9725,219906
2017-08-11,98.83,98.84,98.825,98.84,0.015000000000000568,47984,222225
2017-08-14,98.835,98.835,98.83,98.835,-0.005000000000009663,17307,218399
2017-08-15,98.835,98.835,98.825,98.83,-0.0049999999999954525,37233,218254
2017-08-16,98.83,98.835,98.825,98.83,0,22273,214215
2017-08-17,98.83,98.835,98.83,98.83,0,9643,215302
2017-08-18,98.835,98.84,98.835,98.835,0.0049999999999954525,17131,212958
2017-08-21,98.835,98.84,98.835,98.84,0.005000000000009663,10881,214132
2017-08-22,98.835,98.84,98.83,98.835,-0.005000000000009663,18094,210125
2017-08-23,98.835,98.835,98.83,98.835,0,15093,212364
2017-08-24,98.835,98.835,98.83,98.835,0,12241,209846
2017-08-25,98.835,98.835,98.83,98.83,-0.0049999999999954525,17898,210592
2017-08-28,98.83,98.835,98.83,98.83,0,6062,211766
2017-08-29,98.835,98.84,98.83,98.835,0.0049999999999954525,26067,217088
2017-08-30,98.84,98.84,98.835,98.835,0,12346,212589
2017-08-31,98.84,98.84,98.835,98.835,0,4565,213815
2017-09-01,98.835,98.84,98.83,98.835,0,21177,215283
2017-09-05,98.84,98.845,98.835,98.84,0.005000000000009663,23494,213447
2017-09-06,98.845,98.845,98.84,98.84,0,22941,210455
2017-09-07,98.84,98.845,98.84,98.845,0.0049999999999954525,20910,215003
2017-09-08,98.845,98.85,98.84,98.845,0,37418,221134
2017-09-11,98.845,98.845,98.84,98.845,0,24916,221317
2017-09-12,98.84,98.845,98.84,98.845,0,16274,225126
2017-09-13,98.84,98.845,98.84,98.84,-0.0049999999999954525,11180,225210
2017-09-14,98.84,98.84,98.835,98.84,0,20647,218618
2017-09-15,98.835,98.84,98.83,98.84,0,55482,213027
2017-09-18,98.835,98.84,98.835,98.84,0,7211,210257
2017-09-19,98.835,98.84,98.835,98.84,0,14779,212011
2017-09-20,98.835,98.84,98.83,98.84,0,62555,211244
2017-09-21,98.835,98.84,98.835,98.84,0,12668,207632
2017-09-22,98.84,98.84,98.835,98.84,0,4793,207013
2017-09-25,98.84,98.845,98.835,98.845,0.0049999999999954525,37761,206350
2017-09-26,98.845,98.845,98.84,98.845,0,29860,206272
2017-09-27,98.84,98.845,98.84,98.845,0,16695,210740
2017-09-28,98.84,98.845,98.84,98.845,0,13511,212147
2017-09-29,98.84,98.845,98.84,98.84,-0.0049999999999954525,19446,211966
2017-10-02,98.84,98.845,98.84,98.84,0,2360,210672
2017-10-03,98.845,98.845,98.84,98.845,0.0049999999999954525,9706,211172
2017-10-04,98.84,98.845,98.84,98.845,0,9903,212208
2017-10-05,98.845,98.845,98.84,98.845,0,6044,213363
2017-10-06,98.845,98.845,98.84,98.845,0,7353,214667
2017-10-09,98.845,98.845,98.84,98.845,0,2587,214579
2017-10-10,98.845,98.845,98.84,98.845,0,2356,214186
2017-10-11,98.84,98.845,98.84,98.845,0,6405,213737
2017-10-12,98.845,98.845,98.84,98.845,0,1774,213550
2017-10-13,98.845,98.845,98.84,98.845,0,18794,211772
2017-10-16,98.84,98.845,98.84,98.845,0,5210,208929
2017-10-17,98.84,98.845,98.84,98.845,0,4314,208487
2017-10-18,98.84,98.845,98.84,98.845,0,4380,209590
2017-10-19,98.845,98.845,98.84,98.84,-0.0049999999999954525,2432,209424
2017-10-20,98.84,98.84,98.84,98.84,0,3771,207922
2017-10-23,98.84,98.845,98.84,98.84,0,2060,208367
2017-10-24,98.84,98.845,98.84,98.84,0,3109,207444
2017-10-25,98.845,98.845,98.84,98.84,0,3116,207477
2017-10-26,98.845,98.845,98.84,98.84,0,10423,210175
2017-10-27,98.84,98.845,98.84,98.84,0,5117,212466
2017-10-30,98.8425,98.845,98.84,98.8425,0.0024999999999977263,20033,217256
2017-10-31,98.8425,98.8425,98.84,98.8425,0,9166,214394
2017-11-01,98.8425,98.845,98.84,98.8425,0,14574,212829
2017-11-02,98.8425,98.8425,98.8425,98.8425,0,1397,211735
2017-11-03,98.8425,98.845,98.8425,98.8425,0,2479,211883
2017-11-06,98.845,98.845,98.8425,98.8425,0,1074,212214
2017-11-07,98.845,98.845,98.8425,98.8425,0,2125,210813
2017-11-08,98.8425,98.8425,98.8425,98.8425,0,4203,206899
2017-11-09,98.8425,98.8425,98.8425,98.8425,0,1246,206338
2017-11-10,98.845,98.845,98.8425,98.8425,0,1593,205338
2017-11-13,98.8425,98.845,98.8425,98.8425,0,2579,206030
2017-11-14,98.845,98.845,98.8425,98.8425,0,1496,206018
2017-11-15,98.845,98.845,98.8425,98.8425,0,1262,206136
2017-11-16,98.8425,98.845,98.8425,98.8425,0,27931,206411
2017-11-17,98.845,98.845,98.8425,98.8425,0,277,206345
2017-11-20,98.8425,98.845,98.8425,98.8425,0,587,205968
2017-11-21,98.845,98.845,98.8425,98.8425,0,382,205856
2017-11-22,98.845,98.845,98.8425,98.8425,0,4065,205928
2017-11-24,98.845,98.845,98.8425,98.8425,0,443,205712
2017-11-27,98.845,98.845,98.8425,98.8425,0,2423,205408
2017-11-28,98.845,98.845,98.8425,98.8425,0,7681,203741
2017-11-29,98.845,98.845,98.8425,98.8425,0,1904,202551
2017-11-30,98.845,98.845,98.8425,98.8425,0,417,
Downloaded from Barchart.com as of 01-03-2024 10:59am CST