"Symbol: ZQZ21",,,,,,"Study: VOL (LikeMain)",
"Date Time","Open","High","Low","Close","Change","Volume","Open Interest"
2018-12-31,97.85,97.85,97.85,97.85,0,,
2019-01-02,97.87,97.87,97.87,97.87,0.020000000000010232,,
2019-01-03,98.06,98.06,98.06,98.06,0.18999999999999773,,
2019-01-04,97.94,97.94,97.94,97.94,-0.12000000000000455,,
2019-01-07,97.85,97.85,97.85,97.85,-0.09000000000000341,,
2019-01-08,97.75,97.75,97.75,97.75,-0.09999999999999432,,
2019-01-09,97.77,97.77,97.77,97.77,0.01999999999999602,,
2019-01-10,97.76,97.76,97.76,97.76,-0.009999999999990905,,
2019-01-11,97.79,97.79,97.79,97.79,0.030000000000001137,,
2019-01-14,97.795,97.795,97.795,97.795,0.0049999999999954525,,
2019-01-15,97.79,97.79,97.79,97.79,-0.0049999999999954525,,
2019-01-16,97.77,97.77,97.77,97.77,-0.020000000000010232,,
2019-01-17,97.75,97.75,97.75,97.75,-0.01999999999999602,,
2019-01-18,97.685,97.685,97.685,97.685,-0.06499999999999773,,
2019-01-22,97.755,97.755,97.755,97.755,0.06999999999999318,,
2019-01-23,97.735,97.735,97.735,97.735,-0.01999999999999602,,
2019-01-24,97.775,97.775,97.775,97.775,0.04000000000000625,,
2019-01-25,97.725,97.725,97.725,97.725,-0.05000000000001137,,
2019-01-28,97.735,97.735,97.735,97.735,0.010000000000005116,,
2019-01-29,97.755,97.755,97.755,97.755,0.01999999999999602,,
2019-01-30,97.81,97.81,97.81,97.81,0.05500000000000682,,
2019-01-31,97.905,97.905,97.905,97.905,0.09499999999999886,,
2019-02-01,97.84,97.84,97.84,97.84,-0.06499999999999773,,
2019-02-04,97.805,97.805,97.805,97.805,-0.03499999999999659,,
2019-02-05,97.815,97.815,97.815,97.815,0.009999999999990905,,
2019-02-06,97.825,97.825,97.825,97.825,0.010000000000005116,,
2019-02-07,97.875,97.875,97.875,97.875,0.04999999999999716,,
2019-02-08,97.9,97.9,97.9,97.9,0.025000000000005684,,
2019-02-11,97.865,97.865,97.865,97.865,-0.0350000000000108,,
2019-02-12,97.845,97.845,97.845,97.845,-0.01999999999999602,,
2019-02-13,97.795,97.795,97.795,97.795,-0.04999999999999716,,
2019-02-14,97.84,97.84,97.84,97.84,0.045000000000001705,,
2019-02-15,97.825,97.825,97.825,97.825,-0.015000000000000568,,
2019-02-19,97.83,97.83,97.83,97.83,0.0049999999999954525,,
2019-02-20,97.83,97.83,97.83,97.83,0,,
2019-02-21,97.81,97.81,97.81,97.81,-0.01999999999999602,,
2019-02-22,97.86,97.86,97.86,97.86,0.04999999999999716,,
2019-02-25,97.85,97.85,97.85,97.85,-0.010000000000005116,,
2019-02-26,97.885,97.885,97.885,97.885,0.0350000000000108,,
2019-02-27,97.86,97.86,97.86,97.86,-0.025000000000005684,,
2019-02-28,97.825,97.825,97.825,97.825,-0.03499999999999659,,
2019-03-01,97.755,97.755,97.755,97.755,-0.07000000000000739,,
2019-03-04,97.77,97.77,97.77,97.77,0.015000000000000568,,
2019-03-05,97.745,97.745,97.745,97.745,-0.024999999999991473,,
2019-03-06,97.775,97.775,97.775,97.775,0.030000000000001137,,
2019-03-07,97.85,97.85,97.85,97.85,0.07499999999998863,,
2019-03-08,97.86,97.86,97.86,97.86,0.010000000000005116,,
2019-03-11,97.845,97.845,97.845,97.845,-0.015000000000000568,,
2019-03-12,97.885,97.885,97.885,97.885,0.04000000000000625,,
2019-03-13,97.89,97.89,97.89,97.89,0.0049999999999954525,,
2019-03-14,97.885,97.885,97.885,97.885,-0.0049999999999954525,,
2019-03-15,97.92,97.92,97.92,97.92,0.03499999999999659,,
2019-03-18,97.91,97.91,97.91,97.91,-0.010000000000005116,,
2019-03-19,97.905,97.905,97.905,97.905,-0.0049999999999954525,,
2019-03-20,98,98,98,98,0.09499999999999886,,
2019-03-21,98.005,98.005,98.005,98.005,0.0049999999999954525,,
2019-03-22,98.135,98.135,98.135,98.135,0.13000000000000966,,
2019-03-25,98.245,98.245,98.245,98.245,0.10999999999999943,,
2019-03-26,98.225,98.225,98.225,98.225,-0.020000000000010232,,
2019-03-27,98.27,98.27,98.27,98.27,0.045000000000001705,,
2019-03-28,98.23,98.23,98.23,98.23,-0.03999999999999204,,
2019-03-29,98.14,98.14,98.14,98.14,-0.09000000000000341,,
2019-04-01,98.065,98.065,98.065,98.065,-0.07500000000000284,,
2019-04-02,98.085,98.085,98.085,98.085,0.01999999999999602,,
2019-04-03,98.06,98.06,98.06,98.06,-0.024999999999991473,,
2019-04-04,98.055,98.055,98.055,98.055,-0.0049999999999954525,,
2019-04-05,98.05,98.05,98.05,98.05,-0.005000000000009663,,
2019-04-08,98.035,98.035,98.035,98.035,-0.015000000000000568,,
2019-04-09,98.06,98.06,98.06,98.06,0.025000000000005684,,
2019-04-10,98.08,98.08,98.08,98.08,0.01999999999999602,,
2019-04-11,98.045,98.045,98.045,98.045,-0.03499999999999659,,
2019-04-12,97.98,97.98,97.98,97.98,-0.06499999999999773,,
2019-04-15,97.975,97.975,97.975,97.975,-0.005000000000009663,,
2019-04-16,97.95,97.95,97.95,97.95,-0.024999999999991473,,
2019-04-17,97.965,97.965,97.965,97.965,0.015000000000000568,,
2019-04-18,97.985,97.985,97.985,97.985,0.01999999999999602,,
2019-04-22,97.985,97.985,97.985,97.985,0,,
2019-04-23,98.01,98.01,98.01,98.01,0.025000000000005684,,
2019-04-24,98.06,98.06,98.06,98.06,0.04999999999999716,,
2019-04-25,98.045,98.045,98.045,98.045,-0.015000000000000568,,
2019-04-26,98.095,98.095,98.095,98.095,0.04999999999999716,,
2019-04-29,98.08,98.08,98.08,98.08,-0.015000000000000568,,
2019-04-30,98.105,98.105,98.105,98.105,0.025000000000005684,,
2019-05-01,98.065,98.065,98.065,98.065,-0.04000000000000625,,
2019-05-02,98,98,98,98,-0.06499999999999773,,
2019-05-03,98.005,98.005,98.005,98.005,0.0049999999999954525,,
2019-05-06,98.045,98.045,98.045,98.045,0.04000000000000625,,
2019-05-07,98.1,98.1,98.1,98.1,0.05499999999999261,,
2019-05-08,98.075,98.075,98.075,98.075,-0.024999999999991473,,
2019-05-09,98.105,98.105,98.105,98.105,0.030000000000001137,,
2019-05-10,98.12,98.12,98.12,98.12,0.015000000000000568,,
2019-05-13,98.2,98.2,98.2,98.2,0.0799999999999983,,
2019-05-14,98.19,98.19,98.19,98.19,-0.010000000000005116,,
2019-05-15,98.245,98.245,98.245,98.245,0.05500000000000682,,
2019-05-16,98.2,98.2,98.2,98.2,-0.045000000000001705,,
2019-05-17,98.205,98.205,98.205,98.205,0.0049999999999954525,,
2019-05-20,98.185,98.185,98.185,98.185,-0.01999999999999602,,
2019-05-21,98.145,98.145,98.145,98.145,-0.04000000000000625,,
2019-05-22,98.18,98.18,98.18,98.18,0.0350000000000108,,
2019-05-23,98.32,98.32,98.32,98.32,0.13999999999998636,,
2019-05-24,98.28,98.28,98.28,98.28,-0.03999999999999204,,
2019-05-28,98.33,98.33,98.33,98.33,0.04999999999999716,,
2019-05-29,98.37,98.37,98.37,98.37,0.04000000000000625,,
2019-05-30,98.39,98.39,98.39,98.39,0.01999999999999602,,
2019-05-31,98.545,98.545,98.545,98.545,0.15500000000000114,,
2019-06-03,98.635,98.635,98.635,98.635,0.09000000000000341,,
2019-06-04,98.57,98.57,98.57,98.57,-0.06500000000001194,,
2019-06-05,98.565,98.565,98.565,98.565,-0.0049999999999954525,,
2019-06-06,98.495,98.495,98.495,98.495,-0.06999999999999318,,
2019-06-07,98.505,98.505,98.505,98.505,0.009999999999990905,,
2019-06-10,98.45,98.45,98.45,98.45,-0.05499999999999261,,
2019-06-11,98.46,98.46,98.46,98.46,0.009999999999990905,,
2019-06-12,98.51,98.51,98.51,98.51,0.05000000000001137,,
2019-06-13,98.585,98.585,98.585,98.585,0.07499999999998863,,
2019-06-14,98.565,98.565,98.565,98.565,-0.01999999999999602,,
2019-06-17,98.56,98.56,98.56,98.56,-0.0049999999999954525,,
2019-06-18,98.555,98.555,98.555,98.555,-0.0049999999999954525,,
2019-06-19,98.66,98.66,98.66,98.66,0.10499999999998977,,
2019-06-20,98.685,98.685,98.685,98.685,0.025000000000005684,,
2019-06-21,98.64,98.64,98.64,98.64,-0.045000000000001705,,
2019-06-24,98.7,98.7,98.7,98.7,0.060000000000002274,,
2019-06-25,98.715,98.715,98.715,98.715,0.015000000000000568,,
2019-06-26,98.64,98.64,98.64,98.64,-0.07500000000000284,,
2019-06-27,98.67,98.67,98.67,98.67,0.030000000000001137,,
2019-06-28,98.65,98.65,98.65,98.65,-0.01999999999999602,,
2019-07-01,98.6,98.6,98.6,98.6,-0.05000000000001137,,
2019-07-02,98.65,98.65,98.65,98.65,0.05000000000001137,,
2019-07-03,98.65,98.65,98.65,98.65,0,,
2019-07-05,98.535,98.535,98.535,98.535,-0.1150000000000091,,
2019-07-08,98.56,98.56,98.56,98.56,0.025000000000005684,,
2019-07-09,98.54,98.54,98.54,98.54,-0.01999999999999602,,
2019-07-10,98.595,98.595,98.595,98.595,0.05499999999999261,,
2019-07-11,98.535,98.535,98.535,98.535,-0.060000000000002274,,
2019-07-12,98.56,98.56,98.56,98.56,0.025000000000005684,,
2019-07-15,98.57,98.57,98.57,98.57,0.009999999999990905,,
2019-07-16,98.54,98.54,98.54,98.54,-0.029999999999986926,,
2019-07-17,98.59,98.59,98.59,98.59,0.04999999999999716,,
2019-07-18,98.675,98.675,98.675,98.675,0.08499999999999375,,
2019-07-19,98.635,98.635,98.635,98.635,-0.03999999999999204,,
2019-07-22,98.65,98.65,98.65,98.65,0.015000000000000568,,
2019-07-23,98.615,98.615,98.615,98.615,-0.0350000000000108,,
2019-07-24,98.625,98.625,98.625,98.625,0.010000000000005116,,
2019-07-25,98.61,98.61,98.61,98.61,-0.015000000000000568,,
2019-07-26,98.585,98.585,98.585,98.585,-0.025000000000005684,,
2019-07-29,98.6,98.6,98.6,98.6,0.015000000000000568,,
2019-07-30,98.595,98.595,98.595,98.595,-0.0049999999999954525,,
2019-07-31,98.545,98.545,98.545,98.545,-0.04999999999999716,,
2019-08-01,98.75,98.75,98.75,98.75,0.2049999999999983,,
2019-08-02,98.76,98.76,98.76,98.76,0.010000000000005116,,
2019-08-05,98.98,98.98,98.98,98.98,0.21999999999999886,,
2019-08-06,98.92,98.92,98.92,98.92,-0.060000000000002274,,
2019-08-07,98.975,98.975,98.975,98.975,0.05499999999999261,,
2019-08-08,98.925,98.925,98.925,98.925,-0.04999999999999716,,
2019-08-09,98.895,98.895,98.895,98.895,-0.030000000000001137,,
2019-08-12,98.97,98.97,98.97,98.97,0.07500000000000284,,
2019-08-13,98.86,98.86,98.86,98.86,-0.10999999999999943,,
2019-08-14,98.95,98.95,98.95,98.95,0.09000000000000341,,
2019-08-15,99.025,99.025,99.025,99.025,0.07500000000000284,,
2019-08-16,99.03,99.03,99.03,99.03,0.0049999999999954525,,
2019-08-19,98.975,98.975,98.975,98.975,-0.05500000000000682,,
2019-08-20,99.02,99.02,99.02,99.02,0.045000000000001705,,
2019-08-21,98.98,98.98,98.98,98.98,-0.03999999999999204,,
2019-08-22,98.93,98.93,98.93,98.93,-0.04999999999999716,,
2019-08-23,99.03,99.03,99.03,99.03,0.09999999999999432,,
2019-08-26,99.01,99.01,99.01,99.01,-0.01999999999999602,,
2019-08-27,99.065,99.065,99.065,99.065,0.05499999999999261,,
2019-08-28,99.1,99.1,99.1,99.1,0.03499999999999659,,
2019-08-29,99.06,99.06,99.06,99.06,-0.03999999999999204,,
2019-08-30,99.095,99.095,99.095,99.095,0.03499999999999659,,
2019-09-03,99.17,99.17,99.17,99.17,0.07500000000000284,,
2019-09-04,99.21,99.21,99.21,99.21,0.03999999999999204,,
2019-09-05,99.08,99.08,99.08,99.08,-0.12999999999999545,,
2019-09-06,99.085,99.085,99.085,99.085,0.0049999999999954525,,
2019-09-09,99.02,99.02,99.02,99.02,-0.06499999999999773,,
2019-09-10,98.91,98.91,98.91,98.91,-0.10999999999999943,,
2019-09-11,98.88,98.88,98.88,98.88,-0.030000000000001137,,
2019-09-12,98.79,98.79,98.79,98.79,-0.0899999999999892,,
2019-09-13,98.715,98.715,98.715,98.715,-0.07500000000000284,,
2019-09-16,98.785,98.785,98.785,98.785,0.06999999999999318,,
2019-09-17,98.805,98.805,98.805,98.805,0.020000000000010232,,
2019-09-18,98.795,98.795,98.795,98.795,-0.010000000000005116,,
2019-09-19,98.83,98.83,98.83,98.83,0.03499999999999659,,
2019-09-20,98.78,98.78,98.78,98.78,-0.04999999999999716,,
2019-09-23,98.84,98.84,98.84,98.84,0.060000000000002274,,
2019-09-24,98.945,98.945,98.945,98.945,0.10499999999998977,,
2019-09-25,98.84,98.84,98.84,98.84,-0.10499999999998977,,
2019-09-26,98.845,98.845,98.845,98.845,0.0049999999999954525,,
2019-09-27,98.86,98.86,98.86,98.86,0.015000000000000568,,
2019-09-30,98.85,98.85,98.85,98.85,-0.010000000000005116,,
2019-10-01,98.92,98.92,98.92,98.92,0.07000000000000739,,
2019-10-02,98.985,98.985,98.985,98.985,0.06499999999999773,,
2019-10-03,99.085,99.085,99.085,99.085,0.09999999999999432,,
2019-10-04,99.065,99.065,99.065,99.065,-0.01999999999999602,,
2019-10-07,98.99,98.99,98.99,98.99,-0.07500000000000284,,
2019-10-08,99.025,99.025,99.025,99.025,0.0350000000000108,,
2019-10-09,98.96,98.96,98.96,98.96,-0.06500000000001194,,
2019-10-10,98.89,98.89,98.89,98.89,-0.06999999999999318,,
2019-10-11,98.765,98.765,98.765,98.765,-0.125,,
2019-10-14,98.785,98.785,98.785,98.785,0.01999999999999602,,
2019-10-15,98.745,98.745,98.745,98.745,-0.03999999999999204,,
2019-10-16,98.795,98.795,98.795,98.795,0.04999999999999716,,
2019-10-17,98.765,98.765,98.765,98.765,-0.030000000000001137,,
2019-10-18,98.79,98.79,98.79,98.79,0.025000000000005684,,
2019-10-21,98.755,98.755,98.755,98.755,-0.0350000000000108,,
2019-10-22,98.78,98.78,98.78,98.78,0.025000000000005684,,
2019-10-23,98.795,98.795,98.795,98.795,0.015000000000000568,,
2019-10-24,98.785,98.785,98.785,98.785,-0.010000000000005116,,
2019-10-25,98.735,98.735,98.735,98.735,-0.04999999999999716,,
2019-10-28,98.7,98.7,98.7,98.7,-0.03499999999999659,,
2019-10-29,98.695,98.695,98.695,98.695,-0.005000000000009663,,
2019-10-30,98.7,98.7,98.7,98.7,0.005000000000009663,,
2019-10-31,98.815,98.815,98.815,98.815,0.11499999999999488,,
2019-11-01,98.755,98.755,98.755,98.755,-0.060000000000002274,,
2019-11-04,98.7,98.7,98.7,98.7,-0.05499999999999261,,
2019-11-05,98.655,98.655,98.655,98.655,-0.045000000000001705,,
2019-11-06,98.685,98.685,98.685,98.685,0.030000000000001137,,
2019-11-07,98.595,98.595,98.595,98.595,-0.09000000000000341,,
2019-11-08,98.6,98.6,98.6,98.6,0.0049999999999954525,,
2019-11-11,98.59,98.59,98.59,98.59,-0.009999999999990905,,
2019-11-12,98.62,98.62,98.62,98.62,0.030000000000001137,,
2019-11-13,98.665,98.665,98.665,98.665,0.045000000000001705,,
2019-11-14,98.71,98.71,98.71,98.71,0.044999999999987494,,
2019-11-15,98.695,98.695,98.695,98.695,-0.015000000000000568,,
2019-11-18,98.725,98.725,98.725,98.725,0.030000000000001137,,
2019-11-19,98.75,98.75,98.75,98.75,0.025000000000005684,,
2019-11-20,98.79,98.79,98.79,98.79,0.04000000000000625,,
2019-11-21,98.77,98.77,98.77,98.77,-0.020000000000010232,,
2019-11-22,98.755,98.755,98.755,98.755,-0.015000000000000568,,
2019-11-25,98.75,98.75,98.75,98.75,-0.0049999999999954525,,
2019-11-26,98.775,98.775,98.775,98.775,0.025000000000005684,,
2019-11-27,98.73,98.73,98.73,98.73,-0.045000000000001705,,
2019-11-29,98.745,98.745,98.745,98.745,0.015000000000000568,,
2019-12-02,98.72,98.72,98.72,98.72,-0.025000000000005684,,
2019-12-03,98.825,98.825,98.825,98.825,0.10500000000000398,,
2019-12-04,98.755,98.755,98.755,98.755,-0.07000000000000739,,
2019-12-05,98.75,98.75,98.75,98.75,-0.0049999999999954525,,
2019-12-06,98.71,98.71,98.71,98.71,-0.04000000000000625,,
2019-12-09,98.695,98.695,98.695,98.695,-0.015000000000000568,,
2019-12-10,98.675,98.675,98.675,98.675,-0.01999999999999602,,
2019-12-11,98.715,98.715,98.715,98.715,0.04000000000000625,,
2019-12-12,98.645,98.645,98.645,98.645,-0.07000000000000739,,
2019-12-13,98.695,98.695,98.695,98.695,0.04999999999999716,,
2019-12-16,98.635,98.635,98.635,98.635,-0.05999999999998806,,
2019-12-17,98.635,98.635,98.635,98.635,0,,
2019-12-18,98.62,98.62,98.62,98.62,-0.015000000000000568,,
2019-12-19,98.635,98.635,98.635,98.635,0.015000000000000568,,
2019-12-20,98.615,98.615,98.615,98.615,-0.020000000000010232,,
2019-12-23,98.59,98.59,98.59,98.59,-0.024999999999991473,,
2019-12-24,98.605,98.605,98.605,98.605,0.015000000000000568,,
2019-12-26,98.605,98.605,98.605,98.605,0,,
2019-12-27,98.635,98.635,98.635,98.635,0.030000000000001137,,
2019-12-30,98.625,98.625,98.625,98.625,-0.010000000000005116,,
2019-12-31,98.62,98.62,98.62,98.62,-0.0049999999999954525,,
2020-01-02,98.63,98.63,98.63,98.63,0.009999999999990905,,
2020-01-03,98.71,98.71,98.71,98.71,0.0799999999999983,,
2020-01-06,98.715,98.715,98.715,98.715,0.005000000000009663,,
2020-01-07,98.71,98.71,98.71,98.71,-0.005000000000009663,,
2020-01-08,98.665,98.665,98.665,98.665,-0.044999999999987494,,
2020-01-09,98.67,98.67,98.67,98.67,0.0049999999999954525,,
2020-01-10,98.675,98.675,98.675,98.675,0.0049999999999954525,,
2020-01-13,98.665,98.665,98.665,98.665,-0.009999999999990905,,
2020-01-14,98.685,98.685,98.685,98.685,0.01999999999999602,,
2020-01-15,98.68,98.68,98.68,98.68,-0.0049999999999954525,,
2020-01-16,98.68,98.68,98.68,98.68,0,,
2020-01-17,98.66,98.66,98.66,98.66,-0.020000000000010232,,
2020-01-21,98.705,98.705,98.705,98.705,0.045000000000001705,,
2020-01-22,98.72,98.72,98.72,98.72,0.015000000000000568,,
2020-01-23,98.74,98.74,98.74,98.74,0.01999999999999602,,
2020-01-24,98.79,98.79,98.79,98.79,0.05000000000001137,,
2020-01-27,98.87,98.87,98.87,98.87,0.0799999999999983,,
2020-01-28,98.835,98.835,98.835,98.835,-0.0350000000000108,,
2020-01-29,98.88,98.88,98.88,98.88,0.045000000000001705,,
2020-01-30,98.925,98.925,98.925,98.925,0.045000000000001705,,
2020-01-31,98.975,98.975,98.975,98.975,0.04999999999999716,,
2020-02-03,98.945,98.945,98.945,98.945,-0.030000000000001137,,
2020-02-04,98.865,98.865,98.865,98.865,-0.0799999999999983,,
2020-02-05,98.825,98.825,98.825,98.825,-0.03999999999999204,,
2020-02-06,98.815,98.815,98.815,98.815,-0.010000000000005116,,
2020-02-07,98.855,98.855,98.855,98.855,0.04000000000000625,,
2020-02-10,98.895,98.895,98.895,98.895,0.03999999999999204,,
2020-02-11,98.86,98.86,98.86,98.86,-0.03499999999999659,,
2020-02-12,98.83,98.83,98.83,98.83,-0.030000000000001137,,
2020-02-13,98.835,98.835,98.835,98.835,0.0049999999999954525,,
2020-02-14,98.87,98.87,98.87,98.87,0.0350000000000108,,
2020-02-18,98.89,98.89,98.89,98.89,0.01999999999999602,,
2020-02-19,98.87,98.87,98.87,98.87,-0.01999999999999602,,
2020-02-20,98.915,98.915,98.915,98.915,0.045000000000001705,,
2020-02-21,98.98,98.98,98.98,98.98,0.06499999999999773,,
2020-02-24,99.07,99.07,99.07,99.07,0.0899999999999892,,
2020-02-25,99.125,99.125,99.125,99.125,0.05500000000000682,,
2020-02-26,99.16,99.16,99.16,99.16,0.03499999999999659,,
2020-02-27,99.225,99.225,99.225,99.225,0.06499999999999773,,
2020-02-28,99.42,99.42,99.42,99.42,0.1950000000000074,,
2020-03-02,99.43,99.43,99.43,99.43,0.010000000000005116,,
2020-03-03,99.495,99.495,99.495,99.495,0.06499999999999773,,
2020-03-04,99.565,99.565,99.565,99.565,0.06999999999999318,,
2020-03-05,99.645,99.645,99.645,99.645,0.0799999999999983,,
2020-03-06,99.725,99.725,99.725,99.725,0.0799999999999983,,
2020-03-09,99.805,99.805,99.805,99.805,0.0800000000000125,,
2020-03-10,99.71,99.71,99.71,99.71,-0.09500000000001307,,
2020-03-11,99.745,99.745,99.745,99.745,0.0350000000000108,,
2020-03-12,99.775,99.775,99.775,99.775,0.030000000000001137,,
2020-03-13,99.765,99.765,99.765,99.765,-0.010000000000005116,,
2020-03-16,99.875,99.88,99.795,99.795,0.030000000000001137,40,25
2020-03-17,99.83,99.845,99.745,99.745,-0.04999999999999716,94,111
2020-03-18,99.755,99.755,99.755,99.755,0.009999999999990905,37,111
2020-03-19,99.74,99.785,99.73,99.785,0.030000000000001137,28,111
2020-03-20,99.815,99.815,99.815,99.815,0.030000000000001137,,111
2020-03-23,99.835,99.835,99.835,99.835,0.01999999999999602,,111
2020-03-24,99.805,99.805,99.805,99.805,-0.029999999999986926,,111
2020-03-25,99.79,99.835,99.78,99.835,0.029999999999986926,14,111
2020-03-26,99.85,99.85,99.85,99.85,0.015000000000000568,,111
2020-03-27,99.865,99.865,99.865,99.865,0.015000000000000568,,111
2020-03-30,99.875,99.875,99.875,99.875,0.010000000000005116,,111
2020-03-31,99.865,99.89,99.865,99.89,0.015000000000000568,2,111
2020-04-01,99.895,99.895,99.895,99.895,0.0049999999999954525,,111
2020-04-02,99.915,99.915,99.89,99.89,-0.0049999999999954525,4,115
2020-04-03,99.895,99.895,99.895,99.895,0.0049999999999954525,,115
2020-04-06,99.88,99.88,99.88,99.88,-0.015000000000000568,,115
2020-04-07,99.845,99.85,99.82,99.85,-0.030000000000001137,53,115
2020-04-08,99.86,99.86,99.855,99.855,0.005000000000009663,1,115
2020-04-09,99.865,99.88,99.865,99.88,0.024999999999991473,21,114
2020-04-13,99.85,99.87,99.85,99.87,-0.009999999999990905,5,114
2020-04-14,99.865,99.865,99.865,99.865,-0.005000000000009663,,114
2020-04-15,99.89,99.89,99.885,99.89,0.025000000000005684,2,113
2020-04-16,99.89,99.895,99.875,99.895,0.0049999999999954525,202,311
2020-04-17,99.86,99.895,99.855,99.895,0,5,312
2020-04-20,99.9,99.9,99.9,99.9,0.005000000000009663,,312
2020-04-21,99.915,99.915,99.91,99.91,0.009999999999990905,4,313
2020-04-22,99.905,99.905,99.905,99.905,-0.0049999999999954525,1,313
2020-04-23,99.9,99.91,99.9,99.91,0.0049999999999954525,6,318
2020-04-24,99.915,99.915,99.915,99.915,0.005000000000009663,,318
2020-04-27,99.91,99.91,99.91,99.91,-0.005000000000009663,,318
2020-04-28,99.91,99.91,99.91,99.91,0,,318
2020-04-29,99.92,99.925,99.915,99.92,0.010000000000005116,9,325
2020-04-30,99.91,99.93,99.91,99.93,0.010000000000005116,1,326
2020-05-01,99.925,99.925,99.925,99.925,-0.005000000000009663,,326
2020-05-04,99.935,99.935,99.935,99.935,0.010000000000005116,,326
2020-05-05,99.935,99.94,99.93,99.94,0.0049999999999954525,14,339
2020-05-06,99.955,99.955,99.955,99.955,0.015000000000000568,,339
2020-05-07,99.96,100.025,99.96,100.01,0.05500000000000682,31,358
2020-05-08,100.015,100.06,100.005,100.005,-0.005000000000009663,423,524
2020-05-11,100,100.02,100,100,-0.0049999999999954525,16,540
2020-05-12,100.005,100.02,100,100.02,0.01999999999999602,8,548
2020-05-13,100.035,100.035,100.01,100.02,0,91,547
2020-05-14,100.02,100.025,100.02,100.025,0.005000000000009663,17,547
2020-05-15,100.02,100.02,100.02,100.02,-0.005000000000009663,,547
2020-05-18,100.01,100.015,100,100,-0.01999999999999602,17,534
2020-05-19,99.99,99.99,99.99,99.99,-0.010000000000005116,,534
2020-05-20,99.995,100.005,99.995,100,0.010000000000005116,180,704
2020-05-21,100.005,100.015,100,100,0,99,653
2020-05-22,100.01,100.01,100.01,100.01,0.010000000000005116,,653
2020-05-26,100,100,100,100,-0.010000000000005116,15,650
2020-05-27,100,100,100,100,0,,650
2020-05-28,99.995,100,99.995,99.995,-0.0049999999999954525,17,657
2020-05-29,100.005,100.01,100.005,100.01,0.015000000000000568,14,657
2020-06-01,100.02,100.025,100.02,100.02,0.009999999999990905,,657
2020-06-02,100.015,100.015,100.015,100.015,-0.0049999999999954525,,657
2020-06-03,99.98,99.995,99.98,99.995,-0.01999999999999602,4,661
2020-06-04,99.99,99.99,99.98,99.99,-0.005000000000009663,,661
2020-06-05,99.945,99.965,99.935,99.95,-0.03999999999999204,151,669
2020-06-08,99.955,99.955,99.955,99.955,0.0049999999999954525,,669
2020-06-09,99.965,99.965,99.965,99.965,0.010000000000005116,,669
2020-06-10,99.955,100,99.95,99.985,0.01999999999999602,22,661
2020-06-11,100,100.005,100,100,0.015000000000000568,963,1587
2020-06-12,99.99,99.99,99.99,99.99,-0.010000000000005116,,1587
2020-06-15,100,100,99.995,99.995,0.005000000000009663,49,1626
2020-06-16,99.99,99.995,99.99,99.99,-0.005000000000009663,42,1627
2020-06-17,99.995,99.995,99.995,99.995,0.005000000000009663,17,1643
2020-06-18,100.005,100.005,99.995,99.995,0,6,1646
2020-06-19,100,100,100,100,0.0049999999999954525,5,1651
2020-06-22,100.005,100.005,100.005,100.005,0.0049999999999954525,952,2543
2020-06-23,99.995,100,99.995,100,-0.0049999999999954525,52,2543
2020-06-24,99.995,100.005,99.995,100,0,13,2544
2020-06-25,100.005,100.005,100,100.005,0.0049999999999954525,76,2544
2020-06-26,100.005,100.01,100.005,100.01,0.005000000000009663,143,2566
2020-06-29,100.01,100.015,100.01,100.015,0.0049999999999954525,888,3451
2020-06-30,100.015,100.02,100.015,100.015,0,1434,4405
2020-07-01,100.015,100.015,100.01,100.01,-0.0049999999999954525,205,4475
2020-07-02,100.005,100.02,100.005,100.015,0.0049999999999954525,28,4459
2020-07-06,100.01,100.015,100.01,100.01,-0.0049999999999954525,154,4552
2020-07-07,100.015,100.015,100.01,100.015,0.0049999999999954525,106,4448
2020-07-08,100.015,100.025,100.015,100.02,0.0049999999999954525,70,4428
2020-07-09,100.03,100.03,100.025,100.025,0.005000000000009663,305,4337
2020-07-10,100.035,100.045,100.03,100.03,0.0049999999999954525,81,4337
2020-07-13,100.025,100.025,100.02,100.02,-0.010000000000005116,629,4984
2020-07-14,100.03,100.03,100.025,100.025,0.005000000000009663,180,4337
2020-07-15,100.025,100.025,100.015,100.015,-0.010000000000005116,104,4385
2020-07-16,100.015,100.025,100.015,100.02,0.0049999999999954525,239,4385
2020-07-17,100.015,100.015,100.015,100.015,-0.0049999999999954525,49,4232
2020-07-20,100.02,100.02,100.015,100.015,0,247,4232
2020-07-21,100.025,100.025,100.02,100.02,0.0049999999999954525,26,4232
2020-07-22,100.02,100.02,100.02,100.02,0,80,4232
2020-07-23,100.02,100.02,100.02,100.02,0,15,4232
2020-07-24,100.02,100.025,100.015,100.015,-0.0049999999999954525,137,4232
2020-07-27,100.02,100.02,100.005,100.01,-0.0049999999999954525,2,4233
2020-07-28,100.005,100.015,100.005,100.01,0,189,4418
2020-07-29,100.01,100.015,100.01,100.015,0.0049999999999954525,13,4405
2020-07-30,100.02,100.025,100.02,100.025,0.010000000000005116,56,4420
2020-07-31,100.02,100.035,100.02,100.03,0.0049999999999954525,52,4420
2020-08-03,100.03,100.03,100.02,100.025,-0.0049999999999954525,596,4424
2020-08-04,100.025,100.025,100.025,100.025,0,6,4423
2020-08-05,100.015,100.015,100.01,100.015,-0.010000000000005116,85,4443
2020-08-06,100.015,100.015,100.005,100.015,0,216,4549
2020-08-07,100.005,100.005,99.985,100,-0.015000000000000568,301,4590
2020-08-10,99.99,99.99,99.985,99.99,-0.010000000000005116,100,4578
2020-08-11,99.98,99.98,99.97,99.97,-0.01999999999999602,264,4558
2020-08-12,99.965,99.975,99.965,99.97,0,103,4558
2020-08-13,99.965,99.97,99.965,99.97,0,300,4511
2020-08-14,99.97,99.97,99.965,99.965,-0.0049999999999954525,5,4511
2020-08-17,99.97,99.97,99.97,99.97,0.0049999999999954525,12,4511
2020-08-18,99.975,99.98,99.975,99.975,0.0049999999999954525,180,4661
2020-08-19,99.98,99.98,99.975,99.98,0.005000000000009663,108,4681
2020-08-20,99.985,99.985,99.98,99.985,0.0049999999999954525,181,4730
2020-08-21,99.98,99.985,99.975,99.98,-0.0049999999999954525,348,4708
2020-08-24,99.98,99.98,99.975,99.975,-0.005000000000009663,216,4824
2020-08-25,99.97,99.97,99.965,99.965,-0.009999999999990905,226,4881
2020-08-26,99.96,99.965,99.955,99.96,-0.005000000000009663,1261,5588
2020-08-27,99.97,99.97,99.95,99.955,-0.0049999999999954525,510,6014
2020-08-28,99.96,99.975,99.96,99.97,0.015000000000000568,237,5894
2020-08-31,99.97,99.975,99.97,99.97,0,5,5896
2020-09-01,99.97,99.975,99.965,99.975,0.0049999999999954525,191,5901
2020-09-02,99.97,99.975,99.97,99.97,-0.0049999999999954525,82,5944
2020-09-03,99.97,99.985,99.97,99.98,0.010000000000005116,68,5941
2020-09-04,99.985,99.99,99.96,99.965,-0.015000000000000568,178,5934
2020-09-08,99.97,99.975,99.97,99.97,0.0049999999999954525,89,5934
2020-09-09,99.97,99.975,99.97,99.97,0,374,5934
2020-09-10,99.97,99.975,99.97,99.975,0.0049999999999954525,19,5933
2020-09-11,99.985,99.99,99.985,99.99,0.015000000000000568,114,5933
2020-09-14,99.99,99.99,99.985,99.985,-0.0049999999999954525,187,5990
2020-09-15,99.985,99.985,99.975,99.98,-0.0049999999999954525,424,6117
2020-09-16,99.98,99.98,99.97,99.97,-0.010000000000005116,282,6202
2020-09-17,99.975,99.985,99.975,99.975,0.0049999999999954525,92,6250
2020-09-18,99.97,99.97,99.965,99.97,-0.0049999999999954525,650,5929
2020-09-21,99.975,99.98,99.97,99.97,0,152,5960
2020-09-22,99.975,99.98,99.97,99.975,0.0049999999999954525,252,5960
2020-09-23,99.975,99.975,99.97,99.97,-0.0049999999999954525,129,5923
2020-09-24,99.97,99.97,99.97,99.97,0,4,5924
2020-09-25,99.97,99.97,99.97,99.97,0,25,5924
2020-09-28,99.97,99.97,99.965,99.97,0,273,6025
2020-09-29,99.97,99.97,99.97,99.97,0,175,6012
2020-09-30,99.97,99.975,99.965,99.97,0,310,5929
2020-10-01,99.97,99.97,99.965,99.965,-0.0049999999999954525,85,5947
2020-10-02,99.965,99.97,99.96,99.965,0,2612,7837
2020-10-05,99.965,99.965,99.95,99.955,-0.010000000000005116,183,7837
2020-10-06,99.955,99.955,99.95,99.955,0,1422,8120
2020-10-07,99.95,99.955,99.945,99.95,-0.0049999999999954525,816,8442
2020-10-08,99.945,99.95,99.945,99.945,-0.005000000000009663,203,8332
2020-10-09,99.945,99.945,99.945,99.945,0,69,9457
2020-10-12,99.945,99.945,99.945,99.945,0,9,8396
2020-10-13,99.95,99.96,99.95,99.95,0.005000000000009663,823,8483
2020-10-14,99.955,99.955,99.955,99.955,0.0049999999999954525,4,8483
2020-10-15,99.955,99.955,99.955,99.955,0,14,8494
2020-10-16,99.95,99.955,99.95,99.955,0,635,8770
2020-10-19,99.945,99.955,99.945,99.955,0,39,8760
2020-10-20,99.95,99.955,99.95,99.955,0,49,8732
2020-10-21,99.95,99.95,99.95,99.95,-0.0049999999999954525,536,8660
2020-10-22,99.945,99.945,99.94,99.945,-0.005000000000009663,508,8707
2020-10-23,99.94,99.945,99.94,99.945,0,241,8733
2020-10-26,99.945,99.95,99.945,99.95,0.005000000000009663,85,8711
2020-10-27,99.95,99.95,99.95,99.95,0,25,8699
2020-10-28,99.955,99.955,99.95,99.95,0,227,8657
2020-10-29,99.95,99.955,99.95,99.955,0.0049999999999954525,60,8635
2020-10-30,99.95,99.955,99.95,99.955,0,371,8668
2020-11-02,99.95,99.955,99.95,99.95,-0.0049999999999954525,222,8668
2020-11-03,99.955,99.955,99.94,99.945,-0.005000000000009663,1594,9600
2020-11-04,99.96,99.96,99.95,99.955,0.010000000000005116,457,9615
2020-11-05,99.96,99.96,99.95,99.95,-0.0049999999999954525,661,9992
2020-11-06,99.95,99.95,99.94,99.94,-0.010000000000005116,125,10005
2020-11-09,99.945,99.95,99.915,99.92,-0.01999999999999602,4291,12164
2020-11-10,99.925,99.93,99.92,99.925,0.0049999999999954525,735,12378
2020-11-11,99.92,99.925,99.92,99.925,0,93,12357
2020-11-12,99.93,99.935,99.93,99.93,0.005000000000009663,439,12555
2020-11-13,99.93,99.935,99.93,99.93,0,439,12389
2020-11-16,99.93,99.93,99.925,99.93,0,59,12387
2020-11-17,99.93,99.935,99.925,99.93,0,398,12023
2020-11-18,99.93,99.93,99.925,99.93,0,788,12222
2020-11-19,99.93,99.93,99.925,99.93,0,1438,11751
2020-11-20,99.93,99.935,99.93,99.93,0,2470,11844
2020-11-23,99.935,99.935,99.925,99.925,-0.005000000000009663,218,11720
2020-11-24,99.93,99.93,99.925,99.925,0,255,11876
2020-11-25,99.925,99.93,99.925,99.925,0,1735,12426
2020-11-27,99.93,99.93,99.925,99.925,0,81,12434
2020-11-30,99.93,99.935,99.925,99.925,0,2190,13358
2020-12-01,99.93,99.93,99.92,99.92,-0.0049999999999954525,5803,13379
2020-12-02,99.925,99.925,99.915,99.915,-0.0049999999999954525,377,13331
2020-12-03,99.915,99.92,99.915,99.92,0.0049999999999954525,4104,12271
2020-12-04,99.92,99.92,99.915,99.915,-0.0049999999999954525,1398,12224
2020-12-07,99.915,99.925,99.915,99.92,0.0049999999999954525,2692,13575
2020-12-08,99.915,99.915,99.905,99.91,-0.010000000000005116,2194,14541
2020-12-09,99.905,99.91,99.9,99.91,0,4597,15058
2020-12-10,99.905,99.91,99.905,99.91,0,1063,15281
2020-12-11,99.91,99.92,99.91,99.915,0.005000000000009663,3083,14928
2020-12-14,99.915,99.92,99.91,99.915,0,827,15108
2020-12-15,99.915,99.92,99.915,99.915,0,1693,15215
2020-12-16,99.92,99.92,99.915,99.915,0,2191,16036
2020-12-17,99.92,99.92,99.915,99.915,0,941,15867
2020-12-18,99.92,99.92,99.915,99.92,0.0049999999999954525,344,15854
2020-12-21,99.925,99.925,99.92,99.92,0,2939,17149
2020-12-22,99.92,99.92,99.92,99.92,0,378,17279
2020-12-23,99.92,99.925,99.92,99.92,0,1190,18012
2020-12-24,99.92,99.92,99.92,99.92,0,49,17997
2020-12-28,99.915,99.92,99.915,99.915,-0.0049999999999954525,17,18005
2020-12-29,99.92,99.92,99.915,99.915,0,376,18045
2020-12-30,99.915,99.92,99.915,99.915,0,84,18021
2020-12-31,99.92,99.925,99.92,99.92,0.0049999999999954525,66,17984
2021-01-04,99.925,99.93,99.92,99.925,0.0049999999999954525,2319,18412
2021-01-05,99.925,99.935,99.925,99.93,0.005000000000009663,2431,19326
2021-01-06,99.93,99.93,99.92,99.92,-0.010000000000005116,2416,19244
2021-01-07,99.92,99.92,99.915,99.915,-0.0049999999999954525,1076,19548
2021-01-08,99.925,99.925,99.915,99.92,0.0049999999999954525,3928,18775
2021-01-11,99.925,99.925,99.92,99.92,0,519,18884
2021-01-12,99.92,99.925,99.915,99.915,-0.0049999999999954525,1792,19719
2021-01-13,99.92,99.92,99.915,99.92,0.0049999999999954525,1319,19597
2021-01-14,99.92,99.925,99.915,99.925,0.0049999999999954525,2784,20319
2021-01-15,99.93,99.935,99.93,99.93,0.005000000000009663,657,20020
2021-01-19,99.93,99.93,99.925,99.93,0,600,20364
2021-01-20,99.93,99.935,99.93,99.93,0,567,20580
2021-01-21,99.93,99.935,99.925,99.93,0,586,20465
2021-01-22,99.935,99.935,99.93,99.93,0,337,20419
2021-01-25,99.935,99.935,99.93,99.93,0,2060,20566
2021-01-26,99.935,99.935,99.925,99.925,-0.005000000000009663,3514,20582
2021-01-27,99.93,99.93,99.925,99.925,0,9330,26754
2021-01-28,99.925,99.925,99.92,99.92,-0.0049999999999954525,5563,27236
2021-01-29,99.925,99.925,99.92,99.92,0,3725,26085
2021-02-01,99.925,99.925,99.92,99.92,0,2100,26750
2021-02-02,99.92,99.92,99.92,99.92,0,3414,28064
2021-02-03,99.92,99.925,99.92,99.925,0.0049999999999954525,1003,28349
2021-02-04,99.925,99.925,99.92,99.925,0,878,28411
2021-02-05,99.925,99.925,99.92,99.92,-0.0049999999999954525,1026,28343
2021-02-08,99.92,99.92,99.915,99.915,-0.0049999999999954525,1717,28522
2021-02-09,99.92,99.92,99.915,99.915,0,2686,28882
2021-02-10,99.92,99.92,99.915,99.92,0.0049999999999954525,336,28923
2021-02-11,99.92,99.925,99.915,99.915,-0.0049999999999954525,273,28882
2021-02-12,99.92,99.92,99.92,99.92,0.0049999999999954525,518,29271
2021-02-16,99.92,99.925,99.91,99.915,-0.0049999999999954525,1134,29362
2021-02-17,99.915,99.915,99.91,99.91,-0.005000000000009663,2307,29386
2021-02-18,99.91,99.91,99.91,99.91,0,1172,29014
2021-02-19,99.91,99.91,99.905,99.905,-0.0049999999999954525,530,29222
2021-02-22,99.905,99.91,99.905,99.905,0,329,29154
2021-02-23,99.91,99.91,99.905,99.905,0,83,29154
2021-02-24,99.91,99.91,99.905,99.905,0,1769,29861
2021-02-25,99.91,99.91,99.9,99.905,0,5488,28502
2021-02-26,99.91,99.915,99.905,99.905,0,3040,29464
2021-03-01,99.91,99.91,99.9,99.91,0.0049999999999954525,1550,29445
2021-03-02,99.91,99.915,99.91,99.91,0,2060,30679
2021-03-03,99.915,99.915,99.91,99.915,0.005000000000009663,1603,30765
2021-03-04,99.915,99.915,99.91,99.91,-0.005000000000009663,7694,33751
2021-03-05,99.915,99.92,99.905,99.915,0.005000000000009663,4130,33788
2021-03-08,99.915,99.92,99.91,99.915,0,2594,33468
2021-03-09,99.915,99.92,99.91,99.91,-0.005000000000009663,2402,33925
2021-03-10,99.915,99.92,99.91,99.91,0,2221,34263
2021-03-11,99.91,99.915,99.91,99.915,0.005000000000009663,3319,35173
2021-03-12,99.915,99.915,99.91,99.915,0,2794,35169
2021-03-15,99.915,99.915,99.915,99.915,0,1351,35528
2021-03-16,99.915,99.915,99.91,99.91,-0.005000000000009663,1096,35983
2021-03-17,99.915,99.925,99.905,99.92,0.010000000000005116,8412,36509
2021-03-18,99.925,99.925,99.91,99.915,-0.0049999999999954525,3107,36473
2021-03-19,99.915,99.925,99.915,99.92,0.0049999999999954525,1879,36521
2021-03-22,99.925,99.925,99.92,99.92,0,2935,35448
2021-03-23,99.92,99.92,99.915,99.915,-0.0049999999999954525,2031,35007
2021-03-24,99.915,99.92,99.915,99.92,0.0049999999999954525,1034,35131
2021-03-25,99.92,99.92,99.92,99.92,0,2560,36023
2021-03-26,99.925,99.925,99.92,99.925,0.0049999999999954525,726,35952
2021-03-29,99.92,99.92,99.915,99.915,-0.009999999999990905,3183,35830
2021-03-30,99.915,99.915,99.915,99.915,0,1224,35868
2021-03-31,99.915,99.92,99.91,99.915,0,2548,36552
2021-04-01,99.915,99.92,99.915,99.915,0,1203,35885
2021-04-05,99.915,99.92,99.915,99.915,0,1188,35582
2021-04-06,99.92,99.925,99.92,99.92,0.0049999999999954525,1206,35734
2021-04-07,99.925,99.925,99.915,99.915,-0.0049999999999954525,964,35833
2021-04-08,99.915,99.915,99.915,99.915,0,1031,35309
2021-04-09,99.915,99.92,99.915,99.915,0,59,35308
2021-04-12,99.92,99.92,99.915,99.915,0,565,35523
2021-04-13,99.92,99.92,99.915,99.915,0,1412,36100
2021-04-14,99.915,99.915,99.915,99.915,0,800,36267
2021-04-15,99.915,99.92,99.905,99.91,-0.005000000000009663,7706,37317
2021-04-16,99.91,99.91,99.905,99.905,-0.0049999999999954525,421,37081
2021-04-19,99.905,99.91,99.905,99.91,0.0049999999999954525,1501,37575
2021-04-20,99.905,99.905,99.905,99.905,-0.0049999999999954525,589,37597
2021-04-21,99.905,99.905,99.905,99.905,0,85,37590
2021-04-22,99.905,99.905,99.905,99.905,0,429,37232
2021-04-23,99.91,99.91,99.905,99.905,0,204,37299
2021-04-26,99.91,99.91,99.905,99.91,0.0049999999999954525,284,37479
2021-04-27,99.905,99.905,99.905,99.905,-0.0049999999999954525,924,37749
2021-04-28,99.905,99.91,99.9,99.905,0,3806,39055
2021-04-29,99.905,99.91,99.9,99.9,-0.0049999999999954525,1340,38492
2021-04-30,99.905,99.91,99.905,99.905,0.0049999999999954525,3539,38142
2021-05-03,99.905,99.905,99.895,99.9,-0.0049999999999954525,12149,42566
2021-05-04,99.9,99.91,99.9,99.91,0.009999999999990905,11241,42023
2021-05-05,99.91,99.91,99.91,99.91,0,2452,42269
2021-05-06,99.91,99.915,99.91,99.91,0,1351,42288
2021-05-07,99.915,99.92,99.915,99.915,0.005000000000009663,3787,42972
2021-05-10,99.915,99.92,99.915,99.915,0,372,42428
2021-05-11,99.92,99.92,99.915,99.915,0,512,42603
2021-05-12,99.92,99.92,99.915,99.915,0,1405,43063
2021-05-13,99.92,99.92,99.915,99.915,0,2370,43277
2021-05-14,99.925,99.925,99.92,99.92,0.0049999999999954525,151,43227
2021-05-17,99.925,99.925,99.92,99.92,0,941,43742
2021-05-18,99.925,99.925,99.92,99.92,0,612,44026
2021-05-19,99.92,99.925,99.915,99.915,-0.0049999999999954525,1867,43815
2021-05-20,99.915,99.925,99.915,99.92,0.0049999999999954525,901,43766
2021-05-21,99.92,99.92,99.915,99.915,-0.0049999999999954525,2376,43122
2021-05-24,99.92,99.92,99.915,99.915,0,132,43118
2021-05-25,99.915,99.92,99.915,99.92,0.0049999999999954525,89,43077
2021-05-26,99.92,99.92,99.915,99.915,-0.0049999999999954525,12554,49702
2021-05-27,99.92,99.92,99.915,99.915,0,3940,48532
2021-05-28,99.915,99.92,99.915,99.92,0.0049999999999954525,1126,48823
2021-06-01,99.92,99.92,99.915,99.92,0,4019,50632
2021-06-02,99.92,99.92,99.915,99.915,-0.0049999999999954525,9328,55523
2021-06-03,99.92,99.92,99.915,99.915,0,3953,56615
2021-06-04,99.915,99.92,99.915,99.92,0.0049999999999954525,3253,57792
2021-06-07,99.92,99.92,99.92,99.92,0,1486,57566
2021-06-08,99.92,99.92,99.92,99.92,0,2459,58617
2021-06-09,99.92,99.925,99.92,99.92,0,984,58600
2021-06-10,99.92,99.925,99.92,99.92,0,351,58633
2021-06-11,99.92,99.92,99.92,99.92,0,2502,58450
2021-06-14,99.92,99.92,99.915,99.915,-0.0049999999999954525,2483,57337
2021-06-15,99.915,99.915,99.91,99.91,-0.005000000000009663,2447,56552
2021-06-16,99.915,99.92,99.9,99.905,-0.0049999999999954525,7862,56526
2021-06-17,99.905,99.905,99.9,99.9,-0.0049999999999954525,8208,54491
2021-06-18,99.9,99.905,99.9,99.9,0,7107,54246
2021-06-21,99.9,99.9,99.9,99.9,0,7626,53784
2021-06-22,99.9,99.91,99.9,99.91,0.009999999999990905,4441,54211
2021-06-23,99.91,99.91,99.905,99.905,-0.0049999999999954525,904,53947
2021-06-24,99.91,99.91,99.905,99.905,0,74,53926
2021-06-25,99.91,99.91,99.905,99.905,0,5559,52677
2021-06-28,99.91,99.91,99.905,99.905,0,478,52524
2021-06-29,99.91,99.91,99.91,99.91,0.0049999999999954525,780,52100
2021-06-30,99.91,99.91,99.905,99.91,0,1371,51909
2021-07-01,99.91,99.91,99.905,99.905,-0.0049999999999954525,745,52170
2021-07-02,99.905,99.91,99.905,99.91,0.0049999999999954525,534,52185
2021-07-06,99.905,99.91,99.905,99.91,0,4645,53015
2021-07-07,99.91,99.91,99.91,99.91,0,2192,52896
2021-07-08,99.91,99.915,99.91,99.91,0,607,52841
2021-07-09,99.915,99.915,99.91,99.91,0,240,52835
2021-07-12,99.915,99.915,99.91,99.91,0,900,53019
2021-07-13,99.915,99.915,99.91,99.915,0.005000000000009663,7722,53483
2021-07-14,99.915,99.915,99.91,99.91,-0.005000000000009663,1181,53001
2021-07-15,99.915,99.915,99.91,99.915,0.005000000000009663,700,52566
2021-07-16,99.915,99.915,99.91,99.91,-0.005000000000009663,66,52438
2021-07-19,99.915,99.915,99.91,99.915,0.005000000000009663,2587,52450
2021-07-20,99.915,99.915,99.91,99.91,-0.005000000000009663,2607,53681
2021-07-21,99.91,99.915,99.91,99.91,0,4677,55140
2021-07-22,99.915,99.915,99.915,99.915,0.005000000000009663,5442,49640
2021-07-23,99.915,99.915,99.915,99.915,0,4430,50222
2021-07-26,99.915,99.915,99.915,99.915,0,4835,48058
2021-07-27,99.915,99.92,99.915,99.915,0,701,47919
2021-07-28,99.92,99.92,99.915,99.915,0,2995,48976
2021-07-29,99.92,99.92,99.915,99.915,0,9572,49128
2021-07-30,99.92,99.92,99.915,99.915,0,6849,55201
2021-08-02,99.92,99.92,99.915,99.915,0,1829,56083
2021-08-03,99.92,99.92,99.915,99.92,0.0049999999999954525,598,55792
2021-08-04,99.92,99.92,99.915,99.92,0,3598,52230
2021-08-05,99.92,99.92,99.915,99.915,-0.0049999999999954525,490,52096
2021-08-06,99.915,99.92,99.915,99.915,0,1224,52440
2021-08-09,99.915,99.915,99.915,99.915,0,1572,51750
2021-08-10,99.915,99.915,99.915,99.915,0,3418,51057
2021-08-11,99.915,99.915,99.915,99.915,0,5750,53519
2021-08-12,99.915,99.915,99.915,99.915,0,476,53390
2021-08-13,99.91,99.915,99.91,99.915,0,142,53345
2021-08-16,99.915,99.915,99.91,99.91,-0.005000000000009663,93,53302
2021-08-17,99.915,99.915,99.91,99.915,0.005000000000009663,724,53102
2021-08-18,99.915,99.915,99.91,99.915,0,5271,54491
2021-08-19,99.915,99.915,99.91,99.915,0,13966,56249
2021-08-20,99.915,99.915,99.91,99.915,0,3908,54763
2021-08-23,99.915,99.915,99.915,99.915,0,4785,52564
2021-08-24,99.91,99.915,99.91,99.91,-0.005000000000009663,1795,52252
2021-08-25,99.915,99.915,99.91,99.915,0.005000000000009663,1914,52566
2021-08-26,99.915,99.92,99.91,99.915,0,4681,55378
2021-08-27,99.915,99.92,99.915,99.915,0,5559,56352
2021-08-30,99.92,99.92,99.915,99.92,0.0049999999999954525,4632,58075
2021-08-31,99.92,99.925,99.92,99.92,0,4209,57683
2021-09-01,99.92,99.92,99.915,99.92,0,7202,57074
2021-09-02,99.92,99.92,99.92,99.92,0,6585,62023
2021-09-03,99.92,99.925,99.92,99.925,0.0049999999999954525,5069,63043
2021-09-07,99.925,99.925,99.92,99.925,0,1972,64168
2021-09-08,99.925,99.925,99.92,99.925,0,1370,64337
2021-09-09,99.925,99.925,99.92,99.925,0,2999,64584
2021-09-10,99.92,99.925,99.915,99.92,-0.0049999999999954525,7341,63804
2021-09-13,99.92,99.925,99.915,99.92,0,3210,67332
2021-09-14,99.92,99.92,99.915,99.92,0,8920,64951
2021-09-15,99.92,99.925,99.915,99.92,0,19823,74128
2021-09-16,99.915,99.92,99.915,99.92,0,10074,76801
2021-09-17,99.915,99.92,99.915,99.92,0,1341,77000
2021-09-20,99.92,99.92,99.915,99.92,0,3754,75718
2021-09-21,99.92,99.925,99.92,99.92,0,6685,77102
2021-09-22,99.92,99.925,99.915,99.92,0,5830,76910
2021-09-23,99.92,99.925,99.92,99.92,0,1746,77148
2021-09-24,99.92,99.925,99.915,99.92,0,5147,78944
2021-09-27,99.92,99.92,99.92,99.92,0,6473,80892
2021-09-28,99.92,99.92,99.92,99.92,0,5617,82267
2021-09-29,99.92,99.92,99.92,99.92,0,1537,82097
2021-09-30,99.925,99.925,99.92,99.925,0.0049999999999954525,1101,82059
2021-10-01,99.92,99.925,99.92,99.92,-0.0049999999999954525,1346,81847
2021-10-04,99.92,99.925,99.92,99.925,0.0049999999999954525,1323,81427
2021-10-05,99.925,99.925,99.92,99.92,-0.0049999999999954525,2200,81629
2021-10-06,99.925,99.925,99.92,99.92,0,4779,80068
2021-10-07,99.925,99.925,99.925,99.925,0.0049999999999954525,4421,81757
2021-10-08,99.92,99.925,99.92,99.925,0,4587,82898
2021-10-11,99.92,99.925,99.92,99.92,-0.0049999999999954525,1539,83454
2021-10-12,99.92,99.925,99.92,99.92,0,768,83873
2021-10-13,99.925,99.925,99.92,99.92,0,5712,81517
2021-10-14,99.92,99.925,99.92,99.925,0.0049999999999954525,1054,81942
2021-10-15,99.925,99.925,99.92,99.925,0,13453,88100
2021-10-18,99.925,99.925,99.92,99.92,-0.0049999999999954525,3800,88057
2021-10-19,99.92,99.925,99.92,99.925,0.0049999999999954525,2519,87839
2021-10-20,99.925,99.93,99.925,99.925,0,9605,88541
2021-10-21,99.93,99.93,99.92,99.925,0,14070,92019
2021-10-22,99.925,99.93,99.92,99.925,0,9797,90609
2021-10-25,99.925,99.925,99.925,99.925,0,4433,92761
2021-10-26,99.925,99.93,99.925,99.925,0,2211,92621
2021-10-27,99.925,99.93,99.92,99.925,0,8058,93132
2021-10-28,99.925,99.93,99.92,99.925,0,12653,93557
2021-10-29,99.925,99.93,99.92,99.925,0,12420,89636
2021-11-01,99.925,99.93,99.92,99.925,0,13580,89188
2021-11-02,99.925,99.925,99.92,99.925,0,5378,90019
2021-11-03,99.925,99.925,99.92,99.92,-0.0049999999999954525,8768,87034
2021-11-04,99.92,99.925,99.92,99.925,0.0049999999999954525,3981,89068
2021-11-05,99.925,99.925,99.92,99.925,0,3248,90452
2021-11-08,99.92,99.92,99.92,99.92,-0.0049999999999954525,1649,90359
2021-11-09,99.92,99.92,99.92,99.92,0,1579,90747
2021-11-10,99.925,99.925,99.92,99.92,0,2812,90887
2021-11-11,99.92,99.92,99.92,99.92,0,1423,91093
2021-11-12,99.92,99.92,99.92,99.92,0,2793,90508
2021-11-15,99.92,99.92,99.92,99.92,0,13345,84570
2021-11-16,99.92,99.92,99.915,99.92,0,4432,84559
2021-11-17,99.915,99.92,99.915,99.92,0,1714,83541
2021-11-18,99.915,99.92,99.915,99.92,0,2593,84228
2021-11-19,99.915,99.92,99.915,99.92,0,12802,87389
2021-11-22,99.915,99.92,99.915,99.92,0,1600,87434
2021-11-23,99.915,99.92,99.915,99.915,-0.0049999999999954525,3341,86947
2021-11-24,99.915,99.92,99.915,99.92,0.0049999999999954525,2324,86717
2021-11-26,99.92,99.925,99.92,99.92,0,3956,87068
2021-11-29,99.92,99.92,99.9175,99.92,0,5861,88307
2021-11-30,99.92,99.9225,99.9175,99.92,0,8539,85887
2021-12-01,99.92,99.92,99.9175,99.9175,-0.0024999999999977263,10381,87617
2021-12-02,99.92,99.9225,99.92,99.92,0.0024999999999977263,5291,86029
2021-12-03,99.9225,99.9225,99.92,99.92,0,2212,85440
2021-12-06,99.92,99.92,99.92,99.92,0,623,85402
2021-12-07,99.92,99.9225,99.92,99.9225,0.0024999999999977263,1554,84568
2021-12-08,99.92,99.9225,99.9175,99.9175,-0.0049999999999954525,6556,86497
2021-12-09,99.92,99.92,99.9175,99.92,0.0024999999999977263,5164,87671
2021-12-10,99.92,99.92,99.9175,99.9175,-0.0024999999999977263,3271,86752
2021-12-13,99.92,99.92,99.9175,99.92,0.0024999999999977263,1683,87606
2021-12-14,99.9175,99.9175,99.915,99.915,-0.0049999999999954525,8613,86842
2021-12-15,99.9175,99.92,99.915,99.9175,0.0024999999999977263,14218,84081
2021-12-16,99.9175,99.92,99.9175,99.9175,0,761,83929
2021-12-17,99.92,99.92,99.9175,99.9175,0,13433,83585
2021-12-20,99.92,99.9225,99.9175,99.92,0.0024999999999977263,3054,84312
2021-12-21,99.9225,99.9225,99.92,99.92,0,4241,81093
2021-12-22,99.9225,99.9225,99.92,99.92,0,2179,82342
2021-12-23,99.9225,99.9225,99.92,99.9225,0.0024999999999977263,4013,82447
2021-12-27,99.9225,99.9225,99.92,99.9225,0,819,81904
2021-12-28,99.92,99.9225,99.92,99.92,-0.0024999999999977263,63,81899
2021-12-29,99.9225,99.9225,99.92,99.92,0,875,81291
2021-12-30,99.92,99.9225,99.92,99.92,0,930,80955
2021-12-31,99.9225,99.9225,99.92,99.92,0,1,
Downloaded from Barchart.com as of 01-03-2024 10:58am CST